claim_id,Month,Make,Fault,PoliceReportFiled,WitnessPresent,Risk_Score,Risk_Level
1,Dec,Honda,Policy Holder,No,No,0.1145671147356622,Low
2,Jan,Honda,Policy Holder,Yes,No,0.775354791774276,High
3,Oct,Honda,Policy Holder,No,No,0.7519311193662677,High
4,Jun,Toyota,Third Party,Yes,No,0.0029980797447944764,Low
5,Jan,Honda,Third Party,No,No,0.12210223459724663,Low
6,Oct,Honda,Third Party,No,No,0.14375465663535647,Low
7,Feb,Honda,Third Party,No,No,0.1217939497740642,Low
8,Nov,Honda,Policy Holder,No,No,0.7876540305005434,High
9,Dec,Honda,Policy Holder,No,Yes,0.7427852197327771,High
10,Apr,Ford,Policy Holder,No,No,0.7240871696628467,High
11,Mar,Mazda,Policy Holder,No,No,0.8067513619703693,High
12,Mar,Honda,Policy Holder,No,No,0.09340808462324796,Low
13,Jan,Ford,Policy Holder,No,No,0.1932318140983913,Low
14,Jan,Honda,Third Party,No,No,0.06063557465106206,Low
15,Jan,Ford,Policy Holder,No,No,0.0965222714460504,Low
16,Aug,Ford,Policy Holder,No,No,0.1750488739835519,Low
17,Apr,Ford,Policy Holder,No,No,0.856426595378547,High
18,Jul,Chevrolet,Third Party,No,No,0.04565405034405685,Low
19,May,Pontiac,Policy Holder,No,No,0.11653157958261874,Low
20,Apr,Honda,Third Party,No,No,0.00530761696775053,Low
21,Apr,Mazda,Policy Holder,No,No,0.11792890015848848,Low
22,Jan,Chevrolet,Policy Holder,No,No,0.48873135295275083,Medium
23,Aug,Mazda,Policy Holder,No,No,0.09241187356596225,Low
24,Jun,Pontiac,Third Party,No,No,0.003877369577751394,Low
25,Sep,Mazda,Policy Holder,Yes,No,0.7312008113958055,High
26,Mar,Pontiac,Policy Holder,No,No,0.10780039911790802,Low
27,Mar,Honda,Policy Holder,No,No,0.6965181351545705,High
28,May,Accura,Policy Holder,No,No,0.894293793207775,High
29,Jul,Honda,Policy Holder,No,No,0.7245811673957904,High
30,May,Mazda,Policy Holder,No,No,0.6441669286868134,High
31,Mar,Dodge,Policy Holder,No,No,0.2751648542285071,Low
32,Mar,Honda,Policy Holder,No,No,0.7852824932815385,High
33,Mar,Chevrolet,Policy Holder,No,No,0.5801159031631712,Medium
34,Jan,Honda,Third Party,No,No,0.039851323946652424,Low
35,Jan,Ford,Policy Holder,No,No,0.7733645800183373,High
36,Oct,Chevrolet,Third Party,No,No,0.0022559977629719717,Low
37,Oct,Honda,Third Party,No,No,0.02928249992123275,Low
38,Sep,Mazda,Policy Holder,No,No,0.6419832396565304,High
39,Nov,Honda,Policy Holder,No,No,0.5846129319482414,Medium
40,Nov,Toyota,Policy Holder,No,No,0.4601065169583886,Medium
41,Mar,Chevrolet,Policy Holder,No,No,0.6427425127200583,High
42,Mar,Pontiac,Policy Holder,No,No,0.7928385287866685,High
43,Jul,Toyota,Policy Holder,No,No,0.09973143457780398,Low
44,Jan,Honda,Policy Holder,No,No,0.5427846619256043,Medium
45,Jan,Toyota,Third Party,No,No,0.0421199427539513,Low
46,Feb,Pontiac,Third Party,No,No,0.06994170857716281,Low
47,Feb,Pontiac,Third Party,No,No,0.01147807202885694,Low
48,Nov,Mazda,Policy Holder,No,No,0.08461507608866435,Low
49,Apr,Chevrolet,Policy Holder,No,No,0.1457125769424369,Low
50,Apr,Pontiac,Policy Holder,No,No,0.4630479944992824,Medium
51,May,Pontiac,Policy Holder,No,No,0.1504744905104103,Low
52,Jun,Pontiac,Policy Holder,No,No,0.8521167514534937,High
53,Jul,Honda,Policy Holder,No,No,0.8056667440409178,High
54,Jul,Honda,Policy Holder,No,No,0.46242755987135514,Medium
55,Jun,Pontiac,Policy Holder,No,No,0.6379074790064809,High
56,Dec,Mazda,Third Party,No,No,0.03637031730501945,Low
57,Jun,Honda,Policy Holder,No,No,0.7411410746262059,High
58,Nov,Accura,Policy Holder,No,No,0.5399344898533812,Medium
59,May,Honda,Policy Holder,No,No,0.23009922412296346,Low
60,May,Chevrolet,Policy Holder,No,No,0.60292319702112,High
61,Nov,Toyota,Policy Holder,No,No,0.7127476767590345,High
62,Sep,Pontiac,Policy Holder,No,No,0.5319338737071274,Medium
63,Nov,Honda,Third Party,No,No,0.07606501679071144,Low
64,Feb,Toyota,Policy Holder,No,No,0.11062311345045474,Low
65,Dec,Pontiac,Policy Holder,No,No,0.5125519986173189,Medium
66,Dec,Mazda,Policy Holder,No,No,0.5982685722703837,Medium
67,Mar,Mercury,Third Party,No,No,0.09213638774953826,Low
68,Aug,Mazda,Policy Holder,No,No,0.0813092623343472,Low
69,Jan,Toyota,Policy Holder,No,No,0.6076950944070646,High
70,Jan,Honda,Policy Holder,No,No,0.08467283167255397,Low
71,Jan,Honda,Policy Holder,No,No,0.5810168424479526,Medium
72,Jan,Mazda,Policy Holder,No,No,0.5918171579529573,Medium
73,Sep,Chevrolet,Third Party,No,No,0.018799802460121588,Low
74,Jan,Honda,Third Party,No,No,0.026489447321247535,Low
75,Apr,Mazda,Third Party,No,No,0.03687951068297045,Low
76,Aug,Ford,Third Party,No,No,0.08928850008317556,Low
77,Oct,Chevrolet,Third Party,No,No,0.0654710711713116,Low
78,Feb,Honda,Third Party,No,No,0.08421100470341963,Low
79,Feb,Jaguar,Policy Holder,No,No,0.17364256337126183,Low
80,Feb,Toyota,Third Party,No,No,0.05756001061038101,Low
81,Jan,Pontiac,Policy Holder,No,No,0.12162657453934751,Low
82,Jan,Mazda,Third Party,No,No,0.0034261379282112038,Low
83,Dec,Chevrolet,Third Party,No,No,0.1014983500932008,Low
84,Nov,Toyota,Policy Holder,No,No,0.048118480672456714,Low
85,Dec,Honda,Policy Holder,No,No,0.06544805741443832,Low
86,Dec,Chevrolet,Policy Holder,No,No,0.19373004255836318,Low
87,May,Toyota,Policy Holder,No,No,0.6885755012651839,High
88,May,Mazda,Third Party,No,No,0.19519062372678958,Low
89,Oct,Pontiac,Third Party,No,No,0.052665760366891065,Low
90,Oct,Honda,Policy Holder,No,No,0.17360249225321553,Low
91,Oct,Honda,Third Party,No,No,0.07722594159012848,Low
92,Jan,Pontiac,Policy Holder,No,No,0.1351232100894596,Low
93,Jan,Honda,Policy Holder,No,No,0.753266219292608,High
94,Aug,Pontiac,Policy Holder,No,No,0.6813426853369251,High
95,Nov,Honda,Policy Holder,No,No,0.6627779683546219,High
96,May,Honda,Third Party,No,No,0.02763262768911441,Low
97,Nov,Toyota,Policy Holder,No,No,0.5161345733787992,Medium
98,Jan,Toyota,Policy Holder,No,No,0.7279876763355564,High
99,Nov,Pontiac,Third Party,No,No,0.044564976375373655,Low
100,Jan,Pontiac,Policy Holder,No,No,0.7434549992375771,High
101,Nov,Chevrolet,Policy Holder,No,No,0.5489222435738718,Medium
102,Jan,Pontiac,Third Party,No,No,0.05198084084244213,Low
103,Jan,Ford,Policy Holder,Yes,No,0.7244731991133074,High
104,Jan,Mazda,Policy Holder,No,No,0.5911562237694594,Medium
105,Jan,Pontiac,Third Party,No,No,0.05569114709344262,Low
106,Dec,Dodge,Policy Holder,No,No,0.0648953112112477,Low
107,Aug,Mazda,Policy Holder,No,No,0.6647579259242474,High
108,Nov,Pontiac,Third Party,No,No,0.050754142874049,Low
109,Jun,Chevrolet,Policy Holder,No,No,0.6845719614233442,High
110,Mar,Honda,Policy Holder,No,No,0.13815532381704243,Low
111,May,Toyota,Policy Holder,No,No,0.6723406696434738,High
112,May,Pontiac,Policy Holder,No,No,0.7907538037380413,High
113,Nov,Honda,Third Party,No,No,0.038264052696160115,Low
114,Nov,Accura,Policy Holder,No,No,0.601358929378604,High
115,Dec,Chevrolet,Third Party,No,No,0.022313240772682322,Low
116,Dec,Honda,Third Party,No,No,0.20214284764093238,Low
117,Nov,Pontiac,Third Party,No,Yes,0.015392467538302201,Low
118,Aug,Pontiac,Policy Holder,No,No,0.12856607646458917,Low
119,Nov,Mazda,Policy Holder,No,No,0.6728710709382146,High
120,Dec,Honda,Policy Holder,No,No,0.8052683052557759,High
121,Feb,Honda,Policy Holder,No,No,0.8659821005329598,High
122,Oct,Honda,Third Party,No,No,0.10838128537820371,Low
123,Jun,Pontiac,Policy Holder,No,No,0.68425964639314,High
124,Apr,Honda,Policy Holder,No,No,0.5272121124255452,Medium
125,Feb,Toyota,Third Party,No,No,0.07094845670488054,Low
126,Feb,Pontiac,Policy Holder,No,No,0.0743910014738282,Low
127,Jan,Dodge,Policy Holder,Yes,No,0.2892923427914642,Low
128,Jan,Mazda,Policy Holder,No,No,0.13664333362637815,Low
129,Jan,Chevrolet,Third Party,No,Yes,0.005396038088297862,Low
130,Nov,Honda,Policy Holder,No,No,0.35179248842693794,Medium
131,Jul,Pontiac,Policy Holder,No,No,0.547066555230039,Medium
132,Apr,Honda,Third Party,No,No,0.024683435727599613,Low
133,Oct,Pontiac,Third Party,No,No,0.027228620479158805,Low
134,Oct,Ford,Policy Holder,No,No,0.6268707320047514,High
135,Apr,Honda,Policy Holder,No,No,0.6055709867632908,High
136,Mar,Pontiac,Policy Holder,No,No,0.6466877726336506,High
137,Mar,Toyota,Third Party,No,No,0.05157947356532622,Low
138,Feb,Toyota,Policy Holder,No,No,0.7887116837522121,High
139,Dec,Mercury,Policy Holder,No,No,0.7062862923125051,High
140,Oct,Toyota,Policy Holder,No,No,0.733421600900903,High
141,Jul,Honda,Policy Holder,No,No,0.6501976333602273,High
142,Jun,Pontiac,Policy Holder,No,No,0.7436218778136796,High
143,Feb,Chevrolet,Policy Holder,No,No,0.024070114466423306,Low
144,Feb,Toyota,Policy Holder,No,No,0.6037546034078757,High
145,Feb,Toyota,Third Party,No,No,0.0031813012129334093,Low
146,Nov,Mazda,Policy Holder,No,No,0.6332089778593708,High
147,Sep,Mazda,Third Party,No,No,0.004098837806670515,Low
148,Dec,Toyota,Policy Holder,No,No,0.9231888172137886,High
149,Jun,Accura,Policy Holder,No,No,0.7452744196774505,High
150,May,Mazda,Policy Holder,No,No,0.5258262957813231,Medium
151,Jan,Pontiac,Third Party,No,No,0.03555487231590597,Low
152,Jan,Pontiac,Policy Holder,No,No,0.08769885614068619,Low
153,Jan,Pontiac,Third Party,No,No,0.003914361354364974,Low
154,Sep,Honda,Third Party,No,No,0.5346219648491531,Medium
155,Jan,Honda,Third Party,No,No,0.002244906737340184,Low
156,Jan,Accura,Policy Holder,No,No,0.15638679477448353,Low
157,Jan,Mazda,Policy Holder,No,No,0.6518903725654692,High
158,Jan,Chevrolet,Policy Holder,No,No,0.6707878110755453,High
159,Jan,Honda,Policy Holder,No,No,0.07510328827919964,Low
160,Jan,Honda,Policy Holder,No,No,0.09409226384303528,Low
161,Dec,Chevrolet,Policy Holder,No,No,0.7670687161913069,High
162,Jan,Honda,Policy Holder,No,No,0.16238320375829712,Low
163,Jan,Chevrolet,Third Party,No,No,0.003964315999928828,Low
164,Jan,Toyota,Third Party,No,No,0.07702317996785703,Low
165,Jan,Toyota,Third Party,No,No,0.11058429870089771,Low
166,Jan,Toyota,Policy Holder,No,No,0.07712080026464146,Low
167,Jan,Honda,Third Party,No,No,0.038083520897413785,Low
168,Oct,Toyota,Policy Holder,No,No,0.6010546632657279,High
169,May,Nisson,Policy Holder,No,No,0.7191862391191898,High
170,May,Honda,Policy Holder,No,No,0.0746098078772248,Low
171,Mar,Pontiac,Policy Holder,No,No,0.7473027599787607,High
172,Mar,Mazda,Policy Holder,No,No,0.09936005596618609,Low
173,Feb,VW,Policy Holder,No,No,0.309814168466518,Medium
174,Feb,Toyota,Policy Holder,No,No,0.1651911507418651,Low
175,Feb,Honda,Policy Holder,No,No,0.6939649057444343,High
176,Feb,Chevrolet,Policy Holder,No,No,0.7827313723578175,High
177,Feb,Saab,Policy Holder,No,No,0.8316711166427426,High
178,Jan,Honda,Policy Holder,No,No,0.059307514723021475,Low
179,Jan,Chevrolet,Policy Holder,No,No,0.7516412780220993,High
180,Jan,Mercury,Third Party,No,No,0.09425470535786656,Low
181,Jan,Ford,Policy Holder,No,No,0.74356292019928,High
182,Jun,Pontiac,Policy Holder,No,No,0.5783643742532232,Medium
183,Jun,Mazda,Third Party,No,No,0.14457776368965972,Low
184,Dec,Toyota,Third Party,No,No,0.04124871377383323,Low
185,Jan,Chevrolet,Third Party,No,No,0.04204599391551281,Low
186,Jan,Pontiac,Policy Holder,No,No,0.699467358799303,High
187,Jan,Honda,Third Party,No,No,0.0057845559392777305,Low
188,Dec,Pontiac,Third Party,No,No,0.0017412028084874166,Low
189,Jan,Chevrolet,Policy Holder,No,No,0.12032491917020934,Low
190,Dec,Mazda,Policy Holder,No,No,0.6052901086464766,High
191,Dec,Mazda,Policy Holder,No,No,0.4748914427292425,Medium
192,Feb,Toyota,Policy Holder,No,No,0.6885775632980748,High
193,Dec,Chevrolet,Policy Holder,No,No,0.6651267227687558,High
194,Feb,Toyota,Policy Holder,No,No,0.75720120932352,High
195,Dec,Honda,Policy Holder,No,No,0.738125851735534,High
196,Feb,Chevrolet,Third Party,No,No,0.04263756957603805,Low
197,Feb,Honda,Third Party,No,No,0.061596236959373954,Low
198,Aug,Mazda,Third Party,No,No,0.02333230091145677,Low
199,Mar,Pontiac,Policy Holder,No,No,0.7314636937007261,High
200,Dec,Pontiac,Third Party,No,No,0.04959960433431285,Low
201,Dec,Mazda,Third Party,No,No,0.023158708635818284,Low
202,Dec,Mazda,Policy Holder,No,No,0.49646361543307105,Medium
203,Dec,Honda,Policy Holder,No,No,0.6805886102933888,High
204,Sep,Honda,Policy Holder,No,No,0.13076201284404404,Low
205,Dec,Pontiac,Third Party,No,No,0.8414429841985736,High
206,Apr,Pontiac,Policy Holder,No,No,0.626921620223424,High
207,Dec,Pontiac,Policy Holder,No,No,0.7612224902090472,High
208,Sep,Mazda,Policy Holder,No,No,0.45337190428524893,Medium
209,Oct,Toyota,Third Party,No,No,0.050956958436059574,Low
210,Dec,Pontiac,Third Party,No,No,0.06615891925871085,Low
211,Apr,Pontiac,Policy Holder,No,No,0.4706459453851467,Medium
212,Feb,Honda,Third Party,No,No,0.05485857459792028,Low
213,Feb,Accura,Policy Holder,No,No,0.6730692342579097,High
214,Aug,Pontiac,Policy Holder,No,No,0.787766871380465,High
215,Jun,Mazda,Policy Holder,No,No,0.655008459423015,High
216,Jun,Chevrolet,Policy Holder,No,No,0.5446853582458897,Medium
217,Jun,Toyota,Policy Holder,Yes,No,0.4798370699333903,Medium
218,Jan,Mazda,Policy Holder,No,No,0.10132072606429333,Low
219,Jan,Honda,Policy Holder,No,No,0.47301656702168626,Medium
220,Feb,Chevrolet,Policy Holder,No,No,0.6460095066260874,High
221,Jul,Toyota,Policy Holder,No,No,0.050155539220304406,Low
222,Jun,Pontiac,Policy Holder,No,No,0.11418240223146109,Low
223,Jan,Toyota,Third Party,No,No,0.05731887054423595,Low
224,Jan,Honda,Policy Holder,No,No,0.10176190432635657,Low
225,Jan,Toyota,Policy Holder,No,No,0.739388877392911,High
226,Nov,Pontiac,Policy Holder,No,No,0.07661321222758266,Low
227,Oct,Saab,Third Party,No,No,0.05973181565854396,Low
228,Oct,VW,Policy Holder,No,No,0.2083451049098691,Low
229,Dec,Pontiac,Policy Holder,No,No,0.49466843191663235,Medium
230,Oct,Pontiac,Policy Holder,No,No,0.0561465952691529,Low
231,Jun,Pontiac,Policy Holder,No,No,0.6685172474680919,High
232,Apr,Mazda,Policy Holder,No,No,0.7179196045186259,High
233,Dec,Chevrolet,Policy Holder,No,No,0.5436467059147083,Medium
234,Mar,VW,Third Party,No,No,0.014558332526900555,Low
235,Mar,Mercury,Policy Holder,No,No,0.8839215781089446,High
236,Dec,Chevrolet,Policy Holder,No,No,0.6531439612315105,High
237,Mar,Pontiac,Policy Holder,No,Yes,0.48594036880688823,Medium
238,Mar,Pontiac,Policy Holder,No,No,0.12726474020345396,Low
239,Jan,Pontiac,Policy Holder,No,No,0.7278671097645456,High
240,Jan,Mazda,Policy Holder,No,No,0.10675518401341384,Low
241,Jan,Chevrolet,Policy Holder,No,No,0.14352116004229987,Low
242,Jan,Mazda,Policy Holder,No,No,0.27269432263064697,Low
243,Aug,Mazda,Policy Holder,No,No,0.03971989935026369,Low
244,Aug,Honda,Policy Holder,No,No,0.5672536501351938,Medium
245,Feb,Pontiac,Third Party,No,No,0.03983141269635258,Low
246,Dec,Honda,Third Party,No,No,0.04025147482672322,Low
247,Feb,Ford,Policy Holder,No,No,0.7548676501006082,High
248,Feb,Accura,Policy Holder,No,No,0.2122770956273321,Low
249,Feb,Toyota,Policy Holder,No,No,0.6938018080591958,High
250,Feb,Accura,Policy Holder,No,No,0.5847159223607284,Medium
251,Jan,Honda,Third Party,No,No,0.09225603544242168,Low
252,Jan,Pontiac,Policy Holder,No,No,0.7822616837612945,High
253,Jan,Pontiac,Policy Holder,No,No,0.6061903376993357,High
254,Jan,Pontiac,Policy Holder,No,No,0.13654776595887028,Low
255,Dec,Mazda,Third Party,No,No,0.08004213071775665,Low
256,Dec,Pontiac,Policy Holder,No,No,0.6899984527725637,High
257,Dec,VW,Policy Holder,No,No,0.14826797023167668,Low
258,Dec,Toyota,Policy Holder,No,No,0.4853747438646524,Medium
259,Aug,Mazda,Policy Holder,No,No,0.5108542803557771,Medium
260,Jun,Pontiac,Policy Holder,No,No,0.0948249023237721,Low
261,Jun,Pontiac,Policy Holder,No,No,0.6467090728119652,High
262,May,Accura,Third Party,No,No,0.11805108777081867,Low
263,Apr,Pontiac,Policy Holder,No,No,0.6478102605660427,High
264,Apr,Toyota,Third Party,No,No,0.05474777530442222,Low
265,Feb,Pontiac,Policy Holder,No,No,0.16424966406073915,Low
266,Dec,VW,Third Party,No,No,0.010042830134321229,Low
267,Feb,Pontiac,Policy Holder,No,No,0.17439017735213364,Low
268,Feb,Chevrolet,Third Party,No,No,0.07380353687183319,Low
269,Feb,Honda,Policy Holder,No,No,0.79193555552325,High
270,Feb,Honda,Policy Holder,No,No,0.05251381155034175,Low
271,Jan,Chevrolet,Policy Holder,No,No,0.04774238137758839,Low
272,Jan,Pontiac,Policy Holder,No,No,0.5407553912398981,Medium
273,Jan,Toyota,Policy Holder,No,No,0.5943507402503653,Medium
274,Jan,Chevrolet,Policy Holder,No,No,0.6928790211761616,High
275,Jan,Honda,Policy Holder,No,No,0.15802848144745674,Low
276,Jan,Honda,Policy Holder,No,No,0.7862897208468131,High
277,Jan,Toyota,Policy Holder,No,No,0.7234168315493266,High
278,Jan,Honda,Policy Holder,No,No,0.1582350092930914,Low
279,Dec,Pontiac,Policy Holder,No,No,0.5250133342714072,Medium
280,Dec,Honda,Policy Holder,No,No,0.08217320904569296,Low
281,Dec,Honda,Policy Holder,No,No,0.756075208971675,High
282,Dec,Pontiac,Policy Holder,No,No,0.07833506509476576,Low
283,Mar,Honda,Policy Holder,No,No,0.8416496484654036,High
284,Dec,Pontiac,Policy Holder,No,No,0.06678542656725411,Low
285,Dec,Toyota,Policy Holder,No,No,0.6352287836586211,High
286,Dec,Honda,Policy Holder,No,No,0.6051378695686827,High
287,Jan,Mazda,Policy Holder,No,No,0.07965630614300234,Low
288,Jan,Honda,Policy Holder,No,No,0.1829503641774678,Low
289,Jan,Pontiac,Policy Holder,No,No,0.5707564650172643,Medium
290,Jan,Chevrolet,Policy Holder,No,No,0.14139965519399192,Low
291,Jan,Pontiac,Third Party,No,No,0.002862924054576231,Low
292,Jan,Toyota,Policy Holder,No,No,0.6409916001215625,High
293,Jan,Honda,Third Party,No,No,0.07404006273303554,Low
294,Jan,Ford,Policy Holder,No,No,0.1643658257584773,Low
295,Jan,Honda,Policy Holder,No,No,0.12014527131677004,Low
296,Jan,Pontiac,Policy Holder,No,No,0.7019765640347775,High
297,Jan,Honda,Third Party,No,No,0.0023434360726153846,Low
298,Dec,Pontiac,Policy Holder,No,No,0.5653311827262476,Medium
299,Jan,Honda,Third Party,No,No,0.04489717278172743,Low
300,Jan,Chevrolet,Third Party,No,No,0.06823224852837415,Low
301,Dec,Pontiac,Third Party,No,No,0.009639287303867823,Low
302,Dec,Honda,Policy Holder,No,No,0.4431459952436044,Medium
303,Dec,Pontiac,Third Party,No,No,0.033958025324766904,Low
304,Feb,Pontiac,Policy Holder,No,No,0.7320815005559206,High
305,May,Toyota,Policy Holder,No,No,0.7952552731359782,High
306,Apr,VW,Policy Holder,No,No,0.448279653926769,Medium
307,Apr,Honda,Policy Holder,No,No,0.836949788251257,High
308,Apr,Pontiac,Policy Holder,No,No,0.08363202549159865,Low
309,Dec,Pontiac,Policy Holder,No,No,0.8402707901647637,High
310,Dec,Honda,Policy Holder,No,No,0.7286116047431542,High
311,Oct,Honda,Policy Holder,No,No,0.10652158846057898,Low
312,Oct,Pontiac,Policy Holder,No,No,0.5556018249198338,Medium
313,Mar,Mercury,Policy Holder,No,No,0.16240941627592329,Low
314,Apr,Honda,Policy Holder,No,No,0.5068529490098788,Medium
315,Mar,Pontiac,Third Party,No,No,0.0033716128020181224,Low
316,Dec,Honda,Policy Holder,No,No,0.5926291887905859,Medium
317,May,Accura,Policy Holder,No,No,0.6401413299302245,High
318,Jan,Honda,Policy Holder,No,No,0.7101370850951719,High
319,May,Pontiac,Policy Holder,No,No,0.6496392034691508,High
320,Apr,Mazda,Policy Holder,No,No,0.124807301500934,Low
321,Mar,Ford,Third Party,No,No,0.03796860460134072,Low
322,Mar,Saturn,Policy Holder,No,No,0.7438621390862507,High
323,Apr,Chevrolet,Policy Holder,No,No,0.5549816849870773,Medium
324,Apr,Honda,Policy Holder,No,No,0.6555009881952483,High
325,Jun,Honda,Third Party,No,No,0.06315965277480665,Low
326,Jun,Mazda,Policy Holder,No,No,0.10654492325104462,Low
327,Nov,Honda,Policy Holder,No,No,0.35056819055070204,Medium
328,Jul,Honda,Third Party,No,No,0.025526409737800678,Low
329,Jun,Toyota,Policy Holder,No,No,0.8050318087550505,High
330,Mar,Chevrolet,Third Party,No,No,0.11034159619169902,Low
331,Nov,Toyota,Policy Holder,No,No,0.0754413380123309,Low
332,Nov,Pontiac,Policy Holder,No,No,0.437322031563007,Medium
333,Jun,Toyota,Policy Holder,No,No,0.5452701463417629,Medium
334,Jun,VW,Policy Holder,No,No,0.3169874710694503,Medium
335,Mar,Honda,Policy Holder,No,No,0.624631081684805,High
336,Aug,Toyota,Policy Holder,No,No,0.557948191801672,Medium
337,Aug,Honda,Policy Holder,No,No,0.7591839038475573,High
338,Apr,Toyota,Policy Holder,No,No,0.15916462374665075,Low
339,Apr,Toyota,Policy Holder,No,No,0.7655706934791852,High
340,Feb,Pontiac,Policy Holder,No,No,0.6676935708776682,High
341,Feb,Pontiac,Third Party,No,No,0.03709957753926644,Low
342,Sep,Toyota,Policy Holder,No,No,0.75273867776556,High
343,Jul,Honda,Policy Holder,No,No,0.07619058776683767,Low
344,Jan,Honda,Third Party,No,No,0.0030769078479626704,Low
345,Sep,Chevrolet,Policy Holder,No,No,0.6521738325384977,High
346,Sep,Pontiac,Policy Holder,No,No,0.5661954137307122,Medium
347,Aug,Ford,Policy Holder,No,No,0.7262042042851022,High
348,Mar,Chevrolet,Policy Holder,No,No,0.7819760330609835,High
349,Mar,Honda,Policy Holder,No,No,0.8274156993762062,High
350,Nov,VW,Policy Holder,No,No,0.21743773935446098,Low
351,Nov,Toyota,Policy Holder,No,No,0.09489656843860969,Low
352,Sep,Honda,Third Party,No,No,0.04744548745429407,Low
353,Sep,Pontiac,Policy Holder,No,No,0.06813687390367323,Low
354,Mar,Toyota,Policy Holder,No,No,0.5940548598289394,Medium
355,Mar,Chevrolet,Third Party,No,No,0.058756990343046586,Low
356,Mar,Pontiac,Third Party,No,No,0.06770388856400075,Low
357,Mar,Chevrolet,Policy Holder,No,No,0.016892441357364053,Low
358,Mar,Toyota,Policy Holder,No,No,0.9972289983550316,High
359,Aug,VW,Policy Holder,No,No,0.3181256878722297,Medium
360,Sep,Honda,Policy Holder,No,No,0.5049807609768042,Medium
361,Jan,Mazda,Third Party,No,No,0.03863166739961495,Low
362,May,Pontiac,Policy Holder,No,No,0.669359778720978,High
363,Feb,Toyota,Third Party,No,No,0.054343452833907506,Low
364,Jun,Pontiac,Policy Holder,No,No,0.6880019192384199,High
365,Jun,Toyota,Third Party,No,No,0.007268332346787337,Low
366,Apr,Chevrolet,Policy Holder,No,No,0.7858647562925672,High
367,Jan,Pontiac,Policy Holder,No,No,0.8818682434748808,High
368,May,Honda,Third Party,No,No,0.03383725681057418,Low
369,Jun,Honda,Third Party,No,No,0.06828819898939659,Low
370,Jun,Honda,Policy Holder,No,No,0.5297120485241188,Medium
371,Jan,Mazda,Policy Holder,No,No,0.15446973697522826,Low
372,Mar,Toyota,Policy Holder,No,No,0.7123145478320788,High
373,Sep,Chevrolet,Policy Holder,No,No,0.7652367102269758,High
374,May,Mazda,Third Party,No,No,0.0036211952893768157,Low
375,Mar,Honda,Policy Holder,No,No,0.7384765818993815,High
376,Mar,Honda,Policy Holder,No,No,0.838170621012119,High
377,Jul,Mazda,Policy Holder,No,No,0.5351549074527676,Medium
378,Jul,Toyota,Policy Holder,No,No,0.14232528189047178,Low
379,Jul,Chevrolet,Policy Holder,No,No,0.10524583296766697,Low
380,Aug,Honda,Policy Holder,No,No,0.11370655087763923,Low
381,Jan,Ford,Policy Holder,No,No,0.6556324410981155,High
382,Feb,Honda,Third Party,No,No,0.002882944836307819,Low
383,Nov,Chevrolet,Policy Holder,No,No,0.6327816712006977,High
384,Oct,VW,Third Party,No,No,0.017294163537572686,Low
385,Oct,Honda,Policy Holder,No,No,0.5729597590806847,Medium
386,Jan,Honda,Policy Holder,No,No,0.6767949877554337,High
387,Jan,VW,Third Party,No,No,0.016619569347781322,Low
388,Feb,Toyota,Policy Holder,No,No,0.6100976124419926,High
389,Jan,Honda,Policy Holder,No,No,0.1427275953913195,Low
390,Feb,Pontiac,Policy Holder,No,No,0.12607508799645156,Low
391,Jun,Chevrolet,Third Party,No,No,0.004244091291169667,Low
392,May,Ford,Third Party,No,No,0.0014464316241573811,Low
393,Oct,Chevrolet,Policy Holder,No,No,0.7297859734575678,High
394,Jul,Chevrolet,Third Party,No,No,0.09365195978325713,Low
395,Apr,Mazda,Policy Holder,No,No,0.5732676469902194,Medium
396,Nov,Honda,Third Party,No,No,0.017431049578101168,Low
397,Aug,Pontiac,Third Party,No,No,0.0035983670223456612,Low
398,Aug,Toyota,Policy Holder,No,No,0.1584089196644512,Low
399,Mar,Honda,Third Party,No,No,0.049327043878071644,Low
400,Mar,Mazda,Policy Holder,No,No,0.08872386921525482,Low
401,Mar,Honda,Policy Holder,No,No,0.6984624703078558,High
402,Jun,Pontiac,Policy Holder,No,No,0.11949434960839073,Low
403,Jan,VW,Third Party,No,No,0.011558962985255095,Low
404,Dec,Honda,Policy Holder,No,No,0.7198178960572422,High
405,Jul,Mazda,Policy Holder,No,No,0.48678905460565675,Medium
406,Jan,Accura,Policy Holder,No,No,0.659115560098148,High
407,Jul,Chevrolet,Policy Holder,No,No,0.09690343075776152,Low
408,Nov,Pontiac,Policy Holder,Yes,No,0.4154572934123961,Medium
409,Nov,Pontiac,Third Party,No,No,0.5037386650603581,Medium
410,May,Pontiac,Policy Holder,No,No,0.15769550587407175,Low
411,May,Pontiac,Policy Holder,No,No,0.12346199307652789,Low
412,Oct,Mazda,Policy Holder,No,No,0.6671626249043696,High
413,May,Pontiac,Policy Holder,No,No,0.7680629954535292,High
414,Sep,Toyota,Policy Holder,No,No,0.48180572190457754,Medium
415,Sep,Mazda,Third Party,No,No,0.07879187146324754,Low
416,Oct,Pontiac,Policy Holder,No,No,0.640743223010855,High
417,Oct,Honda,Third Party,No,No,0.14143709244431701,Low
418,May,Ford,Policy Holder,No,No,0.7725873260801843,High
419,Nov,Toyota,Policy Holder,No,No,0.4725746233574272,Medium
420,Oct,Pontiac,Policy Holder,No,No,0.1017806549198397,Low
421,Feb,Chevrolet,Policy Holder,No,No,0.5346724988883479,Medium
422,Dec,Chevrolet,Policy Holder,No,No,0.4891864922768515,Medium
423,Oct,Pontiac,Third Party,No,No,0.08159333187093129,Low
424,Jan,Toyota,Policy Holder,No,No,0.6908697938854559,High
425,Jan,Honda,Third Party,No,No,0.06582515775625415,Low
426,Oct,Ford,Policy Holder,No,No,0.6233378955871103,High
427,Dec,Toyota,Third Party,Yes,No,0.0245911846218045,Low
428,Sep,Honda,Policy Holder,No,No,0.0675105519657445,Low
429,Mar,Toyota,Policy Holder,No,No,0.8211768201005221,High
430,Dec,Pontiac,Policy Holder,No,No,0.10182774900095705,Low
431,Feb,Chevrolet,Policy Holder,No,No,0.5436379298578777,Medium
432,Jul,Mercury,Policy Holder,No,No,0.6137074693078033,High
433,Jun,Toyota,Policy Holder,No,No,0.1666328886642833,Low
434,Jun,Toyota,Policy Holder,No,No,0.733726759691681,High
435,Apr,Honda,Policy Holder,No,No,0.15043449128578104,Low
436,Apr,Pontiac,Policy Holder,No,No,0.8138658067307638,High
437,Apr,Pontiac,Policy Holder,No,No,0.7193925935704374,High
438,Apr,Chevrolet,Policy Holder,No,No,0.6938521129253015,High
439,Apr,Honda,Policy Holder,No,No,0.10516169430980307,Low
440,Feb,Honda,Policy Holder,No,No,0.6171793949888553,High
441,Aug,Pontiac,Third Party,No,No,0.055724813498116185,Low
442,Jan,Honda,Third Party,No,No,0.043088574752203346,Low
443,Nov,Chevrolet,Third Party,No,No,0.013043624357233065,Low
444,Jul,Mazda,Third Party,No,No,0.06655130219161715,Low
445,May,Toyota,Policy Holder,No,No,0.09485322203663517,Low
446,Feb,Pontiac,Third Party,No,No,0.04951831903863308,Low
447,Feb,Honda,Third Party,No,No,0.002545431226470263,Low
448,Feb,Toyota,Policy Holder,No,No,0.07695557007553494,Low
449,Nov,Toyota,Policy Holder,No,No,0.6135340673730642,High
450,Jan,Honda,Policy Holder,No,No,0.7736571678369875,High
451,Nov,Pontiac,Policy Holder,No,No,0.047631915808949335,Low
452,Jun,Mazda,Third Party,No,No,0.06845165178494259,Low
453,May,Mazda,Policy Holder,No,No,0.12959956262550476,Low
454,Mar,Chevrolet,Policy Holder,No,No,0.1486568970232001,Low
455,Sep,Pontiac,Policy Holder,No,No,0.7698721187907758,High
456,Sep,Honda,Third Party,No,No,0.05282515212378599,Low
457,Jan,Pontiac,Policy Holder,No,No,0.6984753166282135,High
458,Jan,Toyota,Third Party,No,No,0.04919366995821327,Low
459,Oct,Toyota,Policy Holder,No,No,0.5255008192720035,Medium
460,Mar,Mazda,Policy Holder,No,No,0.9885308522943296,High
461,Mar,Honda,Policy Holder,No,No,0.596565689554964,Medium
462,Mar,Toyota,Third Party,No,No,0.030729493741133686,Low
463,Sep,Accura,Policy Holder,No,No,0.18242190397032887,Low
464,Jun,VW,Policy Holder,No,No,0.037827898969365295,Low
465,May,Toyota,Third Party,No,No,0.04956576638034339,Low
466,May,Honda,Third Party,No,No,0.07026155656787456,Low
467,Jan,Mazda,Policy Holder,No,No,0.07449570683173819,Low
468,Apr,Honda,Policy Holder,No,No,0.5223772833015662,Medium
469,Feb,Accura,Policy Holder,No,No,0.8329443766154105,High
470,Mar,Ford,Policy Holder,No,No,0.7701337327870535,High
471,Mar,Mazda,Policy Holder,No,No,0.14392777901461815,Low
472,Mar,Pontiac,Policy Holder,No,No,0.07434718881939528,Low
473,Feb,Chevrolet,Policy Holder,No,No,0.6361104586582222,High
474,Feb,Toyota,Policy Holder,No,No,0.8129271372787011,High
475,Feb,Mazda,Policy Holder,No,No,0.15209963271791246,Low
476,Sep,Ford,Third Party,No,No,0.05046187904077296,Low
477,May,Pontiac,Third Party,No,No,0.05108248061202392,Low
478,Apr,Ford,Third Party,No,No,0.22726856080802105,Low
479,Apr,Mazda,Policy Holder,No,No,0.09595499311209829,Low
480,Aug,Pontiac,Policy Holder,No,No,0.6203111663698884,High
481,Oct,Pontiac,Policy Holder,No,No,0.5690609206489463,Medium
482,Oct,VW,Policy Holder,No,No,0.27011671176515223,Low
483,Jan,Pontiac,Third Party,No,No,0.13860238716970075,Low
484,Feb,Chevrolet,Third Party,No,No,0.004090761458801868,Low
485,Jul,Pontiac,Third Party,No,No,0.04816945603352511,Low
486,Jun,Chevrolet,Third Party,No,No,0.1333537705670202,Low
487,Jun,Pontiac,Policy Holder,No,No,0.7365812721608515,High
488,Jun,Toyota,Policy Holder,No,No,0.7003906187714075,High
489,Jan,Honda,Third Party,No,No,0.09169599640556114,Low
490,Oct,Accura,Policy Holder,No,No,0.6721729557672615,High
491,Jun,Honda,Policy Holder,No,No,0.7009321165271405,High
492,Jun,Mazda,Third Party,No,No,0.06967587669014962,Low
493,May,Toyota,Policy Holder,Yes,No,0.43366236842627154,Medium
494,Mar,Honda,Third Party,No,No,0.1165280394933969,Low
495,Oct,Honda,Policy Holder,No,No,0.09669410632359156,Low
496,Jun,Honda,Third Party,No,No,0.07463550761297727,Low
497,Mar,Mazda,Policy Holder,No,No,0.11491920181817775,Low
498,Oct,Mazda,Policy Holder,No,No,0.5732525755015745,Medium
499,Oct,Pontiac,Policy Holder,No,No,0.5417045446801905,Medium
500,Oct,Mazda,Policy Holder,No,No,0.5672306822826889,Medium
501,Aug,Pontiac,Third Party,No,No,0.03653966271303636,Low
502,Apr,Chevrolet,Policy Holder,No,No,0.6445688552648356,High
503,Apr,Honda,Policy Holder,No,No,0.7966074751889421,High
504,Jan,Pontiac,Policy Holder,No,No,0.7047262476282602,High
505,Mar,Toyota,Third Party,No,No,0.06142361750550976,Low
506,Mar,Toyota,Policy Holder,No,No,0.12774383952030963,Low
507,Mar,Toyota,Third Party,No,No,0.005530269718046561,Low
508,Mar,Toyota,Third Party,No,No,0.08295775665023357,Low
509,Jan,Toyota,Policy Holder,No,No,0.8243422684279321,High
510,Jan,Ford,Third Party,No,No,0.0017068642667797836,Low
511,Feb,Toyota,Policy Holder,No,No,0.9764941948947983,High
512,Feb,Toyota,Policy Holder,No,No,0.11502732497623565,Low
513,Feb,Pontiac,Third Party,No,No,0.04694998731700775,Low
514,Feb,Toyota,Policy Holder,No,No,0.10239231936620867,Low
515,Apr,Honda,Third Party,No,No,0.0023584755656563174,Low
516,Apr,Pontiac,Policy Holder,No,No,0.6970925853318652,High
517,Feb,Pontiac,Policy Holder,No,No,0.7038897966024878,High
518,Feb,Pontiac,Policy Holder,No,No,0.5299936435915522,Medium
519,Feb,Pontiac,Policy Holder,No,No,0.07696207104882502,Low
520,Jan,Toyota,Policy Holder,No,No,0.5579477792747853,Medium
521,Jan,Pontiac,Third Party,No,No,0.06603763757312245,Low
522,Jan,Honda,Policy Holder,No,No,0.1733108408876156,Low
523,Jan,Chevrolet,Policy Holder,No,No,0.13467363282202632,Low
524,Feb,Chevrolet,Policy Holder,No,No,0.6061379760919151,High
525,Feb,Mazda,Policy Holder,No,No,0.0793703790190469,Low
526,Feb,Mazda,Policy Holder,No,No,0.4714615032675384,Medium
527,Feb,Honda,Third Party,No,No,0.037854556118668004,Low
528,Feb,Honda,Third Party,No,No,0.09478406217167115,Low
529,Jan,Mazda,Policy Holder,No,No,0.7028410501373358,High
530,Jan,Ford,Policy Holder,No,No,0.15522661543324914,Low
531,Feb,Pontiac,Policy Holder,No,No,0.12110871349954813,Low
532,Feb,Toyota,Policy Holder,No,No,0.5796095245170251,Medium
533,Feb,Pontiac,Third Party,No,No,0.05202946142191386,Low
534,Jan,Pontiac,Policy Holder,No,No,0.7609242412593061,High
535,Feb,Pontiac,Third Party,No,No,0.044465568195323324,Low
536,Feb,Pontiac,Policy Holder,No,No,0.5365424749640174,Medium
537,Jan,Chevrolet,Policy Holder,No,No,0.676662969776239,High
538,Feb,Saab,Policy Holder,No,No,0.7395576833572162,High
539,Jan,Honda,Policy Holder,No,No,0.7558887594753613,High
540,Feb,Chevrolet,Policy Holder,No,No,0.6463016004596897,High
541,Feb,Chevrolet,Policy Holder,No,No,0.7405940880410392,High
542,Feb,Chevrolet,Policy Holder,No,No,0.660174650509204,High
543,Jan,Honda,Policy Holder,No,No,0.8023503570301441,High
544,Feb,Pontiac,Policy Holder,No,No,0.11120086721955748,Low
545,Jan,Chevrolet,Policy Holder,No,No,0.6472681522501803,High
546,Feb,Toyota,Third Party,No,No,0.04461128261461019,Low
547,Feb,Chevrolet,Third Party,No,No,0.08522870891893604,Low
548,Feb,Toyota,Policy Holder,No,No,0.7918411371908869,High
549,Feb,Toyota,Policy Holder,No,No,0.17698123420619608,Low
550,Feb,Honda,Policy Holder,No,No,0.17510046829572656,Low
551,Feb,Chevrolet,Policy Holder,No,No,0.7144710573242712,High
552,Feb,Pontiac,Third Party,No,No,0.059198687122597446,Low
553,Feb,VW,Third Party,No,No,0.00037291759186461955,Low
554,Feb,VW,Policy Holder,No,No,0.3716825573240031,Medium
555,Feb,Mazda,Policy Holder,No,No,0.6059169291081644,High
556,Feb,Accura,Policy Holder,No,No,0.8423138940388571,High
557,Jan,Pontiac,Policy Holder,No,No,0.7207959090238686,High
558,Jan,Honda,Policy Holder,No,No,0.8616774895102123,High
559,Jan,Toyota,Policy Holder,No,No,0.6918537086769567,High
560,Jan,VW,Third Party,No,No,0.0013135264970378987,Low
561,Nov,Mazda,Third Party,No,No,0.021337822093415143,Low
562,Apr,Pontiac,Policy Holder,No,No,0.9924847557323248,High
563,Apr,Pontiac,Third Party,No,No,0.07845045204657154,Low
564,Aug,Toyota,Policy Holder,No,No,0.7180723497062965,High
565,Jan,Toyota,Policy Holder,No,No,0.5878731889700488,Medium
566,Jul,Pontiac,Policy Holder,No,No,0.3141481767487833,Medium
567,Dec,Pontiac,Policy Holder,No,No,0.6953908832257456,High
568,Oct,Toyota,Policy Holder,No,No,0.6576067064376016,High
569,Aug,Pontiac,Third Party,No,No,0.07043672224378456,Low
570,Mar,Honda,Policy Holder,No,No,0.5538811854366723,Medium
571,Mar,Pontiac,Third Party,No,No,0.056405821222198956,Low
572,Mar,Pontiac,Policy Holder,No,No,0.7556586473822938,High
573,May,Mazda,Policy Holder,No,No,0.7974450032695796,High
574,Apr,Honda,Policy Holder,No,No,0.6322393077560563,High
575,Oct,Pontiac,Policy Holder,No,No,0.5897160554547662,Medium
576,Sep,Mazda,Policy Holder,No,No,0.7426461133905922,High
577,Aug,Honda,Policy Holder,No,No,0.6281576272693974,High
578,Apr,Mazda,Policy Holder,No,No,0.12032928747967962,Low
579,Jun,Mazda,Policy Holder,No,No,0.5543257143137326,Medium
580,Jun,Toyota,Third Party,No,No,0.09705737903531256,Low
581,Jun,Pontiac,Third Party,No,No,0.002777494331777531,Low
582,Oct,Pontiac,Third Party,No,No,0.003441726995385295,Low
583,Oct,Toyota,Policy Holder,No,No,0.6305813745425289,High
584,Jul,Pontiac,Policy Holder,No,No,0.5179275298377978,Medium
585,Jun,Chevrolet,Third Party,No,No,0.04750285153678919,Low
586,Apr,Chevrolet,Policy Holder,No,No,0.10685556485296752,Low
587,Aug,Pontiac,Third Party,No,No,0.13156035136684757,Low
588,Jul,Pontiac,Policy Holder,No,No,0.7508489311786444,High
589,Jun,Mazda,Third Party,No,No,0.02737175951819664,Low
590,Sep,Toyota,Policy Holder,No,No,0.6879166111586292,High
591,Sep,Chevrolet,Third Party,No,No,0.048721361167940146,Low
592,Sep,Mazda,Third Party,No,No,0.19736143525279987,Low
593,Jan,Toyota,Third Party,No,No,0.09269726853495536,Low
594,Nov,Honda,Policy Holder,No,No,0.3542147017677208,Medium
595,Jul,Mazda,Policy Holder,No,No,0.06499570393978422,Low
596,Jul,Ford,Policy Holder,No,No,0.6059704562886578,High
597,Jun,Mazda,Policy Holder,No,No,0.6194715754262485,High
598,Jun,Mazda,Third Party,No,No,0.04531057863460505,Low
599,Aug,Toyota,Policy Holder,No,No,0.6407665611898378,High
600,Nov,Pontiac,Policy Holder,No,No,0.37386910280010704,Medium
601,Sep,Mazda,Policy Holder,No,No,0.1291319335240375,Low
602,Jul,Toyota,Policy Holder,No,No,0.6507625782316299,High
603,Jun,Pontiac,Third Party,No,No,0.09554315051957023,Low
604,Sep,Chevrolet,Policy Holder,No,No,0.14411044027612266,Low
605,Dec,Accura,Policy Holder,No,No,0.7572383652712316,High
606,Jul,Mazda,Third Party,No,No,0.029332619773145174,Low
607,Jan,Pontiac,Policy Holder,No,No,0.7259685185538522,High
608,Nov,Honda,Policy Holder,No,No,0.03805352427178639,Low
609,Nov,Pontiac,Third Party,No,No,0.03557985392607028,Low
610,Apr,Pontiac,Policy Holder,No,No,0.5623104904707422,Medium
611,Apr,Pontiac,Third Party,No,No,0.004536332173557273,Low
612,May,Toyota,Third Party,No,No,0.10396879840182209,Low
613,Jul,Pontiac,Policy Holder,No,No,0.7891735924979919,High
614,Jun,Honda,Policy Holder,No,No,0.7298497135731751,High
615,Jun,Pontiac,Policy Holder,No,No,0.6687207561044812,High
616,Jun,Honda,Policy Holder,No,No,0.12057016767325177,Low
617,Mar,Honda,Policy Holder,No,No,0.2655802086613219,Low
618,Jan,Toyota,Policy Holder,No,No,0.6665264371311026,High
619,Jan,Ford,Third Party,No,No,0.06459667979937246,Low
620,Mar,Toyota,Policy Holder,No,No,0.7181660536536235,High
621,May,Mazda,Policy Holder,No,No,0.7338795846799813,High
622,Oct,Mazda,Policy Holder,No,No,0.08332191045127513,Low
623,Oct,Honda,Policy Holder,No,No,0.43079930613731526,Medium
624,Sep,Honda,Policy Holder,No,No,0.6825176336252591,High
625,Aug,Chevrolet,Policy Holder,No,No,0.6637227085093781,High
626,Jul,Pontiac,Policy Holder,No,No,0.5282452515313931,Medium
627,Jul,Toyota,Policy Holder,No,No,0.5468514213372017,Medium
628,Nov,Pontiac,Policy Holder,No,No,0.04507825570196064,Low
629,Nov,Pontiac,Policy Holder,No,No,0.5633589344456545,Medium
630,Jun,Ford,Policy Holder,No,No,0.1903978653858922,Low
631,May,Pontiac,Policy Holder,No,No,0.7159043398113762,High
632,Apr,Pontiac,Policy Holder,No,No,0.6611572423985517,High
633,Nov,Ford,Policy Holder,No,No,0.16639509695194415,Low
634,Nov,Mazda,Policy Holder,No,No,0.05783218775066038,Low
635,Nov,Mazda,Policy Holder,No,No,0.04149641565538682,Low
636,Apr,Pontiac,Third Party,No,No,0.06798418340389673,Low
637,Nov,Pontiac,Policy Holder,No,No,0.4718094125062778,Medium
638,Nov,Honda,Policy Holder,No,No,0.8444591581161294,High
639,Aug,Toyota,Third Party,Yes,No,0.06891741186610346,Low
640,Aug,Toyota,Policy Holder,No,No,0.6710891079219254,High
641,Jun,Pontiac,Third Party,Yes,No,0.0022949708657505562,Low
642,Apr,Pontiac,Third Party,No,No,0.0545746083177963,Low
643,Mar,Toyota,Third Party,No,No,0.11144053275682402,Low
644,Jan,Mazda,Third Party,No,No,0.1102027513163445,Low
645,Dec,Toyota,Third Party,No,No,0.020241637940217543,Low
646,Dec,Pontiac,Third Party,No,No,0.035606619497292845,Low
647,Jan,Mazda,Policy Holder,No,No,0.6697001501933049,High
648,Nov,Toyota,Policy Holder,No,No,0.04849657724531668,Low
649,May,Pontiac,Third Party,No,No,0.02884279942458878,Low
650,Jan,Chevrolet,Policy Holder,No,No,0.19127035617071497,Low
651,May,Pontiac,Third Party,No,No,0.09550561267748842,Low
652,Sep,Honda,Policy Holder,No,No,0.7488227656185921,High
653,Oct,Pontiac,Policy Holder,No,No,0.7408548992617291,High
654,Oct,Saturn,Policy Holder,No,No,0.2762813974613505,Low
655,Sep,Toyota,Policy Holder,No,No,0.1256061979842597,Low
656,Sep,Honda,Policy Holder,No,No,0.714059443133361,High
657,Aug,Pontiac,Policy Holder,No,No,0.11532195462089265,Low
658,Oct,Accura,Policy Holder,No,No,0.7035413975794983,High
659,Oct,Saturn,Third Party,No,No,0.11363035602030105,Low
660,Dec,Pontiac,Third Party,No,No,0.04999114088401829,Low
661,Jan,Honda,Third Party,No,No,0.005690522327551665,Low
662,Jan,Pontiac,Third Party,No,No,0.05162873485119477,Low
663,Dec,Honda,Policy Holder,No,No,0.4645685611571221,Medium
664,Aug,VW,Third Party,No,No,0.4443590369981985,Medium
665,Dec,Mazda,Third Party,No,No,0.023468386009674515,Low
666,May,Toyota,Third Party,No,No,0.051540941200342534,Low
667,Jan,Chevrolet,Policy Holder,No,No,0.6169697515766601,High
668,Oct,Pontiac,Policy Holder,No,No,0.5822209954717054,Medium
669,Aug,Toyota,Policy Holder,No,No,0.5218306539476807,Medium
670,Sep,Pontiac,Policy Holder,No,No,0.37461534545523395,Medium
671,Nov,Pontiac,Policy Holder,No,No,0.0579282064041272,Low
672,Jul,Toyota,Policy Holder,No,No,0.7378621652838027,High
673,Jul,Mazda,Third Party,No,No,0.020345434999778155,Low
674,May,Toyota,Policy Holder,No,No,0.1712629276734692,Low
675,May,Toyota,Policy Holder,No,No,0.7589151259075413,High
676,Jan,Toyota,Third Party,No,No,0.10145018407167115,Low
677,Mar,Toyota,Policy Holder,No,No,0.8426221787843237,High
678,Apr,Pontiac,Policy Holder,No,No,0.6996332092492757,High
679,Apr,Accura,Policy Holder,No,No,0.2558697669591905,Low
680,Jul,Toyota,Policy Holder,No,No,0.611669506048239,High
681,Apr,Ford,Policy Holder,No,No,0.11325521132387259,Low
682,Apr,Honda,Policy Holder,No,No,0.1340035180277835,Low
683,Nov,Pontiac,Policy Holder,No,No,0.4079967333071911,Medium
684,Aug,Honda,Policy Holder,No,No,0.5214159666618244,Medium
685,Jul,Toyota,Third Party,No,No,0.02782001562468245,Low
686,Mar,Toyota,Policy Holder,No,No,0.757353575503631,High
687,Oct,Pontiac,Third Party,Yes,No,0.04128840472317989,Low
688,Oct,Mazda,Policy Holder,No,No,0.673053058456977,High
689,May,Toyota,Third Party,No,No,0.014507921869869251,Low
690,May,Mercury,Third Party,No,No,0.13351959679669648,Low
691,Sep,Ford,Third Party,No,No,0.0036739238846044352,Low
692,Aug,Pontiac,Policy Holder,No,No,0.7697809139202911,High
693,Jul,Honda,Third Party,No,No,0.1725929867320701,Low
694,Mar,Pontiac,Third Party,No,No,0.05150487346754164,Low
695,Jul,Pontiac,Third Party,No,No,0.025887599149601898,Low
696,Sep,Mazda,Third Party,No,No,0.043906471500976464,Low
697,Sep,VW,Policy Holder,No,No,0.02427476494934612,Low
698,May,Mazda,Policy Holder,No,No,0.10474250269323634,Low
699,Apr,Toyota,Policy Holder,No,No,0.10815524264412857,Low
700,Mar,Mazda,Policy Holder,No,No,0.6418910188934659,High
701,Jan,Mazda,Policy Holder,No,No,0.6872353195845142,High
702,Jun,Honda,Third Party,No,No,0.001983680972949556,Low
703,May,Pontiac,Policy Holder,No,No,0.779598301854528,High
704,May,Chevrolet,Third Party,No,No,0.0750752263923861,Low
705,May,Toyota,Policy Holder,No,No,0.22076144974044523,Low
706,Jan,Mazda,Third Party,No,No,0.03113699452953328,Low
707,Jun,Toyota,Policy Holder,No,No,0.7328431460708621,High
708,Apr,Toyota,Policy Holder,No,No,0.756941828247418,High
709,May,Toyota,Policy Holder,No,No,0.6558855385976609,High
710,Mar,Pontiac,Third Party,No,No,0.039264668558499555,Low
711,Apr,Mazda,Policy Holder,No,No,0.6016675318872754,High
712,Apr,Toyota,Policy Holder,No,No,0.10285729073764208,Low
713,Sep,Pontiac,Third Party,No,No,0.033637355548450466,Low
714,Jan,Toyota,Policy Holder,No,No,0.7153917196413797,High
715,Jul,Toyota,Policy Holder,No,No,0.9848149750771351,High
716,Oct,Honda,Policy Holder,No,No,0.09464105272433725,Low
717,Oct,Honda,Policy Holder,No,No,0.08421660922988575,Low
718,Apr,Saab,Third Party,No,No,0.20364306201114096,Low
719,Jun,Toyota,Third Party,No,No,0.0037030248644813507,Low
720,Mar,Toyota,Policy Holder,No,No,0.2045247361785395,Low
721,Mar,Ford,Third Party,No,No,0.04829232327571734,Low
722,Apr,Mercury,Policy Holder,No,No,0.24331227405793301,Low
723,Nov,Honda,Policy Holder,No,No,0.05921157162298534,Low
724,Nov,Chevrolet,Policy Holder,No,No,0.31694158250631776,Medium
725,Jan,Dodge,Third Party,No,No,0.034538860486703335,Low
726,Nov,Honda,Third Party,No,No,0.07847242788785569,Low
727,Jul,Pontiac,Policy Holder,No,No,0.4851385954598119,Medium
728,Apr,Pontiac,Third Party,No,No,0.035675871663629316,Low
729,Mar,Chevrolet,Policy Holder,No,No,0.7855786016207408,High
730,Mar,Mazda,Policy Holder,No,No,0.11871191965642851,Low
731,Jul,Mazda,Policy Holder,No,No,0.6631998156947546,High
732,Mar,Pontiac,Policy Holder,No,No,0.927837327885212,High
733,Mar,Pontiac,Third Party,No,No,0.12996909434285864,Low
734,Jan,Pontiac,Policy Holder,No,No,0.08273787267676098,Low
735,Jan,Chevrolet,Third Party,No,No,0.02315361254832374,Low
736,Oct,Accura,Policy Holder,No,No,0.7808472548140862,High
737,Jan,Chevrolet,Third Party,No,No,0.08631013350255243,Low
738,Mar,Mazda,Policy Holder,No,No,0.6933593174140725,High
739,Mar,Saab,Policy Holder,No,No,0.2813968632032867,Low
740,Mar,Pontiac,Third Party,No,No,0.05883288851137498,Low
741,Mar,Mazda,Policy Holder,No,No,0.6577035547913616,High
742,Mar,Chevrolet,Third Party,No,No,0.049041453135076796,Low
743,Mar,Toyota,Policy Holder,No,No,0.10685718888969038,Low
744,Apr,Pontiac,Policy Holder,No,No,0.7418254850535135,High
745,Apr,Pontiac,Policy Holder,No,No,0.8195361252743886,High
746,Mar,Ford,Policy Holder,No,No,0.7810060643789875,High
747,Mar,Toyota,Third Party,No,No,0.04517302700814824,Low
748,Mar,Mazda,Third Party,No,No,0.07856651736095098,Low
749,Mar,Mazda,Policy Holder,No,No,0.13150827984700209,Low
750,Mar,Toyota,Policy Holder,No,No,0.7943376289978652,High
751,Jun,Chevrolet,Policy Holder,No,No,0.09247155003075169,Low
752,Nov,Honda,Policy Holder,No,No,0.7365195117084017,High
753,Oct,Toyota,Third Party,Yes,No,0.002556708476860775,Low
754,Jun,Chevrolet,Policy Holder,No,No,0.8615418229730987,High
755,Jun,Pontiac,Policy Holder,No,No,0.13214078877833693,Low
756,Apr,Mazda,Third Party,No,No,0.03269965363448421,Low
757,Mar,Toyota,Policy Holder,No,No,0.6586790739275267,High
758,Jan,Dodge,Policy Holder,No,No,0.5883109285753632,Medium
759,Mar,Honda,Policy Holder,No,No,0.6281277552270246,High
760,Mar,Chevrolet,Third Party,No,No,0.06752726559036695,Low
761,Jan,Pontiac,Policy Holder,No,No,0.07434129382691586,Low
762,Jan,Mazda,Third Party,No,No,0.14204077997125136,Low
763,Apr,Toyota,Policy Holder,No,No,0.11095214674825753,Low
764,Apr,Mazda,Third Party,No,No,0.05271330991011698,Low
765,Apr,Chevrolet,Third Party,No,No,0.039250419103754895,Low
766,Apr,Pontiac,Policy Holder,No,No,0.9912680935269532,High
767,Mar,Pontiac,Third Party,No,No,0.12924570038309827,Low
768,Jan,Toyota,Policy Holder,No,No,0.5986318429560101,Medium
769,Mar,Honda,Policy Holder,No,No,0.16207720370760256,Low
770,Mar,Saturn,Policy Holder,No,No,0.8987288208762736,High
771,Mar,Toyota,Policy Holder,No,No,0.8015533578935126,High
772,Mar,Chevrolet,Third Party,No,No,0.047321069228094266,Low
773,Mar,Toyota,Policy Holder,No,No,0.8261063138895576,High
774,Mar,Pontiac,Policy Holder,No,No,0.09242338126674605,Low
775,Feb,Accura,Policy Holder,No,No,0.7215662296332864,High
776,Sep,Mazda,Policy Holder,No,No,0.561652154713753,Medium
777,Jan,Toyota,Third Party,No,No,0.17560637739818555,Low
778,Sep,Honda,Policy Holder,No,No,0.863473092400912,High
779,Jan,Honda,Third Party,No,No,0.03627338797707701,Low
780,Apr,Toyota,Policy Holder,No,No,0.6152224880457867,High
781,Apr,Mazda,Policy Holder,No,No,0.09680634728867321,Low
782,Aug,Honda,Policy Holder,No,No,0.6808437273702438,High
783,Oct,Pontiac,Policy Holder,No,No,0.5407129010358633,Medium
784,Apr,Pontiac,Policy Holder,No,No,0.737156852176701,High
785,Oct,Chevrolet,Policy Holder,No,No,0.6342239156340764,High
786,Sep,Pontiac,Third Party,No,No,0.05720324842394423,Low
787,Jan,Honda,Policy Holder,No,No,0.08738038678641322,Low
788,Jun,Pontiac,Policy Holder,No,No,0.5185783425706663,Medium
789,Jun,Pontiac,Policy Holder,No,No,0.7612622921958055,High
790,Jan,Pontiac,Policy Holder,No,No,0.8124221506402973,High
791,Dec,Toyota,Policy Holder,No,No,0.5810029195012392,Medium
792,Aug,Honda,Policy Holder,No,No,0.4704671674178083,Medium
793,Oct,Pontiac,Policy Holder,No,No,0.09439132798275603,Low
794,Jan,Honda,Third Party,No,No,0.08357010718713398,Low
795,Sep,Mazda,Policy Holder,No,No,0.7263093561657892,High
796,Sep,Honda,Policy Holder,No,No,0.07694732340736832,Low
797,Jan,Mazda,Policy Holder,No,No,0.650862081581037,High
798,Jun,Honda,Policy Holder,No,No,0.7234039447207931,High
799,Jan,Chevrolet,Policy Holder,No,No,0.6855047102067025,High
800,Aug,Pontiac,Third Party,No,No,0.04811953834013556,Low
801,May,Toyota,Policy Holder,No,No,0.109188600831679,Low
802,Sep,Honda,Third Party,No,No,0.0419592884434882,Low
803,Jun,Honda,Third Party,No,No,0.07586601242664928,Low
804,Jun,Honda,Policy Holder,No,No,0.09083697338303587,Low
805,Apr,Mazda,Policy Holder,No,No,0.4295844606037001,Medium
806,Jun,Pontiac,Policy Holder,No,No,0.7497180898662655,High
807,Jun,Toyota,Policy Holder,No,No,0.14520655780103386,Low
808,Sep,Toyota,Policy Holder,No,No,0.08743719366536412,Low
809,Jun,Pontiac,Policy Holder,No,No,0.06414862108851838,Low
810,May,Mazda,Policy Holder,No,No,0.7020203334119544,High
811,May,Toyota,Policy Holder,No,No,0.14083221671765242,Low
812,Sep,Honda,Policy Holder,No,No,0.5491832073530569,Medium
813,May,Chevrolet,Policy Holder,No,No,0.5822469013397156,Medium
814,Jan,Mazda,Policy Holder,Yes,No,0.534225424876713,Medium
815,Mar,Mazda,Third Party,No,No,0.055874130037101934,Low
816,Jun,Mazda,Policy Holder,No,No,0.6511880759664143,High
817,Sep,Honda,Third Party,No,No,0.37550387691720555,Medium
818,Jun,Honda,Policy Holder,No,No,0.6898384887084587,High
819,Dec,Dodge,Policy Holder,No,No,0.03741888671003747,Low
820,Aug,Ford,Third Party,No,No,0.10698673629809952,Low
821,Nov,Toyota,Policy Holder,No,No,0.4896991298267788,Medium
822,Sep,Ford,Policy Holder,No,No,0.5375255820048809,Medium
823,Nov,Pontiac,Policy Holder,No,No,0.6230205180897133,High
824,Jan,Honda,Policy Holder,No,No,0.5946505961922358,Medium
825,Nov,Ford,Policy Holder,No,No,0.6253239430716956,High
826,Apr,Mazda,Third Party,No,No,0.02874245520672225,Low
827,Jan,Honda,Third Party,No,No,0.12928634805654812,Low
828,Jan,Pontiac,Policy Holder,No,No,0.7143334257524482,High
829,May,Dodge,Policy Holder,No,No,0.07246810587846303,Low
830,Nov,Toyota,Policy Holder,No,No,0.3572462087558739,Medium
831,Jan,Chevrolet,Policy Holder,No,No,0.1314326042766757,Low
832,Jun,Honda,Policy Holder,No,No,0.09682838143315373,Low
833,Nov,Pontiac,Policy Holder,No,No,0.4766705855784765,Medium
834,Nov,Pontiac,Policy Holder,No,No,0.3941362355654216,Medium
835,Jul,Toyota,Policy Holder,No,No,0.2880026104917578,Low
836,Aug,Pontiac,Policy Holder,No,No,0.7876968294832996,High
837,Jul,Toyota,Policy Holder,No,No,0.36590743749764243,Medium
838,Jul,Honda,Third Party,No,No,0.09735866888287116,Low
839,May,Chevrolet,Third Party,No,No,0.004986495171407058,Low
840,May,Ford,Policy Holder,No,No,0.7013189768033964,High
841,Jan,Pontiac,Policy Holder,No,No,0.07417395369822176,Low
842,May,Pontiac,Third Party,No,No,0.04880503657265423,Low
843,May,Pontiac,Policy Holder,No,No,0.7598168632700801,High
844,Dec,Saab,Policy Holder,No,No,0.8432310013012508,High
845,Jan,Honda,Policy Holder,No,No,0.769713482301668,High
846,Oct,Toyota,Policy Holder,No,No,0.6960951441346901,High
847,Feb,Ford,Policy Holder,No,No,0.7294273698555269,High
848,Feb,Mazda,Third Party,No,No,0.03373952291709779,Low
849,Jan,Saab,Policy Holder,No,No,0.7634668415547233,High
850,Jan,Pontiac,Policy Holder,No,No,0.06356877203483668,Low
851,Jan,Honda,Policy Holder,No,No,0.1148119304541455,Low
852,Mar,Mazda,Policy Holder,No,No,0.7981423635906554,High
853,Feb,Pontiac,Third Party,No,No,0.04648809869928246,Low
854,Feb,Pontiac,Policy Holder,No,No,0.15071599617255527,Low
855,Feb,Ford,Third Party,No,No,0.14108390882806976,Low
856,Feb,Accura,Policy Holder,No,No,0.7858599499394315,High
857,Jan,Mazda,Third Party,No,No,0.05598803336058903,Low
858,Jan,Honda,Policy Holder,No,No,0.4199211833865933,Medium
859,Aug,Pontiac,Policy Holder,No,No,0.6859743644622281,High
860,Aug,Chevrolet,Policy Holder,No,No,0.6852491859050045,High
861,Apr,Honda,Policy Holder,No,No,0.07961727667591725,Low
862,Aug,Honda,Policy Holder,No,No,0.7966164794434399,High
863,Aug,Mazda,Policy Holder,No,No,0.10148197713156308,Low
864,Jan,Honda,Policy Holder,No,No,0.1104442054677449,Low
865,Dec,Pontiac,Policy Holder,No,No,0.08226337966449064,Low
866,Sep,Honda,Policy Holder,No,No,0.5433826676161999,Medium
867,Nov,Pontiac,Policy Holder,No,No,0.4346752102097097,Medium
868,Nov,Toyota,Third Party,No,No,0.45290637763818553,Medium
869,Jul,Mazda,Third Party,No,No,0.093449416454622,Low
870,May,Honda,Third Party,No,No,0.14500115873962824,Low
871,May,Toyota,Third Party,No,No,0.07809519052624711,Low
872,May,Toyota,Third Party,No,No,0.005400943092719551,Low
873,Dec,Mazda,Policy Holder,No,No,0.06408439357831595,Low
874,Dec,Mazda,Policy Holder,No,No,0.5113800252612088,Medium
875,May,Mazda,Third Party,No,No,0.031198743872197232,Low
876,Nov,Honda,Third Party,No,No,0.05440397826197435,Low
877,Oct,Dodge,Third Party,No,No,0.01954140784987534,Low
878,Aug,Honda,Third Party,No,No,0.02960124403002144,Low
879,Aug,Honda,Policy Holder,No,No,0.08131744734008921,Low
880,Jul,Pontiac,Policy Holder,No,No,0.06904089331471176,Low
881,Oct,Honda,Policy Holder,No,No,0.6347129362223347,High
882,Jan,Mazda,Policy Holder,No,No,0.49301633381224697,Medium
883,Aug,Honda,Policy Holder,No,No,0.7123324476086658,High
884,May,Honda,Policy Holder,No,No,0.6655052449249409,High
885,May,Toyota,Policy Holder,No,No,0.19980596723252536,Low
886,Jul,Toyota,Policy Holder,Yes,No,0.07138929198192703,Low
887,Sep,Pontiac,Policy Holder,No,No,0.7399168304768853,High
888,Sep,Ford,Third Party,No,No,0.007513196741574874,Low
889,Jul,Honda,Policy Holder,No,No,0.0692094943529092,Low
890,Jul,Chevrolet,Policy Holder,No,No,0.07074781547911584,Low
891,Jan,Pontiac,Policy Holder,No,No,0.6290946575389159,High
892,Apr,Honda,Third Party,No,No,0.08874859532673127,Low
893,Dec,Honda,Third Party,No,No,0.018112211789872212,Low
894,Nov,Mazda,Third Party,No,No,0.029967239972383167,Low
895,Jan,Nisson,Policy Holder,No,No,0.5993973188869387,Medium
896,Nov,Honda,Third Party,No,No,0.023651071676144473,Low
897,Jul,Pontiac,Policy Holder,No,No,0.09555166873092519,Low
898,Aug,Pontiac,Third Party,No,No,0.07596093943340165,Low
899,Aug,VW,Third Party,No,No,0.016610617178122098,Low
900,Jul,Mazda,Policy Holder,No,No,0.6045063933231818,High
901,Jan,Pontiac,Policy Holder,No,No,0.8601540222582722,High
902,Jan,Toyota,Third Party,No,No,0.040587333212413826,Low
903,May,Toyota,Third Party,No,No,0.08765484845078714,Low
904,Jul,Pontiac,Policy Holder,No,No,0.3461232753906465,Medium
905,Jul,Honda,Policy Holder,No,No,0.10977840382748437,Low
906,Jan,Toyota,Policy Holder,No,No,0.704057148396824,High
907,Oct,Mazda,Policy Holder,No,No,0.615084303576052,High
908,Aug,Mazda,Third Party,No,No,0.09016507565406948,Low
909,Aug,Honda,Policy Holder,No,No,0.7241641793944904,High
910,Apr,Chevrolet,Policy Holder,No,No,0.7833790676490406,High
911,Jan,Toyota,Policy Holder,No,No,0.7642941815357088,High
912,Apr,Mazda,Policy Holder,No,No,0.11640778995013015,Low
913,Apr,Chevrolet,Policy Holder,No,No,0.4541977814742247,Medium
914,Apr,Chevrolet,Policy Holder,No,No,0.1344752710369157,Low
915,May,Honda,Policy Holder,No,No,0.13231215055013598,Low
916,May,Mazda,Policy Holder,No,No,0.13975805007470435,Low
917,May,Mazda,Third Party,No,No,0.057873267052891884,Low
918,May,Honda,Policy Holder,No,No,0.18366987732072992,Low
919,May,Pontiac,Third Party,No,No,0.6017483721505121,High
920,May,Chevrolet,Policy Holder,No,No,0.14829295702258652,Low
921,Jun,Pontiac,Policy Holder,No,No,0.6325684926933528,High
922,Jun,Honda,Policy Holder,No,No,0.10296379772596635,Low
923,Jul,Pontiac,Policy Holder,No,No,0.5760077614882501,Medium
924,Jul,Honda,Third Party,No,No,0.09621014860328495,Low
925,Nov,Honda,Policy Holder,No,No,0.025699230257927558,Low
926,Nov,Toyota,Third Party,No,No,0.023588568223854037,Low
927,Mar,Chevrolet,Third Party,No,No,0.0065633345535569,Low
928,Mar,Toyota,Policy Holder,No,No,0.6381423221978832,High
929,Mar,Pontiac,Policy Holder,No,No,0.71941292042121,High
930,May,Pontiac,Policy Holder,No,No,0.6057637735409273,High
931,May,Toyota,Third Party,No,No,0.005629532918987834,Low
932,Jun,Pontiac,Policy Holder,No,No,0.7076081204800593,High
933,Jun,Mazda,Third Party,No,No,0.09810382897799026,Low
934,Jul,Toyota,Third Party,No,No,0.0017453151293570768,Low
935,Jul,Pontiac,Third Party,No,No,0.04096933106413684,Low
936,Jul,Honda,Third Party,No,No,0.025151851134396747,Low
937,Jan,Chevrolet,Policy Holder,No,No,0.7452741443898074,High
938,Jul,Toyota,Policy Holder,No,No,0.625345043593172,High
939,Aug,Chevrolet,Policy Holder,No,No,0.6580703442374867,High
940,Oct,Mazda,Third Party,No,No,0.05547200842713216,Low
941,Nov,Pontiac,Policy Holder,No,No,0.6575628106230107,High
942,Nov,Honda,Policy Holder,No,No,0.6760213233902677,High
943,Nov,Honda,Policy Holder,No,No,0.0595797149089841,Low
944,Jan,Saab,Third Party,No,No,0.10864067083387252,Low
945,Nov,Porche,Policy Holder,No,No,0.05129954026319548,Low
946,Jan,Mazda,Policy Holder,No,No,0.7871140083973609,High
947,Nov,Pontiac,Third Party,No,No,0.02267280368289797,Low
948,Nov,Toyota,Policy Holder,No,No,0.036998658166940486,Low
949,Oct,Pontiac,Third Party,No,No,0.09158642735146964,Low
950,Jan,Pontiac,Policy Holder,No,No,0.715374849792598,High
951,Aug,Toyota,Policy Holder,No,No,0.13302087881768448,Low
952,Jul,VW,Policy Holder,No,No,0.02035973056406809,Low
953,Jul,Honda,Policy Holder,No,No,0.041278355438545467,Low
954,Jul,Honda,Policy Holder,No,No,0.043891480872931175,Low
955,Jan,Honda,Policy Holder,No,No,0.6470511272983205,High
956,Jul,Ford,Third Party,No,No,0.03501678444201079,Low
957,Jul,Mazda,Policy Holder,No,No,0.4441720420541848,Medium
958,Jun,Ford,Third Party,No,No,0.04005158951467169,Low
959,Jun,Mazda,Third Party,No,Yes,0.12975378834249343,Low
960,May,Honda,Policy Holder,No,No,0.05445862349174314,Low
961,Jan,Toyota,Policy Holder,No,No,0.8435314173141772,High
962,May,Toyota,Third Party,No,No,0.09613209819036692,Low
963,Apr,Pontiac,Policy Holder,No,No,0.6484403218808217,High
964,Jan,Honda,Policy Holder,No,No,0.7710057622763576,High
965,Feb,Toyota,Third Party,No,No,0.09206410259048947,Low
966,Mar,Honda,Third Party,No,No,0.0028089428185004536,Low
967,Mar,VW,Policy Holder,No,No,0.31621123022087205,Medium
968,Feb,Pontiac,Policy Holder,No,No,0.5814109230979799,Medium
969,Mar,Dodge,Third Party,No,No,0.0177919293474708,Low
970,Mar,Pontiac,Third Party,No,No,0.13673895746141448,Low
971,Nov,Mazda,Policy Holder,No,No,0.048192338286065436,Low
972,Nov,Pontiac,Third Party,No,No,0.021094755835105117,Low
973,Nov,Accura,Policy Holder,No,No,0.6020635906736725,High
974,Nov,Pontiac,Third Party,No,No,0.03340107254691872,Low
975,Oct,Ford,Policy Holder,No,No,0.6473340457885046,High
976,Oct,Toyota,Policy Holder,No,No,0.14564722552818665,Low
977,Oct,Mazda,Third Party,No,No,0.06768690642279362,Low
978,Oct,Honda,Policy Holder,No,No,0.09481347168499628,Low
979,Oct,Pontiac,Policy Holder,No,No,0.6523797185277461,High
980,Sep,Pontiac,Policy Holder,No,No,0.7442742818553945,High
981,Sep,Honda,Policy Holder,No,No,0.04531316051640969,Low
982,Aug,Accura,Policy Holder,No,No,0.6904034213426,High
983,Aug,Mazda,Policy Holder,No,No,0.6182035983221559,High
984,Aug,Mazda,Policy Holder,No,No,0.09153678638200652,Low
985,Feb,Honda,Third Party,No,No,0.05444575289094569,Low
986,Jul,Pontiac,Policy Holder,No,No,0.13003960908170759,Low
987,Jul,Toyota,Policy Holder,No,No,0.07235852164440408,Low
988,Jun,Pontiac,Policy Holder,No,No,0.5745179456279031,Medium
989,Jun,Honda,Third Party,No,No,0.04884503441698791,Low
990,Jun,Chevrolet,Policy Holder,No,No,0.18940213225060534,Low
991,Jun,Honda,Policy Holder,No,No,0.7486696957405304,High
992,Jun,Pontiac,Policy Holder,No,No,0.7022421131195687,High
993,May,Pontiac,Third Party,No,No,0.07045008331728536,Low
994,May,Honda,Policy Holder,No,No,0.13934485555038323,Low
995,May,Toyota,Third Party,No,No,0.003910105861163586,Low
996,May,Chevrolet,Policy Holder,No,No,0.7760788716786802,High
997,May,Pontiac,Policy Holder,No,No,0.6030256559636716,High
998,May,Pontiac,Policy Holder,No,No,0.6737336094973978,High
999,Feb,Pontiac,Policy Holder,No,No,0.7066095557498745,High
1000,May,Mazda,Policy Holder,No,No,0.1481783110692905,Low
1001,May,Pontiac,Policy Holder,No,No,0.740318626282434,High
1002,May,Pontiac,Third Party,No,No,0.004776423202826622,Low
1003,Feb,Accura,Policy Holder,No,No,0.08465545205028392,Low
1004,Apr,Toyota,Policy Holder,No,No,0.616530551743457,High
1005,Apr,Mazda,Policy Holder,No,No,0.07886165711882767,Low
1006,Apr,Pontiac,Policy Holder,No,No,0.08874985338620735,Low
1007,Sep,Toyota,Third Party,No,No,0.057795417402343494,Low
1008,Nov,Toyota,Policy Holder,No,No,0.5877927083179275,Medium
1009,Dec,Toyota,Policy Holder,No,No,0.4872841106204331,Medium
1010,Nov,Honda,Third Party,No,No,0.014768674116897761,Low
1011,Dec,Honda,Third Party,No,No,0.03674181182348141,Low
1012,Dec,Honda,Third Party,No,No,0.02477426533672604,Low
1013,Aug,Mazda,Third Party,No,No,0.0014914891230448863,Low
1014,Feb,Toyota,Third Party,No,No,0.002909415869881689,Low
1015,Dec,Mazda,Policy Holder,No,No,0.06507312158384188,Low
1016,Sep,Chevrolet,Policy Holder,No,No,0.08824645648983981,Low
1017,Oct,Toyota,Third Party,No,No,0.0638440289470607,Low
1018,Aug,Mazda,Policy Holder,No,No,0.636877584533595,High
1019,Aug,Honda,Policy Holder,No,No,0.5345574381501014,Medium
1020,Jul,Chevrolet,Policy Holder,No,No,0.09006619884748682,Low
1021,Nov,Mazda,Third Party,No,No,0.4629264139237506,Medium
1022,Dec,Honda,Third Party,No,No,0.06821817769592188,Low
1023,Sep,Chevrolet,Third Party,No,No,0.10440338062529292,Low
1024,Feb,Accura,Policy Holder,No,No,0.8661639300500621,High
1025,Dec,Accura,Third Party,No,No,0.12528508434738775,Low
1026,Dec,Toyota,Policy Holder,No,No,0.17350057223705043,Low
1027,Sep,Mazda,Policy Holder,No,No,0.6008230879948755,High
1028,Feb,Chevrolet,Third Party,No,No,0.18164731295833236,Low
1029,Feb,Toyota,Policy Holder,No,No,0.09244445541125118,Low
1030,Feb,Pontiac,Policy Holder,No,No,0.08800390029892027,Low
1031,Jan,Honda,Policy Holder,No,No,0.6977418141771423,High
1032,Jan,Honda,Policy Holder,No,No,0.07684373695530916,Low
1033,Feb,Mazda,Third Party,No,No,0.06084301812356516,Low
1034,Feb,Toyota,Third Party,No,No,0.0900583561735409,Low
1035,Dec,Chevrolet,Third Party,No,No,0.08892511269652982,Low
1036,May,Toyota,Policy Holder,No,No,0.5338711064914137,Medium
1037,Mar,Mazda,Third Party,No,No,0.06472627191666099,Low
1038,Mar,Chevrolet,Policy Holder,No,No,0.13308215126133258,Low
1039,Mar,Honda,Policy Holder,No,No,0.2034620191273806,Low
1040,Mar,Chevrolet,Policy Holder,No,No,0.6416889113440835,High
1041,Mar,Honda,Third Party,No,No,0.0021722124705081092,Low
1042,Mar,Chevrolet,Policy Holder,No,No,0.7089521438171638,High
1043,Apr,Pontiac,Policy Holder,No,No,0.6143390595606171,High
1044,Apr,Honda,Policy Holder,No,No,0.1523952065267782,Low
1045,Mar,Accura,Policy Holder,No,No,0.7661394183588813,High
1046,Mar,Chevrolet,Third Party,No,No,0.10341415385563618,Low
1047,Mar,Pontiac,Policy Holder,No,No,0.32510017415322595,Medium
1048,Jul,Honda,Third Party,No,No,0.08899643002137517,Low
1049,Jun,Honda,Third Party,No,No,0.12024421105062653,Low
1050,Jun,Honda,Policy Holder,No,No,0.08574273779376679,Low
1051,Mar,Toyota,Third Party,No,No,0.031217686138238214,Low
1052,Apr,Toyota,Policy Holder,No,No,0.8243580013585691,High
1053,Mar,Chevrolet,Policy Holder,No,No,0.8322169400182183,High
1054,Feb,Honda,Policy Holder,No,No,0.8581233390111374,High
1055,Feb,Pontiac,Policy Holder,No,No,0.7953611685175841,High
1056,Dec,Honda,Policy Holder,No,No,0.5288606331349364,Medium
1057,Nov,Pontiac,Policy Holder,No,No,0.052931797406786676,Low
1058,Oct,Toyota,Policy Holder,No,No,0.7482044976168786,High
1059,Sep,Accura,Policy Holder,No,No,0.6427566822193896,High
1060,Nov,Mazda,Policy Holder,No,No,0.6139634071173476,High
1061,Nov,Toyota,Policy Holder,No,No,0.6472514195921533,High
1062,Feb,Pontiac,Policy Holder,No,No,0.6125272999629454,High
1063,Feb,Chevrolet,Policy Holder,No,No,0.7415721638876454,High
1064,Feb,Chevrolet,Policy Holder,No,No,0.6240049018054494,High
1065,Jan,Ford,Policy Holder,No,No,0.7137142048868997,High
1066,Nov,Mazda,Third Party,No,No,0.001320144502479048,Low
1067,Dec,Mazda,Third Party,No,No,0.056625131093722296,Low
1068,Nov,Pontiac,Policy Holder,No,No,0.07867571195887572,Low
1069,Nov,Accura,Policy Holder,No,No,0.5758102274684154,Medium
1070,Sep,Mazda,Policy Holder,No,No,0.6248448451711134,High
1071,Jun,Honda,Policy Holder,No,No,0.8820516918284478,High
1072,Feb,Honda,Policy Holder,No,No,0.9878834487090714,High
1073,Feb,Honda,Policy Holder,No,No,0.7897357254588981,High
1074,Jun,Honda,Policy Holder,No,No,0.790022942806091,High
1075,Jul,Pontiac,Policy Holder,No,No,0.07393762633225573,Low
1076,Jul,Toyota,Policy Holder,No,No,0.4228592819621622,Medium
1077,Jul,Honda,Policy Holder,No,No,0.05895049100626914,Low
1078,Aug,Toyota,Policy Holder,No,No,0.4456611118607002,Medium
1079,Aug,Pontiac,Policy Holder,No,No,0.6311024867972458,High
1080,Feb,Chevrolet,Policy Holder,No,No,0.6828743615762214,High
1081,Sep,Pontiac,Third Party,No,No,0.00418575132261462,Low
1082,Sep,Honda,Policy Holder,No,No,0.6024351280827226,High
1083,Sep,Mazda,Policy Holder,No,No,0.10505968878476077,Low
1084,Oct,Honda,Policy Holder,No,No,0.7051389077090998,High
1085,Oct,Pontiac,Policy Holder,No,No,0.10619788838564462,Low
1086,Feb,Toyota,Third Party,No,No,0.0671538609610661,Low
1087,Nov,Pontiac,Policy Holder,No,No,0.40428538066835834,Medium
1088,Nov,Pontiac,Policy Holder,No,No,0.45144477316901477,Medium
1089,Feb,Honda,Policy Holder,No,No,0.7273994768432325,High
1090,Nov,VW,Policy Holder,No,No,0.17695797081745393,Low
1091,Nov,Pontiac,Policy Holder,No,No,0.05659738531534737,Low
1092,Nov,Toyota,Policy Holder,No,No,0.4798887840841618,Medium
1093,Dec,Toyota,Policy Holder,No,No,0.1871037556830606,Low
1094,Apr,Toyota,Policy Holder,No,No,0.15329058229477116,Low
1095,May,Chevrolet,Policy Holder,No,No,0.7191896982418908,High
1096,May,Pontiac,Policy Holder,No,No,0.07436862168995761,Low
1097,May,Toyota,Policy Holder,No,No,0.07956455921537564,Low
1098,Aug,Pontiac,Third Party,No,No,0.09266027825305166,Low
1099,Aug,Honda,Policy Holder,No,No,0.5580759611138226,Medium
1100,Aug,Honda,Policy Holder,No,No,0.6023315423387078,High
1101,Feb,Mazda,Third Party,No,No,0.06569003835256344,Low
1102,Sep,Honda,Third Party,No,No,0.024054102402203754,Low
1103,Nov,Mazda,Policy Holder,Yes,No,0.37344229619662356,Medium
1104,Feb,Mazda,Policy Holder,No,No,0.10561853672008288,Low
1105,Nov,Honda,Third Party,No,No,0.02718891360292108,Low
1106,Nov,Saab,Policy Holder,No,No,0.7827829658726627,High
1107,Nov,Accura,Policy Holder,No,No,0.5416934291855889,Medium
1108,Dec,Toyota,Policy Holder,No,No,0.5883396402263348,Medium
1109,Nov,Ford,Policy Holder,No,No,0.4887785840868062,Medium
1110,Oct,Toyota,Third Party,No,No,0.03453713473267338,Low
1111,Oct,Chevrolet,Policy Holder,No,No,0.14547740632190226,Low
1112,Sep,Toyota,Policy Holder,No,No,0.6225445021552294,High
1113,Aug,Chevrolet,Third Party,No,No,0.03511677539031211,Low
1114,Aug,Mazda,Policy Holder,No,No,0.4747959513329372,Medium
1115,Feb,Pontiac,Policy Holder,No,No,0.7207604970807348,High
1116,Aug,Pontiac,Policy Holder,No,No,0.5903554124573719,Medium
1117,Aug,Pontiac,Third Party,No,No,0.01734167964226288,Low
1118,Aug,Honda,Third Party,No,No,0.04390708726199714,Low
1119,Aug,Saab,Policy Holder,No,No,0.7237485064429638,High
1120,Aug,VW,Policy Holder,No,No,0.3214271106870319,Medium
1121,Aug,Pontiac,Policy Holder,No,No,0.6181912286999632,High
1122,Aug,Pontiac,Policy Holder,No,No,0.10540684610580497,Low
1123,Jun,Chevrolet,Third Party,No,No,0.738025729612891,High
1124,May,Honda,Policy Holder,No,No,0.606323392504054,High
1125,Apr,Pontiac,Third Party,No,No,0.006652833253583009,Low
1126,Apr,Pontiac,Policy Holder,Yes,No,0.4946229395922308,Medium
1127,Apr,VW,Policy Holder,No,No,0.3478285212577938,Medium
1128,Dec,Mazda,Third Party,Yes,No,0.05554121593166054,Low
1129,Dec,Pontiac,Policy Holder,No,No,0.08009736907118337,Low
1130,Dec,Ford,Policy Holder,No,No,0.6297910500643827,High
1131,Dec,Toyota,Policy Holder,No,No,0.6974565650002634,High
1132,Nov,Pontiac,Policy Holder,No,No,0.3428478526171325,Medium
1133,Nov,Toyota,Policy Holder,No,No,0.5154071991567671,Medium
1134,Nov,Toyota,Policy Holder,No,No,0.3997996982389612,Medium
1135,Nov,Pontiac,Policy Holder,No,No,0.6307351172605887,High
1136,Oct,Pontiac,Policy Holder,No,No,0.7699423398986401,High
1137,Oct,Mazda,Policy Holder,No,No,0.1020128578427803,Low
1138,Oct,Pontiac,Policy Holder,No,No,0.060527108918700924,Low
1139,Sep,Pontiac,Policy Holder,No,No,0.11936841139654113,Low
1140,Sep,Pontiac,Policy Holder,No,No,0.09144808013570385,Low
1141,Aug,Chevrolet,Policy Holder,No,No,0.14587547432389014,Low
1142,Aug,Honda,Policy Holder,No,No,0.12270410440797545,Low
1143,Aug,Honda,Third Party,No,No,0.07257936932750317,Low
1144,Feb,Mazda,Third Party,No,No,0.044556073963714124,Low
1145,Aug,Pontiac,Policy Holder,No,No,0.10356973573507681,Low
1146,Aug,Honda,Policy Holder,No,No,0.1312243475068247,Low
1147,Jul,Chevrolet,Policy Holder,No,No,0.6260010545780655,High
1148,Feb,Honda,Policy Holder,No,No,0.6467405377333753,High
1149,Jul,Toyota,Policy Holder,No,No,0.6026832436930016,High
1150,Jul,Honda,Policy Holder,No,No,0.719490668000046,High
1151,Jul,Honda,Policy Holder,No,No,0.5353431852535901,Medium
1152,Jul,Chevrolet,Policy Holder,No,No,0.13220826539008534,Low
1153,Jun,Toyota,Policy Holder,No,No,0.770788923193127,High
1154,Jun,Mazda,Policy Holder,No,No,0.6700327494324948,High
1155,Jun,Pontiac,Policy Holder,No,No,0.48779250563072885,Medium
1156,Sep,Chevrolet,Policy Holder,No,No,0.3791910885425179,Medium
1157,Dec,Mazda,Policy Holder,No,No,0.19677493327145687,Low
1158,Feb,Honda,Policy Holder,No,No,0.5700338247127337,Medium
1159,Feb,Chevrolet,Policy Holder,No,No,0.704217696608332,High
1160,Jan,Chevrolet,Policy Holder,No,No,0.6409733749215912,High
1161,Feb,Pontiac,Third Party,No,No,0.004876304101652489,Low
1162,Feb,Chevrolet,Policy Holder,No,No,0.14964925981928395,Low
1163,Oct,Honda,Policy Holder,No,No,0.12329006113347026,Low
1164,Mar,Mazda,Policy Holder,No,No,0.17431234779262697,Low
1165,Mar,Mazda,Policy Holder,No,No,0.08949851170528995,Low
1166,Apr,Toyota,Third Party,No,No,0.04194813551465919,Low
1167,Apr,Pontiac,Third Party,No,No,0.03211520326099957,Low
1168,Feb,Toyota,Policy Holder,No,No,0.7307653555079776,High
1169,Apr,Toyota,Policy Holder,No,No,0.6584467801434738,High
1170,Mar,Honda,Third Party,No,No,0.11916217766584233,Low
1171,Mar,Chevrolet,Policy Holder,No,No,0.7452047343216618,High
1172,Dec,Chevrolet,Policy Holder,No,No,0.6572077351772976,High
1173,Apr,Toyota,Policy Holder,No,No,0.13685316290311253,Low
1174,Apr,Toyota,Policy Holder,No,No,0.859036557743031,High
1175,May,Pontiac,Policy Holder,No,No,0.1121256945361965,Low
1176,May,Toyota,Policy Holder,No,No,0.6328163668248319,High
1177,May,Pontiac,Policy Holder,No,No,0.6522208701012283,High
1178,Jun,Toyota,Policy Holder,No,No,0.7196024471360378,High
1179,Aug,Honda,Third Party,No,No,0.05457294065803023,Low
1180,Sep,Honda,Policy Holder,No,No,0.8562949970035163,High
1181,Oct,Pontiac,Policy Holder,No,No,0.07338070821179057,Low
1182,Oct,Mazda,Policy Holder,No,No,0.7325273859034733,High
1183,Feb,Mazda,Policy Holder,No,No,0.918078347569456,High
1184,Feb,Pontiac,Policy Holder,No,No,0.2018504478789446,Low
1185,Nov,Chevrolet,Policy Holder,No,No,0.4946104489275398,Medium
1186,Apr,Toyota,Third Party,No,No,0.02561973226137594,Low
1187,Apr,Ford,Policy Holder,No,No,0.7780512712040323,High
1188,Apr,Honda,Policy Holder,No,No,0.669382608510465,High
1189,May,Toyota,Policy Holder,No,No,0.7886267399898368,High
1190,Jun,VW,Third Party,No,No,0.03678231766347567,Low
1191,Jul,Honda,Policy Holder,No,No,0.6029402457868649,High
1192,Feb,Toyota,Policy Holder,No,No,0.6740301042986077,High
1193,Aug,Toyota,Third Party,No,No,0.09340468565848208,Low
1194,Aug,Mazda,Policy Holder,No,No,0.1103690408159946,Low
1195,Nov,Toyota,Policy Holder,No,No,0.04262933866068581,Low
1196,Nov,Mazda,Policy Holder,No,No,0.042674603608620534,Low
1197,Nov,Ford,Policy Holder,No,No,0.555053222351817,Medium
1198,Nov,Pontiac,Policy Holder,No,No,0.029798088992747388,Low
1199,Nov,Chevrolet,Policy Holder,No,No,0.4905851248478105,Medium
1200,Feb,Pontiac,Policy Holder,No,No,0.7369335885929841,High
1201,Jul,Mazda,Policy Holder,No,No,0.4331960832532534,Medium
1202,Jul,Honda,Policy Holder,No,No,0.04771885091237805,Low
1203,Jun,Mazda,Policy Holder,No,No,0.16088083176444873,Low
1204,Feb,Honda,Policy Holder,No,No,0.1629484765954057,Low
1205,Apr,Chevrolet,Third Party,No,No,0.005023275976855883,Low
1206,Apr,Pontiac,Third Party,No,No,0.00276012427161913,Low
1207,Apr,Toyota,Policy Holder,No,No,0.12617083068933632,Low
1208,Apr,Pontiac,Policy Holder,No,No,0.6942211429665981,High
1209,Mar,Mazda,Third Party,No,No,0.06643228657420229,Low
1210,Mar,Dodge,Policy Holder,Yes,No,0.08876734118556093,Low
1211,Oct,Toyota,Third Party,No,No,0.006559203736104961,Low
1212,Sep,Honda,Policy Holder,No,No,0.09679543015396022,Low
1213,Aug,Honda,Policy Holder,No,No,0.11782265589904867,Low
1214,Aug,Toyota,Policy Holder,No,No,0.7690462767959251,High
1215,Jul,Pontiac,Policy Holder,No,No,0.08729077906435542,Low
1216,Jul,Honda,Policy Holder,No,No,0.0470137063465833,Low
1217,Jul,Pontiac,Policy Holder,No,No,0.7493940393463043,High
1218,Jul,Pontiac,Third Party,No,No,0.04804558153713296,Low
1219,Jul,Pontiac,Third Party,No,No,0.022223799112739865,Low
1220,Jul,Pontiac,Policy Holder,No,No,0.57292372231232,Medium
1221,Jun,Mazda,Policy Holder,No,No,0.6352287152539452,High
1222,May,Mazda,Policy Holder,No,No,0.6978966479041975,High
1223,May,Toyota,Third Party,No,No,0.06882663513136729,Low
1224,Feb,Mazda,Policy Holder,No,No,0.531497403510762,Medium
1225,May,Mazda,Policy Holder,No,No,0.9954154616554906,High
1226,Apr,Honda,Policy Holder,No,No,0.4891126839724834,Medium
1227,Feb,Ford,Third Party,No,No,0.06066103331116278,Low
1228,Dec,Accura,Policy Holder,No,No,0.6261210537315364,High
1229,Dec,Pontiac,Policy Holder,No,No,0.5814147139374541,Medium
1230,Jan,Chevrolet,Third Party,No,No,0.062407425433925114,Low
1231,Jan,Toyota,Policy Holder,No,No,0.18580795242041653,Low
1232,Feb,Mazda,Policy Holder,No,No,0.694195878370584,High
1233,Dec,Honda,Policy Holder,No,No,0.623913192068287,High
1234,Nov,Mazda,Policy Holder,No,No,0.6235433074782532,High
1235,Jun,Honda,Third Party,No,No,0.07331645879867679,Low
1236,Jun,Pontiac,Policy Holder,No,No,0.14358664608306443,Low
1237,Mar,Pontiac,Third Party,No,No,0.05581942590084331,Low
1238,Apr,Honda,Third Party,No,No,0.026555305922741634,Low
1239,Mar,Pontiac,Policy Holder,No,No,0.6617214555260357,High
1240,Mar,Pontiac,Policy Holder,No,No,0.7780636871151765,High
1241,Mar,Chevrolet,Policy Holder,No,No,0.17505305172342528,Low
1242,Mar,Toyota,Third Party,No,No,0.0945637625324931,Low
1243,Mar,Nisson,Third Party,No,No,0.053608883141025715,Low
1244,Sep,Honda,Policy Holder,No,No,0.4807341842249298,Medium
1245,Oct,Honda,Policy Holder,No,No,0.7144266535357496,High
1246,Jan,Honda,Third Party,No,No,0.05618671180598419,Low
1247,Jan,Toyota,Third Party,No,No,0.07279912196314235,Low
1248,Mar,Accura,Policy Holder,No,No,0.18507373548131306,Low
1249,Feb,Toyota,Policy Holder,No,No,0.7705626298138866,High
1250,Feb,Honda,Policy Holder,No,No,0.8062488413582309,High
1251,Jan,Toyota,Policy Holder,No,No,0.7015993513745087,High
1252,Jan,Pontiac,Policy Holder,No,No,0.6526945485953404,High
1253,Jan,Honda,Policy Holder,No,No,0.09668441757110487,Low
1254,Aug,Toyota,Policy Holder,No,No,0.6010205819463843,High
1255,Dec,Toyota,Policy Holder,No,No,0.09306496455416578,Low
1256,Dec,Chevrolet,Policy Holder,No,No,0.8282110754723737,High
1257,Feb,Honda,Third Party,No,No,0.1041079830721177,Low
1258,Dec,Chevrolet,Third Party,No,No,0.03881925768096503,Low
1259,Dec,Ford,Policy Holder,No,No,0.6127110992959329,High
1260,Aug,Chevrolet,Policy Holder,No,No,0.8429924140488345,High
1261,Aug,Chevrolet,Third Party,No,No,0.036656902038213826,Low
1262,Sep,Pontiac,Third Party,No,No,0.03602697288597756,Low
1263,Sep,Honda,Policy Holder,No,No,0.12116523994358099,Low
1264,Dec,Toyota,Policy Holder,No,No,0.6871323658861073,High
1265,Dec,Mazda,Policy Holder,No,No,0.5633413963323335,Medium
1266,Feb,Pontiac,Third Party,No,No,0.03744382277369226,Low
1267,Dec,Toyota,Third Party,No,No,0.04956961113576309,Low
1268,Dec,Honda,Third Party,No,No,0.024772782857981276,Low
1269,Dec,Pontiac,Third Party,No,No,0.046984057906166866,Low
1270,Dec,Pontiac,Third Party,Yes,No,0.02594753648377938,Low
1271,Dec,Chevrolet,Policy Holder,No,No,0.6478678923580443,High
1272,Dec,Pontiac,Third Party,No,No,0.07118506911805925,Low
1273,Dec,Honda,Policy Holder,No,No,0.6915801737939816,High
1274,Sep,Pontiac,Policy Holder,No,No,0.5698145847710163,Medium
1275,Sep,Chevrolet,Policy Holder,No,No,0.7567813793947383,High
1276,Sep,VW,Policy Holder,No,No,0.736761906906474,High
1277,Feb,Toyota,Third Party,No,No,0.055564518893978065,Low
1278,Sep,Honda,Third Party,No,No,0.014807249896681302,Low
1279,Sep,Mazda,Policy Holder,Yes,No,0.44364645946498044,Medium
1280,Sep,Pontiac,Policy Holder,No,No,0.06520928020883694,Low
1281,Sep,Mazda,Policy Holder,No,No,0.09683613682659686,Low
1282,Dec,Mazda,Policy Holder,No,No,0.02262508899372469,Low
1283,Dec,VW,Policy Holder,No,No,0.018511602613172102,Low
1284,Dec,Pontiac,Policy Holder,No,No,0.5738825172638042,Medium
1285,Dec,Accura,Third Party,No,No,0.05859103426020933,Low
1286,Dec,Ford,Policy Holder,Yes,No,0.11031550154596649,Low
1287,Dec,Pontiac,Policy Holder,No,No,0.6803012394471917,High
1288,Sep,Pontiac,Policy Holder,No,No,0.1226940452247482,Low
1289,Mar,Mazda,Policy Holder,No,No,0.783906188298993,High
1290,Feb,Chevrolet,Policy Holder,No,No,0.13563230411461927,Low
1291,Feb,Mercury,Policy Holder,No,No,0.17061061613675266,Low
1292,Feb,Toyota,Third Party,No,No,0.00383336576987235,Low
1293,Feb,Pontiac,Policy Holder,No,No,0.017161034655539018,Low
1294,Dec,Pontiac,Policy Holder,No,No,0.6364720717197709,High
1295,Mar,Toyota,Policy Holder,No,No,0.1602615395099882,Low
1296,Sep,Pontiac,Policy Holder,No,No,0.5621394991456913,Medium
1297,Apr,Pontiac,Policy Holder,No,No,0.7075543807296544,High
1298,Apr,Accura,Policy Holder,No,No,0.6952515983619233,High
1299,Apr,Honda,Policy Holder,No,No,0.10687454942354177,Low
1300,Apr,Chevrolet,Policy Holder,No,No,0.4831576128350831,Medium
1301,Jun,Toyota,Third Party,No,No,0.053474514067706584,Low
1302,Oct,Mazda,Policy Holder,No,No,0.06238132140060293,Low
1303,Nov,Mazda,Policy Holder,No,No,0.053042003737259084,Low
1304,Jan,Mazda,Policy Holder,No,No,0.09040286292671905,Low
1305,Dec,Toyota,Policy Holder,No,No,0.4978080739112891,Medium
1306,May,Toyota,Policy Holder,No,No,0.8635933544873562,High
1307,Jun,Mazda,Third Party,No,No,0.06434522970075304,Low
1308,Jun,Pontiac,Third Party,No,No,0.07096213943741991,Low
1309,Jul,Mazda,Third Party,No,No,0.0032182180528525176,Low
1310,Oct,Chevrolet,Third Party,No,No,0.03974037233894735,Low
1311,Oct,Chevrolet,Third Party,No,No,0.03973287928737121,Low
1312,Dec,Ford,Policy Holder,No,No,0.06233412153751774,Low
1313,Nov,BMW,Policy Holder,No,No,0.6443471179865801,High
1314,Nov,Pontiac,Policy Holder,No,No,0.05942759805310735,Low
1315,Jun,Honda,Policy Holder,No,No,0.5787244315317109,Medium
1316,Jul,Toyota,Policy Holder,No,No,0.04630261340326757,Low
1317,Jul,Chevrolet,Policy Holder,Yes,No,0.4763666410512081,Medium
1318,Feb,Honda,Policy Holder,No,No,0.07238311182316497,Low
1319,Nov,Ford,Policy Holder,No,No,0.0854276759172777,Low
1320,Jul,Pontiac,Policy Holder,No,No,0.6005731992767599,High
1321,Feb,Pontiac,Third Party,No,No,0.05842307444783259,Low
1322,Jun,Honda,Policy Holder,No,No,0.14120979457470859,Low
1323,Aug,Pontiac,Third Party,No,No,0.07679340333757781,Low
1324,Jul,Pontiac,Policy Holder,No,No,0.43721743373857097,Medium
1325,Jul,Honda,Policy Holder,No,No,0.04948701447664294,Low
1326,Aug,Honda,Policy Holder,No,No,0.11938369455251394,Low
1327,Aug,Pontiac,Policy Holder,No,No,0.9851242843408841,High
1328,Oct,Mazda,Third Party,No,No,0.05348804007620058,Low
1329,Feb,Honda,Third Party,No,No,0.09838328920008511,Low
1330,Nov,Pontiac,Policy Holder,No,No,0.06004689663563972,Low
1331,Nov,Toyota,Policy Holder,No,No,0.5181260217772601,Medium
1332,May,Chevrolet,Policy Holder,No,No,0.6313852206364151,High
1333,May,Mazda,Policy Holder,No,No,0.6048164850638552,High
1334,Feb,Pontiac,Third Party,No,No,0.03318154708678886,Low
1335,Aug,Pontiac,Third Party,No,No,0.05482206193580589,Low
1336,Aug,Chevrolet,Third Party,No,No,0.05190248768448367,Low
1337,Aug,Pontiac,Policy Holder,No,No,0.6778694736304056,High
1338,Oct,Pontiac,Policy Holder,No,No,0.09998723797263116,Low
1339,Feb,Honda,Policy Holder,No,No,0.5634155157933578,Medium
1340,Nov,Toyota,Policy Holder,No,No,0.08354943571323166,Low
1341,Nov,Pontiac,Policy Holder,No,No,0.06527098946492955,Low
1342,Sep,Toyota,Policy Holder,No,No,0.5441787674242542,Medium
1343,Aug,Pontiac,Policy Holder,No,No,0.11353566332912027,Low
1344,May,Pontiac,Third Party,No,No,0.04777511048258492,Low
1345,Apr,Honda,Third Party,No,No,0.11021634452719702,Low
1346,Apr,Honda,Third Party,No,No,0.10136704033141744,Low
1347,Apr,Chevrolet,Policy Holder,No,No,0.5118578021825355,Medium
1348,Apr,Pontiac,Policy Holder,No,No,0.6304958825178867,High
1349,Dec,Mazda,Policy Holder,No,No,0.5798575454646161,Medium
1350,Dec,Mercury,Policy Holder,No,No,0.5788786563378412,Medium
1351,Dec,Chevrolet,Policy Holder,No,No,0.47323203884839027,Medium
1352,Dec,Chevrolet,Third Party,No,No,0.0017064801784092997,Low
1353,Nov,Pontiac,Third Party,No,No,0.021472791966549727,Low
1354,Nov,Honda,Policy Holder,No,No,0.5030271662398486,Medium
1355,Oct,Toyota,Policy Holder,No,No,0.5365633783399621,Medium
1356,Sep,Toyota,Third Party,No,No,0.04186396442599157,Low
1357,Sep,Toyota,Policy Holder,No,No,0.7441980243760535,High
1358,Sep,Chevrolet,Policy Holder,No,No,0.7367518030764894,High
1359,Sep,Toyota,Third Party,No,No,0.03424890087899322,Low
1360,Sep,Honda,Policy Holder,No,No,0.07395028897759741,Low
1361,Sep,Chevrolet,Policy Holder,No,No,0.11218373370027711,Low
1362,Aug,Mazda,Policy Holder,No,No,0.6919296548534137,High
1363,Aug,Mazda,Policy Holder,No,No,0.6323714931494535,High
1364,Jul,Honda,Policy Holder,No,No,0.5516011399563873,Medium
1365,Jun,Honda,Third Party,No,No,0.09190678971569965,Low
1366,Jun,Honda,Policy Holder,No,No,0.6898303652981254,High
1367,Feb,Mazda,Third Party,No,No,0.047956905055457424,Low
1368,Nov,Honda,Policy Holder,No,No,0.03950114611842801,Low
1369,Nov,Toyota,Policy Holder,No,No,0.4508880048214619,Medium
1370,Nov,Pontiac,Policy Holder,No,No,0.04374361679321107,Low
1371,Aug,Pontiac,Policy Holder,No,No,0.5272745911307416,Medium
1372,Jul,Pontiac,Policy Holder,No,No,0.6158611834103395,High
1373,May,Pontiac,Third Party,No,No,0.09007685910103014,Low
1374,May,Pontiac,Policy Holder,No,No,0.6313183180988018,High
1375,Apr,Toyota,Policy Holder,Yes,No,0.17830423261534772,Low
1376,Apr,Toyota,Third Party,No,No,0.05865025322635036,Low
1377,Apr,Pontiac,Policy Holder,No,No,0.08683037026924334,Low
1378,Nov,Honda,Policy Holder,No,No,0.9795918794253631,High
1379,Oct,Honda,Policy Holder,No,No,0.074807742108179,Low
1380,Oct,Toyota,Policy Holder,No,No,0.12905565465689972,Low
1381,Oct,Pontiac,Policy Holder,No,No,0.10888253451453431,Low
1382,Sep,Toyota,Policy Holder,No,No,0.6111588650944443,High
1383,Sep,Mazda,Policy Holder,No,No,0.773654862995718,High
1384,Aug,Chevrolet,Third Party,No,No,0.07656129256946455,Low
1385,Aug,Honda,Policy Holder,No,No,0.8484477151036274,High
1386,Jul,Honda,Policy Holder,No,No,0.7118653592914481,High
1387,Jun,Toyota,Policy Holder,No,No,0.12736735249740946,Low
1388,Jun,Toyota,Third Party,No,No,0.06444508672090933,Low
1389,May,Pontiac,Policy Holder,No,No,0.5745689604561436,Medium
1390,May,Mazda,Policy Holder,No,No,0.754795153814936,High
1391,May,Mazda,Policy Holder,No,No,0.5754259362212994,Medium
1392,May,Ford,Policy Holder,No,No,0.14408823883521296,Low
1393,Apr,Pontiac,Policy Holder,No,No,0.7558071254469508,High
1394,Apr,Toyota,Third Party,No,No,0.20649095922500038,Low
1395,Feb,Toyota,Policy Holder,No,No,0.6786091547204324,High
1396,Dec,Honda,Policy Holder,No,No,0.4919048749112692,Medium
1397,Feb,Pontiac,Policy Holder,No,No,0.6945354999452037,High
1398,Mar,Toyota,Policy Holder,No,No,0.18524184857563827,Low
1399,Mar,Toyota,Third Party,No,No,0.10674194414012408,Low
1400,Jan,Toyota,Policy Holder,No,No,0.08160024040268221,Low
1401,Dec,VW,Policy Holder,No,No,0.19002651307174176,Low
1402,Sep,Mazda,Policy Holder,No,No,0.44214325710080543,Medium
1403,Dec,Pontiac,Third Party,No,No,0.04553136294771917,Low
1404,Dec,Mazda,Third Party,No,No,0.04990955153167491,Low
1405,Dec,Pontiac,Policy Holder,No,No,0.042946391764558806,Low
1406,Dec,Honda,Third Party,No,No,0.0017101616293417209,Low
1407,Dec,Honda,Third Party,No,No,0.03400221270909198,Low
1408,Dec,Honda,Policy Holder,No,No,0.5374195494922642,Medium
1409,Dec,Pontiac,Policy Holder,No,No,0.43222471565998816,Medium
1410,Sep,Toyota,Third Party,No,No,0.035609739331782624,Low
1411,Mar,Mazda,Policy Holder,No,No,0.08867261877844541,Low
1412,Feb,Honda,Policy Holder,No,No,0.8296557486475884,High
1413,Jan,Pontiac,Policy Holder,No,No,0.3888577377940642,Medium
1414,Jan,Honda,Policy Holder,No,No,0.09709451005901759,Low
1415,Jan,Mazda,Policy Holder,No,No,0.7571646659854949,High
1416,Jan,Chevrolet,Policy Holder,No,No,0.6654098099177026,High
1417,Mar,Mazda,Policy Holder,No,No,0.14005308537666292,Low
1418,Mar,Pontiac,Third Party,No,No,0.060775816601014214,Low
1419,Feb,Pontiac,Policy Holder,No,No,0.13907242500007158,Low
1420,May,Honda,Policy Holder,No,No,0.8476010839717651,High
1421,May,Chevrolet,Policy Holder,No,No,0.2054999665288582,Low
1422,Feb,Chevrolet,Third Party,No,No,0.08592789007951958,Low
1423,May,Honda,Third Party,No,No,0.06198936134051241,Low
1424,Jun,Toyota,Third Party,No,No,0.07814137998217904,Low
1425,Feb,Pontiac,Policy Holder,No,No,0.7806871558592288,High
1426,Jul,Pontiac,Policy Holder,Yes,No,0.5271516404412921,Medium
1427,Feb,Toyota,Policy Holder,No,No,0.8806053894946325,High
1428,Sep,Mazda,Policy Holder,No,No,0.08855324041634023,Low
1429,Feb,Toyota,Policy Holder,No,No,0.9955227452302056,High
1430,Oct,Ford,Third Party,No,Yes,0.1031618878764771,Low
1431,Nov,Honda,Policy Holder,No,No,0.06882868514775138,Low
1432,Nov,Honda,Third Party,No,Yes,0.0659863393570003,Low
1433,Jul,Pontiac,Policy Holder,No,No,0.5148204763446874,Medium
1434,Jul,Pontiac,Third Party,No,No,0.0026043482496601925,Low
1435,Oct,Chevrolet,Third Party,No,No,0.07534353487271823,Low
1436,Dec,Honda,Policy Holder,No,No,0.06810488788221761,Low
1437,Feb,Chevrolet,Policy Holder,No,No,0.8060231574315795,High
1438,Jan,Honda,Policy Holder,No,No,0.6379801212671551,High
1439,Jul,Accura,Policy Holder,No,No,0.5594025741122444,Medium
1440,Jul,Pontiac,Policy Holder,No,No,0.04820576387030361,Low
1441,Jun,Accura,Policy Holder,No,No,0.5269237017615512,Medium
1442,Jul,Saab,Policy Holder,No,No,0.6524270401529797,High
1443,Jul,Mazda,Policy Holder,No,No,0.06265854706070964,Low
1444,Aug,Chevrolet,Policy Holder,No,No,0.8062711491005842,High
1445,Oct,Chevrolet,Policy Holder,No,No,0.577874493769006,Medium
1446,Oct,Chevrolet,Policy Holder,No,No,0.10033016262410376,Low
1447,Dec,Pontiac,Third Party,Yes,No,0.01647564406706403,Low
1448,Dec,Porche,Policy Holder,No,No,0.7175059758097229,High
1449,Apr,Chevrolet,Third Party,No,No,0.044928000354450354,Low
1450,Jun,Toyota,Policy Holder,No,No,0.6983216390920051,High
1451,Aug,Honda,Policy Holder,No,No,0.44739994968333585,Medium
1452,Feb,Toyota,Third Party,No,No,0.09051526349215436,Low
1453,Sep,Honda,Policy Holder,No,No,0.09170176520610593,Low
1454,May,Chevrolet,Policy Holder,No,No,0.8247800519592019,High
1455,Oct,Honda,Third Party,No,No,0.06797040889397842,Low
1456,Feb,Toyota,Third Party,No,No,0.05203600266345624,Low
1457,Feb,Honda,Policy Holder,No,No,0.8893287524056133,High
1458,Feb,Toyota,Policy Holder,No,No,0.7538760567135524,High
1459,Aug,Honda,Policy Holder,No,No,0.39883716348415277,Medium
1460,Dec,Mazda,Policy Holder,No,No,0.08232617964764083,Low
1461,Dec,Honda,Policy Holder,No,No,0.7467670478572133,High
1462,Dec,Toyota,Policy Holder,No,No,0.8129661123903088,High
1463,Sep,Mazda,Policy Holder,No,No,0.06475318438259264,Low
1464,Dec,Pontiac,Policy Holder,No,No,0.5675582390531455,Medium
1465,Dec,Chevrolet,Policy Holder,No,No,0.5472583992079083,Medium
1466,Dec,Pontiac,Third Party,No,No,0.036977919531763714,Low
1467,Oct,Toyota,Policy Holder,No,No,0.6942667392540346,High
1468,Sep,Pontiac,Policy Holder,No,No,0.4870151652716841,Medium
1469,Sep,Mazda,Policy Holder,No,No,0.5505819198747767,Medium
1470,Jul,Chevrolet,Third Party,Yes,No,0.025995464043716093,Low
1471,Apr,Pontiac,Policy Holder,No,No,0.49146340944152145,Medium
1472,May,Mazda,Policy Holder,No,No,0.12498167987883707,Low
1473,May,Pontiac,Policy Holder,No,No,0.7354184709437277,High
1474,Nov,Pontiac,Policy Holder,No,No,0.1149159981309728,Low
1475,Aug,Accura,Policy Holder,No,No,0.7216769158962428,High
1476,May,Mazda,Policy Holder,No,No,0.5056597182117623,Medium
1477,May,Toyota,Policy Holder,No,No,0.18893924037368579,Low
1478,May,Chevrolet,Policy Holder,No,No,0.2822930165604054,Low
1479,May,Mazda,Policy Holder,No,No,0.7272356833566381,High
1480,Dec,Pontiac,Policy Holder,No,No,0.9834774108387839,High
1481,Nov,Mazda,Third Party,No,No,0.0013981316961158578,Low
1482,Feb,Accura,Policy Holder,No,No,0.8302001051590028,High
1483,Feb,Dodge,Third Party,No,No,0.018300827508513046,Low
1484,Feb,Honda,Policy Holder,No,No,0.7950577268243535,High
1485,Oct,Mazda,Third Party,No,No,0.08892244480565613,Low
1486,Sep,Honda,Policy Holder,No,No,0.6132067901685244,High
1487,Sep,Pontiac,Policy Holder,No,No,0.09521026168482909,Low
1488,Sep,Toyota,Policy Holder,No,No,0.13820579639204555,Low
1489,Sep,Pontiac,Policy Holder,No,No,0.7986237957677986,High
1490,Aug,Mazda,Policy Holder,No,No,0.7643156967512805,High
1491,Jul,Mazda,Policy Holder,No,No,0.07189712448942259,Low
1492,Jul,Pontiac,Policy Holder,No,No,0.038697389704333125,Low
1493,Nov,Toyota,Third Party,No,No,0.03340009312520217,Low
1494,Aug,Toyota,Policy Holder,No,No,0.6992997974381058,High
1495,Jul,Honda,Policy Holder,No,No,0.06419054683105244,Low
1496,Jun,Chevrolet,Policy Holder,No,No,0.6534943082943322,High
1497,May,Toyota,Policy Holder,No,No,0.1136281366002194,Low
1498,May,Chevrolet,Policy Holder,No,No,0.16361127927065802,Low
1499,Apr,Pontiac,Policy Holder,No,No,0.725193055193081,High
1500,Mar,Mazda,Policy Holder,No,No,0.10348668756950476,Low
1501,Oct,Mazda,Policy Holder,No,No,0.4929871113181538,Medium
1502,Oct,Chevrolet,Policy Holder,No,No,0.5852983799986434,Medium
1503,Oct,Honda,Policy Holder,No,No,0.145990870692312,Low
1504,Oct,Pontiac,Policy Holder,No,No,0.17380554160537126,Low
1505,Sep,Toyota,Third Party,No,No,0.003662012339030879,Low
1506,Aug,Saab,Third Party,No,No,0.11805640689692397,Low
1507,Aug,Mazda,Policy Holder,No,No,0.4670233259559915,Medium
1508,Jun,Toyota,Policy Holder,No,No,0.14732761669135552,Low
1509,May,Pontiac,Third Party,No,No,0.0031304256802226734,Low
1510,May,Chevrolet,Policy Holder,No,No,0.11823694892887542,Low
1511,May,Pontiac,Policy Holder,No,No,0.6540470963931942,High
1512,May,Pontiac,Third Party,No,No,0.06513732038533367,Low
1513,Mar,Pontiac,Policy Holder,No,No,0.08646821911369584,Low
1514,Apr,Pontiac,Policy Holder,No,No,0.5285215434966024,Medium
1515,Apr,Pontiac,Policy Holder,No,No,0.12254150135232253,Low
1516,Dec,Pontiac,Policy Holder,No,No,0.36125754943641214,Medium
1517,Jul,Honda,Policy Holder,No,No,0.8248653852567146,High
1518,Apr,Mazda,Policy Holder,No,No,0.6411104148890758,High
1519,Dec,Chevrolet,Policy Holder,No,No,0.47247864605730194,Medium
1520,Mar,Honda,Policy Holder,No,No,0.1635712091796506,Low
1521,Feb,Pontiac,Policy Holder,No,No,0.7743919794089522,High
1522,Dec,Honda,Policy Holder,No,No,0.4645914561858646,Medium
1523,Dec,Toyota,Policy Holder,No,No,0.485247273278755,Medium
1524,Dec,Accura,Policy Holder,No,No,0.09710235587423485,Low
1525,Dec,Mazda,Policy Holder,No,No,0.08503497389572473,Low
1526,Sep,Pontiac,Third Party,No,No,0.051126166005613906,Low
1527,Apr,Mazda,Policy Holder,Yes,No,0.09558207916081143,Low
1528,Nov,Chevrolet,Third Party,No,No,0.004638226968487258,Low
1529,Aug,Pontiac,Policy Holder,No,No,0.0632113221205668,Low
1530,Apr,Ford,Policy Holder,No,No,0.8630455090388327,High
1531,Apr,Honda,Policy Holder,No,No,0.8970106847152662,High
1532,Nov,Honda,Third Party,No,No,0.01790145070673152,Low
1533,Jan,Chevrolet,Policy Holder,No,No,0.14866980927641293,Low
1534,Jan,Toyota,Policy Holder,No,No,0.0674796060210827,Low
1535,Jan,Honda,Policy Holder,No,No,0.06749122659771557,Low
1536,Jan,Accura,Third Party,No,Yes,0.04696946644994293,Low
1537,Apr,Toyota,Policy Holder,No,No,0.12302462230370112,Low
1538,Apr,Chevrolet,Third Party,No,No,0.07998410043254463,Low
1539,Feb,Honda,Third Party,No,No,0.13318544588992956,Low
1540,Apr,Toyota,Policy Holder,No,No,0.14400467602002764,Low
1541,Feb,Honda,Third Party,No,No,0.0787341153328535,Low
1542,May,Mazda,Policy Holder,No,No,0.11442033812154766,Low
1543,May,Mazda,Policy Holder,No,No,0.11678503556230133,Low
1544,Aug,Toyota,Policy Holder,No,No,0.7421274021405059,High
1545,Aug,Mazda,Policy Holder,No,No,0.08542191183011784,Low
1546,Oct,Saab,Policy Holder,No,No,0.14163539574908504,Low
1547,Nov,Pontiac,Third Party,No,No,0.020816687712142727,Low
1548,Oct,Honda,Third Party,No,No,0.03690168625245801,Low
1549,May,Honda,Policy Holder,No,No,0.17937924571028316,Low
1550,May,Toyota,Third Party,No,No,0.09693204585824627,Low
1551,Jun,Toyota,Policy Holder,No,No,0.8268239725916953,High
1552,Nov,Ford,Policy Holder,No,No,0.5195732706146013,Medium
1553,Jun,Toyota,Policy Holder,No,No,0.6203031723983602,High
1554,Jul,Toyota,Policy Holder,No,No,0.5841061997589897,Medium
1555,Aug,Pontiac,Policy Holder,No,No,0.1253587068610525,Low
1556,Feb,Honda,Policy Holder,Yes,No,0.8094992249958765,High
1557,Nov,Pontiac,Policy Holder,No,No,0.630031552671918,High
1558,Nov,Accura,Policy Holder,No,No,0.07587248609242978,Low
1559,Feb,Pontiac,Policy Holder,No,No,0.6331653117381308,High
1560,Dec,Mazda,Third Party,No,No,0.041543168102202196,Low
1561,Dec,Honda,Third Party,No,No,0.04024676865929692,Low
1562,Feb,Toyota,Third Party,No,No,0.1058972272903706,Low
1563,May,Pontiac,Third Party,No,No,0.05487621778799975,Low
1564,Aug,Accura,Policy Holder,No,No,0.8308588465843644,High
1565,Feb,Mazda,Third Party,No,No,0.004972945418138987,Low
1566,Oct,Accura,Policy Holder,No,No,0.15043577492233956,Low
1567,Oct,Mazda,Policy Holder,No,No,0.5109894224492676,Medium
1568,Jan,Toyota,Third Party,No,No,0.1354643031519794,Low
1569,Sep,Mazda,Policy Holder,Yes,Yes,0.06326948633372391,Low
1570,Sep,Mazda,Third Party,No,No,0.04832807566950183,Low
1571,Sep,Honda,Third Party,No,No,0.0797030383119197,Low
1572,Dec,Pontiac,Policy Holder,No,No,0.06337466059709564,Low
1573,Jun,Mazda,Third Party,No,No,0.002806072061630672,Low
1574,Sep,Toyota,Policy Holder,Yes,No,0.6289281917377708,High
1575,Dec,Pontiac,Third Party,Yes,No,0.0026831611069506986,Low
1576,Dec,Honda,Policy Holder,Yes,No,0.43037741477660957,Medium
1577,Mar,Pontiac,Third Party,No,No,0.006566205968036015,Low
1578,Mar,Chevrolet,Policy Holder,No,No,0.779631984667124,High
1579,Apr,Toyota,Third Party,No,No,0.05078336905140015,Low
1580,Nov,Chevrolet,Policy Holder,No,No,0.5310993056056734,Medium
1581,Jul,Chevrolet,Policy Holder,No,No,0.05079908237084166,Low
1582,Dec,Mercury,Policy Holder,No,No,0.9942615113511998,High
1583,Oct,Chevrolet,Policy Holder,No,No,0.7041887949080341,High
1584,Sep,Accura,Third Party,No,No,0.003757906872969911,Low
1585,Sep,Mazda,Third Party,No,No,0.10404334509508151,Low
1586,Feb,Mazda,Third Party,No,No,0.1289738458180739,Low
1587,Dec,Toyota,Policy Holder,No,No,0.6932578733221239,High
1588,Feb,Pontiac,Policy Holder,Yes,Yes,0.5676958888354852,Medium
1589,Dec,Mazda,Policy Holder,No,No,0.4863083239180129,Medium
1590,May,Chevrolet,Policy Holder,No,No,0.6636764503380905,High
1591,Oct,Pontiac,Policy Holder,No,No,0.6556853682611017,High
1592,Oct,Chevrolet,Third Party,No,No,0.04941473042125653,Low
1593,May,Toyota,Policy Holder,No,No,0.07319444369496676,Low
1594,Oct,Chevrolet,Third Party,No,No,0.06839762641317385,Low
1595,Oct,Ford,Third Party,No,No,0.04153141070088578,Low
1596,Sep,Mazda,Policy Holder,No,No,0.11557290750551456,Low
1597,May,Toyota,Policy Holder,No,No,0.11739515112941117,Low
1598,Oct,Toyota,Policy Holder,No,No,0.7421217824094187,High
1599,Feb,Honda,Policy Holder,No,No,0.868007665421381,High
1600,Feb,Pontiac,Policy Holder,No,No,0.7863046447128051,High
1601,Sep,Honda,Policy Holder,No,No,0.11744687623126678,Low
1602,Jan,Honda,Policy Holder,No,No,0.8273263890513208,High
1603,Jan,Honda,Third Party,No,No,0.052726657573650214,Low
1604,Apr,Honda,Policy Holder,No,No,0.6266330007883155,High
1605,Jun,Mazda,Policy Holder,No,No,0.1199655969234093,Low
1606,Jun,Pontiac,Policy Holder,No,No,0.08899432878479308,Low
1607,Sep,Pontiac,Third Party,No,No,0.030869722594480384,Low
1608,Oct,Chevrolet,Third Party,No,No,0.03325511952398076,Low
1609,Nov,Pontiac,Policy Holder,No,No,0.3533728192968477,Medium
1610,Nov,Mazda,Policy Holder,No,No,0.03661867656811108,Low
1611,Dec,Mazda,Policy Holder,No,No,0.6927387850953437,High
1612,Dec,Toyota,Policy Holder,No,No,0.6478316239320928,High
1613,Jan,Nisson,Policy Holder,No,No,0.15538560812389285,Low
1614,Jan,Mazda,Policy Holder,No,No,0.06510449842290017,Low
1615,May,Pontiac,Policy Holder,No,No,0.5559475369225664,Medium
1616,Feb,VW,Policy Holder,No,No,0.0391051891034143,Low
1617,Aug,VW,Third Party,No,No,0.006711534841183887,Low
1618,Feb,Honda,Third Party,No,No,0.06924659502708169,Low
1619,Nov,Honda,Third Party,No,No,0.007920142170424957,Low
1620,Nov,Toyota,Policy Holder,No,No,0.061300205400886945,Low
1621,Sep,Mazda,Third Party,No,No,0.03243157637334107,Low
1622,Aug,Honda,Policy Holder,No,No,0.07312374345163974,Low
1623,Jun,Chevrolet,Policy Holder,No,No,0.6117795045352563,High
1624,Jun,Pontiac,Policy Holder,No,No,0.6225005192846141,High
1625,Apr,Mazda,Policy Holder,No,No,0.6344365656801683,High
1626,Feb,Honda,Third Party,No,No,0.14000034200576897,Low
1627,Jan,Honda,Policy Holder,Yes,No,0.6755506479458601,High
1628,Jan,Mazda,Policy Holder,No,No,0.6285228866980456,High
1629,Nov,Toyota,Policy Holder,No,No,0.05544207321528747,Low
1630,Nov,Chevrolet,Policy Holder,No,No,0.7074231820703761,High
1631,Nov,Pontiac,Policy Holder,No,No,0.4542972507451199,Medium
1632,Nov,Toyota,Third Party,Yes,No,0.03898136479129445,Low
1633,Oct,Honda,Policy Holder,No,No,0.9815551037697836,High
1634,Sep,Pontiac,Policy Holder,No,No,0.47739331437131666,Medium
1635,Sep,Mazda,Policy Holder,No,No,0.0722891066679714,Low
1636,Sep,Honda,Policy Holder,No,No,0.6463623626549425,High
1637,Aug,Honda,Policy Holder,No,No,0.7404312069961115,High
1638,Aug,Honda,Third Party,No,No,0.055156750858296334,Low
1639,Aug,Pontiac,Policy Holder,No,No,0.24999500563261354,Low
1640,Jun,Pontiac,Policy Holder,No,No,0.6866804720261408,High
1641,May,Pontiac,Policy Holder,No,No,0.7435679835991852,High
1642,Apr,Chevrolet,Policy Holder,No,No,0.26043118494614464,Low
1643,Sep,Honda,Policy Holder,No,No,0.06567574671239221,Low
1644,Sep,Mazda,Third Party,No,No,0.032262349560117115,Low
1645,Oct,Ford,Policy Holder,No,No,0.12475527347784396,Low
1646,Jun,Chevrolet,Policy Holder,No,No,0.0975049417364254,Low
1647,Aug,Mazda,Policy Holder,No,No,0.10427314495949593,Low
1648,Jun,Mazda,Policy Holder,No,No,0.09165606469877788,Low
1649,Jun,Pontiac,Policy Holder,Yes,No,0.6100205666188038,High
1650,Oct,Mazda,Policy Holder,No,No,0.5904599697735502,Medium
1651,Oct,Honda,Third Party,No,No,0.08205148205500763,Low
1652,Oct,Mazda,Third Party,No,No,0.040647404694309934,Low
1653,Oct,Chevrolet,Policy Holder,No,No,0.6980235890819337,High
1654,Mar,Chevrolet,Third Party,No,No,0.04132350267247772,Low
1655,Dec,Mazda,Policy Holder,No,No,0.6212730364901402,High
1656,Oct,Mazda,Policy Holder,Yes,No,0.11152977015724412,Low
1657,Jan,Honda,Policy Holder,No,No,0.6890836479820183,High
1658,Jan,Pontiac,Third Party,No,No,0.049770835660727764,Low
1659,Mar,Toyota,Third Party,No,No,0.06014618574760776,Low
1660,Mar,Mazda,Third Party,No,No,0.0016658974408293257,Low
1661,Mar,Pontiac,Policy Holder,No,No,0.8203150009631437,High
1662,Jan,Chevrolet,Policy Holder,No,No,0.7028111179621566,High
1663,Jan,Chevrolet,Policy Holder,No,No,0.74332469525622,High
1664,Jun,Toyota,Policy Holder,No,No,0.7056364310983816,High
1665,Nov,Pontiac,Policy Holder,No,No,0.5236983370005224,Medium
1666,Feb,Toyota,Third Party,No,No,0.005366775234746646,Low
1667,Dec,Honda,Policy Holder,No,No,0.6291924218107041,High
1668,Mar,Pontiac,Third Party,No,No,0.03985403960459536,Low
1669,May,Honda,Policy Holder,No,No,0.7599568772687282,High
1670,May,Toyota,Policy Holder,No,No,0.6227980456443546,High
1671,May,Mazda,Policy Holder,No,No,0.6587210110119781,High
1672,Jun,Honda,Third Party,No,No,0.05314212187847623,Low
1673,Nov,Chevrolet,Policy Holder,No,No,0.6025214755792098,High
1674,Dec,Saab,Policy Holder,No,No,0.6931948252172693,High
1675,Jan,Honda,Policy Holder,No,No,0.09360229570202379,Low
1676,Mar,Honda,Policy Holder,No,No,0.792325590555269,High
1677,Jan,Chevrolet,Policy Holder,No,No,0.7196986568658792,High
1678,Jan,Pontiac,Policy Holder,No,No,0.13006668809446176,Low
1679,Apr,Chevrolet,Policy Holder,No,No,0.798318688829683,High
1680,Mar,Toyota,Policy Holder,No,No,0.7156628912131617,High
1681,May,Toyota,Policy Holder,No,No,0.6886931603723215,High
1682,Jun,Pontiac,Policy Holder,No,No,0.08709982387318714,Low
1683,Mar,Accura,Policy Holder,No,No,0.8553195373540609,High
1684,Sep,Accura,Policy Holder,No,No,0.9851205116210416,High
1685,Mar,Chevrolet,Policy Holder,No,No,0.8722180982145534,High
1686,Oct,Pontiac,Policy Holder,No,No,0.08824992538721155,Low
1687,Mar,Ford,Policy Holder,No,No,0.6288655244369038,High
1688,Oct,Chevrolet,Policy Holder,No,No,0.08516974198524012,Low
1689,Mar,Honda,Policy Holder,No,No,0.8250171982402842,High
1690,Mar,Toyota,Policy Holder,No,No,0.7493247383370247,High
1691,Dec,Saturn,Policy Holder,No,No,0.7285058288703496,High
1692,Jan,Mazda,Policy Holder,No,No,0.6199221095941154,High
1693,Jan,Toyota,Policy Holder,No,No,0.6027361664036404,High
1694,Jan,Chevrolet,Policy Holder,No,No,0.6902290910078548,High
1695,May,Mazda,Policy Holder,No,No,0.06705138793391592,Low
1696,May,Pontiac,Policy Holder,No,No,0.04937185222640455,Low
1697,Jun,Ford,Policy Holder,No,No,0.1534404436785177,Low
1698,Jun,Toyota,Policy Holder,No,No,0.6192401517960164,High
1699,Jul,Toyota,Policy Holder,No,No,0.43539970883372575,Medium
1700,Aug,Honda,Policy Holder,No,No,0.5155191996897924,Medium
1701,Oct,Pontiac,Policy Holder,No,No,0.6123081041774118,High
1702,Oct,Chevrolet,Third Party,No,No,0.0024198228329909716,Low
1703,Oct,Pontiac,Policy Holder,No,No,0.7344372589914351,High
1704,Oct,VW,Policy Holder,No,No,0.01879182630663979,Low
1705,Dec,Honda,Policy Holder,No,No,0.5255088169922815,Medium
1706,Nov,Mazda,Policy Holder,No,No,0.06192053197995751,Low
1707,Oct,Accura,Policy Holder,No,No,0.5833084601992352,Medium
1708,Oct,Nisson,Policy Holder,No,No,0.570030754885648,Medium
1709,Oct,Dodge,Policy Holder,No,No,0.056242636225728476,Low
1710,Oct,Mazda,Policy Holder,Yes,No,0.6663807008069844,High
1711,Oct,Accura,Policy Holder,No,No,0.8462518110042985,High
1712,Oct,Mazda,Policy Holder,No,No,0.5886790934240761,Medium
1713,Sep,Pontiac,Policy Holder,No,No,0.5087197999725651,Medium
1714,Aug,Toyota,Third Party,No,No,0.0014634566792355022,Low
1715,Jul,Toyota,Policy Holder,No,No,0.11685107546485576,Low
1716,Jul,Toyota,Policy Holder,Yes,No,0.6076350070381492,High
1717,Jun,Accura,Third Party,No,No,0.07290043205281758,Low
1718,Jun,Chevrolet,Policy Holder,No,No,0.28348690572668617,Low
1719,May,Ford,Policy Holder,No,No,0.01843670843368525,Low
1720,Jun,Chevrolet,Third Party,No,No,0.06411851854929379,Low
1721,May,Honda,Policy Holder,No,No,0.6530813817266998,High
1722,May,Toyota,Policy Holder,No,No,0.6592778288394455,High
1723,May,Toyota,Policy Holder,No,No,0.7259388497850313,High
1724,May,Honda,Policy Holder,No,No,0.13027485701451588,Low
1725,Apr,Toyota,Policy Holder,No,No,0.7594011320250761,High
1726,Apr,Toyota,Policy Holder,No,No,0.8211284356664853,High
1727,Mar,Toyota,Policy Holder,No,No,0.11757962684143808,Low
1728,Feb,VW,Third Party,No,No,0.0006831363783571494,Low
1729,Feb,Pontiac,Third Party,No,No,0.042075141663782324,Low
1730,Feb,Toyota,Policy Holder,No,No,0.17807218115395076,Low
1731,Feb,Pontiac,Policy Holder,No,No,0.5035420273982374,Medium
1732,Feb,Honda,Policy Holder,No,No,0.8194870084443552,High
1733,Mar,Honda,Third Party,No,No,0.12074069904194892,Low
1734,Feb,Accura,Policy Holder,No,No,0.10610115393666106,Low
1735,Feb,Toyota,Policy Holder,No,No,0.7834793594354444,High
1736,Jan,Mazda,Policy Holder,No,No,0.07218986135234695,Low
1737,Mar,Honda,Policy Holder,No,No,0.8572056137712017,High
1738,Mar,Toyota,Policy Holder,No,No,0.8162797933697209,High
1739,Jan,Honda,Policy Holder,No,No,0.10112431429843097,Low
1740,Jan,Mazda,Third Party,No,No,0.024538194237430207,Low
1741,Jan,Toyota,Policy Holder,No,No,0.1265928378398757,Low
1742,Jan,Mazda,Policy Holder,No,No,0.6459689165619812,High
1743,Jan,Toyota,Policy Holder,No,No,0.0854745675774539,Low
1744,Jan,Honda,Third Party,No,No,0.021445133695597814,Low
1745,Jan,Pontiac,Policy Holder,No,No,0.09537649578321544,Low
1746,Mar,Honda,Third Party,No,No,0.06325867997967873,Low
1747,Jan,Mazda,Policy Holder,No,No,0.9101371667068436,High
1748,Jan,Honda,Policy Holder,No,No,0.7798297675496806,High
1749,Jan,Toyota,Policy Holder,No,No,0.17512120095627942,Low
1750,Jan,Pontiac,Policy Holder,No,No,0.11421762229364951,Low
1751,Jan,Ford,Policy Holder,No,No,0.6930683988233061,High
1752,Jan,Toyota,Policy Holder,No,No,0.6820753199484467,High
1753,Jan,Pontiac,Third Party,No,No,0.0442317889664667,Low
1754,Mar,Chevrolet,Third Party,No,No,0.08444405201592974,Low
1755,Jan,Pontiac,Policy Holder,No,No,0.505844556909237,Medium
1756,Jan,Ford,Policy Holder,No,No,0.6978611351938931,High
1757,Jan,VW,Policy Holder,No,No,0.20745259336139996,Low
1758,Dec,Toyota,Policy Holder,No,No,0.6585306196410108,High
1759,Dec,Honda,Policy Holder,No,No,0.04118685038761171,Low
1760,Dec,Chevrolet,Policy Holder,No,No,0.4731550762881937,Medium
1761,Nov,Pontiac,Policy Holder,No,No,0.24268088973142551,Low
1762,Oct,Toyota,Policy Holder,Yes,No,0.0915224393210438,Low
1763,Sep,Pontiac,Policy Holder,No,No,0.7887760944646093,High
1764,Sep,Toyota,Policy Holder,No,No,0.19538235435398837,Low
1765,Sep,Pontiac,Policy Holder,No,No,0.49238429338731077,Medium
1766,Mar,Honda,Policy Holder,No,No,0.8379360980016991,High
1767,Aug,Pontiac,Policy Holder,No,No,0.5865451037885592,Medium
1768,Aug,Mercury,Policy Holder,No,No,0.20131187992352736,Low
1769,Aug,VW,Policy Holder,No,No,0.4485384538868995,Medium
1770,Aug,Pontiac,Policy Holder,No,No,0.7777709513993709,High
1771,Jul,Pontiac,Policy Holder,No,No,0.08526211837940148,Low
1772,Jul,Pontiac,Policy Holder,No,No,0.6593133105270176,High
1773,Jul,Honda,Third Party,No,No,0.04968583857285735,Low
1774,Jun,Accura,Policy Holder,No,No,0.04152516240952553,Low
1775,Jun,Toyota,Policy Holder,No,No,0.7586916950314352,High
1776,May,Dodge,Policy Holder,No,No,0.45726658678019494,Medium
1777,May,Chevrolet,Third Party,No,No,0.0489470008345167,Low
1778,Mar,Mazda,Policy Holder,No,No,0.669543508110194,High
1779,May,VW,Third Party,No,No,0.010602345883624905,Low
1780,Apr,Mazda,Policy Holder,No,No,0.5619530724981245,Medium
1781,Mar,Mazda,Policy Holder,No,No,0.7633808296175519,High
1782,Jan,Toyota,Policy Holder,No,No,0.6529632898030067,High
1783,Jan,Toyota,Policy Holder,No,No,0.07920342130705207,Low
1784,Jan,Mazda,Policy Holder,No,No,0.11762626796744888,Low
1785,Jan,Chevrolet,Policy Holder,No,No,0.12055808791643131,Low
1786,Jan,Pontiac,Policy Holder,No,No,0.9860316466616306,High
1787,Jan,Chevrolet,Policy Holder,No,No,0.6782928924880546,High
1788,Jan,Pontiac,Third Party,No,No,0.04665375421839162,Low
1789,Nov,Honda,Policy Holder,No,No,0.7022448067516153,High
1790,Mar,Toyota,Policy Holder,No,No,0.7378876291244783,High
1791,Nov,Pontiac,Policy Holder,No,No,0.5995128678280345,Medium
1792,Oct,Honda,Policy Holder,No,No,0.7679746796498145,High
1793,Nov,Pontiac,Policy Holder,No,No,0.6706004664287236,High
1794,Aug,Pontiac,Policy Holder,No,No,0.057598591505672495,Low
1795,Feb,Ford,Policy Holder,No,No,0.7191086073414116,High
1796,Feb,Pontiac,Third Party,No,No,0.04682007771255815,Low
1797,Feb,VW,Policy Holder,No,No,0.28134296899524797,Low
1798,Mar,Accura,Policy Holder,No,No,0.2442366297434387,Low
1799,Feb,Pontiac,Policy Holder,No,No,0.5714295558580202,Medium
1800,Jan,Mazda,Third Party,No,No,0.04861376495007385,Low
1801,Jan,Honda,Policy Holder,No,No,0.126973687215486,Low
1802,Feb,Pontiac,Third Party,No,No,0.12150474716253185,Low
1803,May,Chevrolet,Policy Holder,No,No,0.7048314206408809,High
1804,May,Pontiac,Policy Holder,No,No,0.8258876958955726,High
1805,Oct,Pontiac,Policy Holder,No,No,0.5998269757934079,Medium
1806,Mar,Pontiac,Third Party,No,No,0.1020694489000821,Low
1807,May,Pontiac,Policy Holder,No,No,0.4460431395547798,Medium
1808,May,Mazda,Policy Holder,No,No,0.12499382573450747,Low
1809,May,Honda,Policy Holder,No,No,0.7238735772136706,High
1810,Jun,Pontiac,Policy Holder,No,No,0.1453936301274365,Low
1811,Jun,Toyota,Policy Holder,No,No,0.18532282196096742,Low
1812,Mar,Honda,Policy Holder,No,No,0.8618527671953357,High
1813,Aug,Pontiac,Policy Holder,No,No,0.6701149183742254,High
1814,Sep,Chevrolet,Policy Holder,No,No,0.1390973945068769,Low
1815,Sep,Chevrolet,Third Party,No,No,0.07522721261440228,Low
1816,Mar,Toyota,Third Party,No,Yes,0.07680760049332248,Low
1817,Jan,Accura,Policy Holder,No,No,0.6168034854002007,High
1818,Jan,Pontiac,Policy Holder,No,No,0.5012349709683954,Medium
1819,Jan,VW,Third Party,No,No,0.008386585923479283,Low
1820,Mar,Mazda,Policy Holder,No,No,0.8280720989208722,High
1821,Apr,Pontiac,Policy Holder,No,No,0.6477254203372035,High
1822,Apr,Pontiac,Policy Holder,No,No,0.5666263338968991,Medium
1823,Apr,Mazda,Third Party,No,No,0.05354936185402714,Low
1824,May,Chevrolet,Policy Holder,No,No,0.6240641126873018,High
1825,May,Mazda,Policy Holder,No,No,0.6577661174492265,High
1826,Jun,Honda,Policy Holder,No,No,0.8049426162819611,High
1827,Sep,Chevrolet,Policy Holder,No,No,0.0841079667305488,Low
1828,Sep,Toyota,Policy Holder,No,No,0.5632502753742508,Medium
1829,Oct,Chevrolet,Third Party,No,No,0.029271130156822305,Low
1830,Oct,Chevrolet,Third Party,Yes,No,0.0456578237248746,Low
1831,Dec,Mazda,Policy Holder,No,No,0.09037492694051469,Low
1832,Nov,Mazda,Policy Holder,No,No,0.041600367060799316,Low
1833,Oct,Toyota,Policy Holder,No,No,0.6433719595677605,High
1834,Sep,Pontiac,Policy Holder,No,No,0.12361429679622439,Low
1835,Jul,Pontiac,Third Party,No,No,0.022724586774857884,Low
1836,Jul,Toyota,Policy Holder,No,No,0.5060696175989905,Medium
1837,Jun,Chevrolet,Policy Holder,No,No,0.8807752711030525,High
1838,Jun,Honda,Policy Holder,No,No,0.6091625877086342,High
1839,Jun,Toyota,Third Party,No,No,0.0358597332863787,Low
1840,Jun,Mazda,Third Party,No,No,0.0868315644803414,Low
1841,Jun,Pontiac,Policy Holder,No,No,0.6051503989104674,High
1842,Jun,Pontiac,Policy Holder,No,No,0.11451470042534548,Low
1843,May,Toyota,Policy Holder,No,No,0.7208548682603891,High
1844,Apr,Toyota,Third Party,No,No,0.12361598654748385,Low
1845,Mar,Pontiac,Third Party,No,No,0.09611639224477427,Low
1846,Mar,Pontiac,Third Party,No,No,0.13069223955248824,Low
1847,Feb,Honda,Third Party,No,No,0.055278795888186454,Low
1848,Jan,Honda,Policy Holder,No,No,0.6873090885201995,High
1849,Jan,Toyota,Third Party,No,No,0.004770333460476589,Low
1850,Jan,Toyota,Third Party,No,No,0.028403719356742737,Low
1851,Jan,Toyota,Policy Holder,No,No,0.7843261828845853,High
1852,Jan,Honda,Policy Holder,No,No,0.43083415971965233,Medium
1853,Jan,Pontiac,Policy Holder,No,No,0.6931753915166038,High
1854,Jan,Pontiac,Policy Holder,No,No,0.791519569215782,High
1855,Jan,Pontiac,Policy Holder,No,No,0.31133548755360263,Medium
1856,Mar,Mazda,Policy Holder,No,No,0.7334516090393516,High
1857,Dec,Pontiac,Third Party,No,No,0.055835548111715684,Low
1858,Jan,Mazda,Policy Holder,No,No,0.08290218200073354,Low
1859,Jan,Mazda,Policy Holder,No,No,0.07899223615705869,Low
1860,Dec,Mazda,Third Party,No,No,0.03788318708108202,Low
1861,Mar,Pontiac,Third Party,No,No,0.045759063013696026,Low
1862,Mar,Toyota,Policy Holder,No,No,0.10438368148174743,Low
1863,Mar,Ford,Policy Holder,No,No,0.8193648506336997,High
1864,Oct,Toyota,Policy Holder,No,No,0.09458786552347906,Low
1865,Sep,Toyota,Policy Holder,No,No,0.4493218296046748,Medium
1866,Aug,Chevrolet,Policy Holder,No,No,0.17831185439810884,Low
1867,Jul,Honda,Third Party,No,No,0.027459920818048305,Low
1868,Jul,Pontiac,Policy Holder,No,No,0.05752987803131637,Low
1869,Jun,Pontiac,Policy Holder,No,No,0.7096029121261701,High
1870,Jun,Toyota,Third Party,No,No,0.05519053833769452,Low
1871,Apr,Toyota,Third Party,No,No,0.05215554061154114,Low
1872,Apr,Pontiac,Policy Holder,No,No,0.0872326378322452,Low
1873,Apr,Toyota,Policy Holder,No,No,0.7446642623929963,High
1874,Apr,Ford,Policy Holder,No,No,0.14107033680736525,Low
1875,Mar,Accura,Third Party,No,No,0.16459018314560817,Low
1876,Feb,Honda,Policy Holder,No,No,0.08144639026434214,Low
1877,Feb,Pontiac,Policy Holder,No,No,0.10357171807819805,Low
1878,Feb,Pontiac,Policy Holder,No,No,0.11005946778682864,Low
1879,Feb,Pontiac,Policy Holder,No,No,0.8772449882438157,High
1880,Feb,Mazda,Policy Holder,No,No,0.07912791215445455,Low
1881,Feb,Pontiac,Policy Holder,No,No,0.5563542408207128,Medium
1882,Mar,Dodge,Third Party,No,No,0.08084834646626149,Low
1883,Mar,Honda,Policy Holder,No,No,0.7607509578898362,High
1884,Jul,Honda,Policy Holder,No,No,0.07540402794615453,Low
1885,Nov,Pontiac,Policy Holder,No,No,0.6253505211001765,High
1886,Aug,Honda,Policy Holder,No,No,0.6692355754829598,High
1887,Feb,Pontiac,Third Party,No,No,0.048991697621648934,Low
1888,Mar,Mecedes,Policy Holder,No,No,0.9940534913515013,High
1889,Mar,Chevrolet,Policy Holder,No,No,0.6436314139164339,High
1890,Mar,Toyota,Policy Holder,No,No,0.13728373591885396,Low
1891,Aug,Chevrolet,Policy Holder,No,No,0.5746531563380084,Medium
1892,Aug,Pontiac,Policy Holder,No,No,0.6169363966517362,High
1893,Mar,Ford,Policy Holder,No,No,0.1771161249655199,Low
1894,Feb,Mazda,Policy Holder,No,No,0.42989247113349577,Medium
1895,Mar,Honda,Policy Holder,No,No,0.7674068267459732,High
1896,Feb,Pontiac,Policy Holder,No,No,0.11065877483894035,Low
1897,Feb,Honda,Policy Holder,No,No,0.6551308233829225,High
1898,Feb,Pontiac,Policy Holder,No,No,0.06285405416430127,Low
1899,Feb,Honda,Policy Holder,No,No,0.5990669400210377,Medium
1900,Feb,Chevrolet,Policy Holder,No,No,0.09473246490259637,Low
1901,Mar,Honda,Policy Holder,No,No,0.15263307547825394,Low
1902,Mar,Pontiac,Third Party,No,No,0.14378577255647396,Low
1903,Feb,Mazda,Third Party,No,No,0.02971025084854539,Low
1904,Mar,Honda,Third Party,No,No,0.059468325344436634,Low
1905,Jul,Pontiac,Policy Holder,No,No,0.6887791736517234,High
1906,Mar,Honda,Third Party,No,No,0.06144263129033192,Low
1907,Apr,Honda,Policy Holder,No,No,0.13986810801500782,Low
1908,Apr,Pontiac,Third Party,No,No,0.049991132292000605,Low
1909,Mar,Honda,Policy Holder,No,No,0.0921914907941634,Low
1910,Mar,Honda,Third Party,No,No,0.053851320631454126,Low
1911,Mar,Mazda,Third Party,No,No,0.09519032642694443,Low
1912,Feb,Honda,Policy Holder,No,No,0.13831895883061188,Low
1913,Dec,Toyota,Third Party,No,No,0.026509039934266856,Low
1914,Jan,Pontiac,Policy Holder,No,No,0.08170720047989675,Low
1915,Apr,Toyota,Policy Holder,No,No,0.7828969564157267,High
1916,Mar,Toyota,Third Party,No,No,0.08008066293417421,Low
1917,Feb,Toyota,Policy Holder,No,No,0.7579869163269942,High
1918,Feb,Honda,Policy Holder,No,No,0.18124414789021195,Low
1919,Feb,Honda,Policy Holder,No,No,0.0765388769050237,Low
1920,Mar,Mazda,Third Party,No,No,0.04952587499655045,Low
1921,Mar,Pontiac,Policy Holder,No,No,0.11960213512988672,Low
1922,Feb,Chevrolet,Policy Holder,No,No,0.7155907095036323,High
1923,Feb,Pontiac,Policy Holder,No,No,0.10539368992352526,Low
1924,Feb,Accura,Policy Holder,No,No,0.8396805061868503,High
1925,Feb,Toyota,Policy Holder,No,No,0.8318929842997191,High
1926,Feb,Mazda,Policy Holder,No,No,0.09856083156282214,Low
1927,Jan,Chevrolet,Policy Holder,No,No,0.5935935746021251,Medium
1928,Jan,Ford,Third Party,No,No,0.11517843826762789,Low
1929,Jan,Honda,Policy Holder,No,No,0.4695290523863398,Medium
1930,Jan,Toyota,Third Party,No,No,0.053045487013162244,Low
1931,Jan,Pontiac,Third Party,No,No,0.03159212666482892,Low
1932,Jan,Pontiac,Policy Holder,No,No,0.07634769183596657,Low
1933,Jan,Ford,Third Party,No,No,0.00517674232167924,Low
1934,Jan,Pontiac,Third Party,No,No,0.0023637285294349757,Low
1935,Jan,Chevrolet,Policy Holder,No,No,0.5845515879028137,Medium
1936,Jan,Toyota,Policy Holder,No,No,0.7912945405590478,High
1937,Jan,Pontiac,Policy Holder,No,No,0.7468877158350417,High
1938,Jan,Toyota,Policy Holder,No,No,0.12994613261124718,Low
1939,Mar,Pontiac,Third Party,No,No,0.6997867760141055,High
1940,Jan,Chevrolet,Policy Holder,No,No,0.0813024136777441,Low
1941,Jan,Accura,Policy Holder,No,No,0.7223316861180366,High
1942,Jan,Mazda,Policy Holder,No,No,0.06526908724876389,Low
1943,Jan,Dodge,Policy Holder,No,No,0.03905579229214006,Low
1944,Jan,Chevrolet,Third Party,No,No,0.002889352587167233,Low
1945,Jan,Toyota,Policy Holder,No,No,0.8302024410319182,High
1946,Jan,Honda,Policy Holder,No,No,0.795221833354562,High
1947,Jan,Honda,Policy Holder,No,No,0.6741844183714859,High
1948,Jan,Mazda,Third Party,No,No,0.12291333113402461,Low
1949,Mar,Pontiac,Third Party,No,No,0.07217049443665526,Low
1950,Jan,Honda,Policy Holder,No,No,0.7181190314999595,High
1951,Jan,Honda,Third Party,No,No,0.005069034108568069,Low
1952,Dec,Honda,Policy Holder,No,No,0.7277478538156166,High
1953,Dec,Ford,Policy Holder,No,No,0.7349305697618971,High
1954,Dec,Chevrolet,Policy Holder,No,No,0.6694904047408853,High
1955,Dec,Honda,Policy Holder,No,No,0.6149857489756541,High
1956,Jun,Chevrolet,Policy Holder,No,No,0.7920399890840545,High
1957,Dec,Chevrolet,Policy Holder,No,No,0.6359004745991542,High
1958,Dec,Honda,Third Party,No,No,0.05954241958864722,Low
1959,Jan,Honda,Policy Holder,No,No,0.7018395473437375,High
1960,Jan,Mazda,Policy Holder,No,No,0.11705683854267264,Low
1961,Jan,Accura,Policy Holder,No,No,0.834912642085699,High
1962,Jan,Honda,Policy Holder,No,No,0.13411166558774162,Low
1963,Mar,Toyota,Policy Holder,No,No,0.8575994684771002,High
1964,Jan,Ford,Policy Holder,No,No,0.20417767477268853,Low
1965,Jan,Toyota,Policy Holder,No,No,0.7251337414705497,High
1966,Jan,Toyota,Policy Holder,No,No,0.14491809704398115,Low
1967,Jan,Honda,Third Party,No,No,0.05533469786887097,Low
1968,Jan,Toyota,Policy Holder,No,No,0.8162259999705141,High
1969,Jan,Mazda,Policy Holder,No,No,0.07679505315176467,Low
1970,Jan,Pontiac,Third Party,No,No,0.07474218529563559,Low
1971,Jan,Pontiac,Policy Holder,No,No,0.09201368486505425,Low
1972,Jan,Toyota,Policy Holder,No,No,0.8063216282578031,High
1973,Feb,Accura,Third Party,No,No,0.07380100150295303,Low
1974,Feb,Ford,Policy Holder,No,No,0.6872419899212842,High
1975,Mar,Toyota,Third Party,No,No,0.004204686941291133,Low
1976,Apr,Mazda,Third Party,No,No,0.14543276132863162,Low
1977,May,Toyota,Policy Holder,No,No,0.7557678728698695,High
1978,Sep,Mazda,Policy Holder,No,No,0.6687438433360661,High
1979,Mar,Honda,Policy Holder,No,No,0.9530363650184116,High
1980,Jan,Honda,Policy Holder,No,No,0.047073973083308046,Low
1981,Jul,Pontiac,Policy Holder,No,No,0.05503337299169548,Low
1982,Oct,Toyota,Policy Holder,No,No,0.6585096201810398,High
1983,Oct,Chevrolet,Policy Holder,No,No,0.1624613434284387,Low
1984,Sep,Mazda,Third Party,Yes,Yes,0.02657923224564108,Low
1985,Mar,Toyota,Policy Holder,No,No,0.18145718920586443,Low
1986,Jul,Honda,Third Party,No,No,0.06506464866575098,Low
1987,Mar,Pontiac,Policy Holder,No,Yes,0.6403638095523028,High
1988,Feb,Pontiac,Policy Holder,No,No,0.5717464790920231,Medium
1989,Feb,Honda,Policy Holder,No,No,0.5727718312819989,Medium
1990,Feb,Chevrolet,Third Party,No,No,0.7667532235074247,High
1991,Jan,Honda,Policy Holder,No,No,0.12509772525286092,Low
1992,Jun,Toyota,Policy Holder,No,No,0.13711115048847936,Low
1993,May,Pontiac,Third Party,No,No,0.07375445267704722,Low
1994,Mar,Toyota,Third Party,No,No,0.045293152964644014,Low
1995,Mar,Toyota,Policy Holder,No,No,0.134019541544033,Low
1996,Feb,Toyota,Third Party,No,No,0.06091832838550135,Low
1997,Feb,Honda,Policy Holder,No,No,0.06273241300746708,Low
1998,Jan,Honda,Policy Holder,No,No,0.697257098560409,High
1999,Jan,Honda,Policy Holder,No,No,0.53000487866027,Medium
2000,Jan,Honda,Policy Holder,No,No,0.8188975226879998,High
2001,Jan,Honda,Third Party,No,No,0.061767404577267475,Low
2002,Jan,Pontiac,Third Party,No,No,0.001857751118655757,Low
2003,Jan,Ford,Policy Holder,No,No,0.05567386321865511,Low
2004,Mar,Mazda,Policy Holder,No,No,0.7366945746635383,High
2005,Jan,Accura,Policy Holder,No,No,0.20960072179310948,Low
2006,Jan,Toyota,Third Party,No,No,0.00263698141135294,Low
2007,Jan,Honda,Policy Holder,No,No,0.7585972312255711,High
2008,Dec,Toyota,Policy Holder,No,No,0.652733351777461,High
2009,Dec,Honda,Third Party,No,No,0.030225212124524108,Low
2010,Dec,Pontiac,Policy Holder,No,No,0.37620922917159544,Medium
2011,Mar,Toyota,Third Party,No,No,0.4531560138324611,Medium
2012,Nov,Chevrolet,Policy Holder,No,No,0.6133085348905049,High
2013,Dec,Pontiac,Policy Holder,No,No,0.2803056366391538,Low
2014,Mar,Pontiac,Policy Holder,No,No,0.07680897946534937,Low
2015,Mar,Honda,Policy Holder,No,No,0.19900007877301734,Low
2016,Feb,Mazda,Third Party,No,No,0.003153471231723567,Low
2017,Mar,Toyota,Third Party,No,No,0.05735140326699472,Low
2018,Mar,Chevrolet,Third Party,No,No,0.04423323476359552,Low
2019,May,Mazda,Policy Holder,No,No,0.6095218192309766,High
2020,May,Pontiac,Policy Holder,No,No,0.7691388165611364,High
2021,Apr,Toyota,Policy Holder,No,No,0.20281006932248735,Low
2022,Jul,Toyota,Policy Holder,No,No,0.7134626094870283,High
2023,Jun,Toyota,Policy Holder,No,No,0.8165209380064565,High
2024,Aug,Mazda,Third Party,No,No,0.11947019796515955,Low
2025,Mar,Chevrolet,Policy Holder,No,No,0.8577747976961432,High
2026,Mar,Pontiac,Policy Holder,No,No,0.08262205143524042,Low
2027,Mar,Accura,Policy Holder,No,No,0.12002316220527794,Low
2028,Mar,Accura,Policy Holder,No,No,0.7513415650492904,High
2029,Mar,Chevrolet,Policy Holder,No,No,0.09791310138602864,Low
2030,Apr,Honda,Policy Holder,No,No,0.16292274483642494,Low
2031,Apr,Honda,Policy Holder,Yes,No,0.7392980914864778,High
2032,Feb,Honda,Third Party,No,No,0.06726563743933647,Low
2033,Feb,Honda,Policy Holder,No,No,0.8101098834443895,High
2034,Feb,Honda,Policy Holder,No,No,0.05766465493643685,Low
2035,Feb,Honda,Third Party,No,No,0.0032115427514496243,Low
2036,Apr,Mazda,Policy Holder,No,No,0.5347248376996571,Medium
2037,May,Pontiac,Third Party,No,No,0.0882374961238962,Low
2038,May,Pontiac,Third Party,No,No,0.04813927826147003,Low
2039,May,Chevrolet,Policy Holder,No,No,0.8012105402021559,High
2040,Apr,Honda,Policy Holder,No,No,0.1426726701215899,Low
2041,Jun,Chevrolet,Third Party,No,No,0.7330257663221897,High
2042,Mar,Pontiac,Policy Holder,No,No,0.5886075993117353,Medium
2043,Mar,Chevrolet,Third Party,No,No,0.07699500675858142,Low
2044,Jul,Toyota,Policy Holder,No,No,0.5889062207902735,Medium
2045,Jul,Chevrolet,Policy Holder,No,No,0.09242944502868485,Low
2046,Jul,Pontiac,Policy Holder,No,No,0.07676617712591384,Low
2047,Aug,Toyota,Policy Holder,No,No,0.6949067324256348,High
2048,Aug,Honda,Third Party,No,No,0.04685258508852581,Low
2049,Oct,Toyota,Policy Holder,No,No,0.5472885991187052,Medium
2050,Nov,Toyota,Policy Holder,No,No,0.5156323783344149,Medium
2051,Nov,Pontiac,Policy Holder,No,No,0.6103751994343422,High
2052,Feb,Mazda,Third Party,No,No,0.049782038254662354,Low
2053,Feb,Dodge,Policy Holder,No,No,0.42148063370144007,Medium
2054,Apr,Toyota,Policy Holder,No,No,0.1334713676506784,Low
2055,Apr,VW,Policy Holder,No,No,0.017988126353282164,Low
2056,Apr,Pontiac,Policy Holder,No,No,0.6349744708030575,High
2057,Apr,Honda,Policy Holder,No,No,0.1187224951093217,Low
2058,May,VW,Policy Holder,No,No,0.2438567569133166,Low
2059,Jun,Honda,Policy Holder,No,No,0.08386644760629956,Low
2060,Jun,Pontiac,Policy Holder,No,No,0.1035765156455484,Low
2061,Jul,VW,Policy Holder,No,No,0.18014821726910718,Low
2062,Jul,Toyota,Policy Holder,No,No,0.4609997997704829,Medium
2063,Sep,Mazda,Policy Holder,No,No,0.09358683180029935,Low
2064,Oct,Toyota,Policy Holder,No,No,0.5552679917454818,Medium
2065,Nov,Toyota,Policy Holder,No,No,0.5211966182385198,Medium
2066,Mar,Toyota,Policy Holder,No,No,0.7395322019079459,High
2067,Sep,Mazda,Policy Holder,No,No,0.45833094653830986,Medium
2068,May,Toyota,Policy Holder,No,No,0.09793435156656023,Low
2069,May,Toyota,Third Party,No,No,0.03915661850750371,Low
2070,Jun,Pontiac,Policy Holder,No,No,0.597239241018824,Medium
2071,Jun,Pontiac,Policy Holder,No,No,0.6160285206536191,High
2072,Jul,Accura,Policy Holder,No,No,0.10647131374462802,Low
2073,Jul,Chevrolet,Policy Holder,No,No,0.6775488509144284,High
2074,Jun,Toyota,Third Party,No,No,0.05823203107758782,Low
2075,Jun,Toyota,Policy Holder,No,No,0.1576585816448639,Low
2076,Jun,Mazda,Third Party,No,No,0.047546420526470894,Low
2077,Oct,Pontiac,Policy Holder,No,No,0.644480406344938,High
2078,Oct,Chevrolet,Policy Holder,No,No,0.6027247667873529,High
2079,Oct,Pontiac,Policy Holder,No,No,0.7893932923370813,High
2080,Mar,Chevrolet,Policy Holder,No,No,0.6076636937038615,High
2081,Mar,Honda,Policy Holder,No,No,0.6101126352106825,High
2082,May,Pontiac,Policy Holder,No,No,0.1475573366078554,Low
2083,Jun,Chevrolet,Policy Holder,No,No,0.10689489740095154,Low
2084,May,Chevrolet,Policy Holder,No,No,0.14076521127500577,Low
2085,May,Toyota,Policy Holder,No,No,0.09608051359032797,Low
2086,Jul,Toyota,Third Party,No,No,0.04801683749425879,Low
2087,Jul,Toyota,Policy Holder,No,No,0.5830697389715527,Medium
2088,Sep,Pontiac,Policy Holder,No,No,0.570745578911612,Medium
2089,Oct,Mazda,Policy Holder,No,No,0.20330983326427643,Low
2090,Sep,Pontiac,Policy Holder,No,No,0.09152255103733839,Low
2091,Dec,VW,Policy Holder,No,No,0.18455158101563326,Low
2092,Mar,Pontiac,Policy Holder,No,No,0.6545711502948319,High
2093,Oct,Mazda,Policy Holder,No,No,0.5206591433759967,Medium
2094,Oct,Honda,Policy Holder,No,No,0.7125840752995936,High
2095,Aug,Mazda,Policy Holder,No,No,0.11249658584783212,Low
2096,Jul,Toyota,Third Party,No,No,0.05043972762488618,Low
2097,Jun,Honda,Policy Holder,No,No,0.44269988703327423,Medium
2098,Jun,Mazda,Policy Holder,No,No,0.7678915350862121,High
2099,Jun,Toyota,Policy Holder,No,No,0.16153960141288368,Low
2100,Jun,Mazda,Third Party,No,No,0.06335141179031442,Low
2101,May,Toyota,Policy Holder,No,No,0.909249014913275,High
2102,Apr,Toyota,Policy Holder,No,No,0.14556602674777847,Low
2103,Apr,Pontiac,Policy Holder,No,No,0.10756063799425535,Low
2104,Mar,Honda,Policy Holder,No,No,0.7307171111679585,High
2105,Feb,Mazda,Policy Holder,No,No,0.0604079836440241,Low
2106,Feb,Pontiac,Third Party,No,No,0.06674816358702229,Low
2107,Jan,Chevrolet,Policy Holder,No,No,0.09093764137940069,Low
2108,Jan,Pontiac,Policy Holder,No,No,0.11843084065160989,Low
2109,Nov,Mazda,Third Party,No,No,0.0010396597201718597,Low
2110,Oct,Toyota,Policy Holder,No,No,0.2716937005893689,Low
2111,Oct,Mazda,Third Party,No,No,0.03820258332355651,Low
2112,Oct,Pontiac,Policy Holder,No,No,0.7533219121088306,High
2113,Sep,Ford,Policy Holder,No,No,0.5756454507845131,Medium
2114,Sep,Mazda,Policy Holder,No,No,0.7389933667610493,High
2115,Aug,Chevrolet,Policy Holder,No,No,0.7397010934497035,High
2116,Aug,Accura,Policy Holder,No,No,0.7802227545897933,High
2117,Mar,Pontiac,Third Party,No,No,0.05975092861692461,Low
2118,May,Pontiac,Policy Holder,No,No,0.650716650554651,High
2119,May,Mazda,Policy Holder,No,No,0.6293649940023469,High
2120,May,Pontiac,Policy Holder,No,No,0.09205768305767943,Low
2121,May,Honda,Policy Holder,No,No,0.10673731904569489,Low
2122,Apr,Accura,Policy Holder,No,No,0.13902860165593806,Low
2123,Apr,Toyota,Third Party,No,No,0.027486595301616307,Low
2124,Apr,Chevrolet,Policy Holder,No,No,0.30403564170535935,Medium
2125,Mar,Accura,Policy Holder,No,No,0.2108275649393679,Low
2126,Jul,Honda,Policy Holder,No,No,0.46602651297572206,Medium
2127,May,Honda,Policy Holder,No,No,0.603109678913992,High
2128,Mar,Toyota,Third Party,No,No,0.06890887811070098,Low
2129,Mar,Mazda,Policy Holder,No,No,0.7755921013545909,High
2130,Feb,Honda,Policy Holder,No,No,0.7869448713673479,High
2131,Apr,Toyota,Policy Holder,No,No,0.7113424752012583,High
2132,Sep,Mazda,Policy Holder,No,No,0.557518944360538,Medium
2133,Sep,Honda,Policy Holder,No,No,0.05646086245908009,Low
2134,Nov,Honda,Third Party,No,No,0.03187029279691439,Low
2135,Sep,Toyota,Third Party,No,No,0.05247189358085391,Low
2136,Aug,Chevrolet,Third Party,No,No,0.10003873749064843,Low
2137,Jul,Toyota,Policy Holder,No,No,0.7715344838704054,High
2138,Jul,Honda,Third Party,No,No,0.0798466857059065,Low
2139,Jul,Chevrolet,Policy Holder,No,No,0.6684793610128424,High
2140,Jul,Honda,Policy Holder,No,No,0.4682226035911124,Medium
2141,Jul,Mazda,Policy Holder,No,No,0.7214326668819079,High
2142,Mar,Chevrolet,Policy Holder,No,No,0.8417938290831829,High
2143,Jun,Toyota,Third Party,No,No,0.15705457690308977,Low
2144,Mar,Ford,Policy Holder,No,No,0.8459876578214947,High
2145,Jun,Chevrolet,Policy Holder,No,No,0.8032351710973148,High
2146,May,Honda,Third Party,No,No,0.06130990493611041,Low
2147,Apr,Toyota,Third Party,No,No,0.07841132562315085,Low
2148,Apr,Mazda,Policy Holder,No,No,0.6280512552304296,High
2149,Apr,Pontiac,Policy Holder,No,No,0.7311165905782339,High
2150,Mar,Pontiac,Policy Holder,No,No,0.6587988053095144,High
2151,Mar,Toyota,Policy Holder,No,No,0.7864546632425611,High
2152,Mar,Chevrolet,Third Party,No,No,0.08664012266754238,Low
2153,Dec,VW,Policy Holder,No,No,0.028213530319599018,Low
2154,Oct,Toyota,Policy Holder,No,No,0.13489576233058273,Low
2155,Oct,Pontiac,Policy Holder,No,No,0.7503584627359081,High
2156,Sep,Toyota,Policy Holder,No,No,0.4813308968279885,Medium
2157,Sep,Honda,Policy Holder,No,No,0.4853966145284175,Medium
2158,Sep,Pontiac,Policy Holder,No,No,0.6931351009674117,High
2159,Aug,Toyota,Policy Holder,No,No,0.5494903694651824,Medium
2160,Aug,Honda,Third Party,No,No,0.12255566899691756,Low
2161,Jul,Toyota,Third Party,No,No,0.04584303225529022,Low
2162,Jun,Honda,Third Party,No,No,0.0686609125179559,Low
2163,Jun,Toyota,Third Party,No,No,0.053617147777244696,Low
2164,May,Chevrolet,Policy Holder,No,No,0.6534200598300395,High
2165,Apr,Ford,Third Party,No,No,0.07126140186321775,Low
2166,Apr,Honda,Third Party,No,No,0.0477723336162352,Low
2167,Apr,Chevrolet,Policy Holder,No,No,0.851532761584124,High
2168,Mar,Toyota,Policy Holder,No,No,0.7747858621084618,High
2169,Mar,Ford,Policy Holder,No,No,0.9082680881866267,High
2170,Mar,Honda,Policy Holder,No,No,0.6765157367629597,High
2171,Mar,Pontiac,Policy Holder,No,No,0.7518034612651211,High
2172,Feb,Chevrolet,Policy Holder,No,No,0.16115335534413425,Low
2173,Nov,Pontiac,Policy Holder,No,No,0.48259119185353994,Medium
2174,Mar,Toyota,Policy Holder,No,No,0.8361622500296855,High
2175,Nov,Toyota,Policy Holder,No,No,0.42806366727277695,Medium
2176,Nov,Toyota,Policy Holder,No,No,0.5955970508352314,Medium
2177,Nov,Ford,Policy Holder,Yes,No,0.07771470595583872,Low
2178,Sep,Chevrolet,Policy Holder,No,No,0.5543162438214133,Medium
2179,Mar,Toyota,Third Party,No,No,0.08918543103923332,Low
2180,Mar,Pontiac,Policy Holder,No,No,0.623970732400828,High
2181,Feb,Toyota,Policy Holder,No,No,0.910273896203377,High
2182,Feb,VW,Policy Holder,No,No,0.6038264833927286,High
2183,Feb,Chevrolet,Third Party,No,No,0.0031382315833317497,Low
2184,Feb,Pontiac,Policy Holder,No,No,0.10894037175457244,Low
2185,Feb,Toyota,Policy Holder,No,No,0.7483973874985259,High
2186,Mar,Pontiac,Policy Holder,No,No,0.6589265482292541,High
2187,May,Pontiac,Policy Holder,No,No,0.5988900582096944,Medium
2188,Mar,Mazda,Third Party,No,No,0.14069399979371922,Low
2189,Apr,Mazda,Policy Holder,No,No,0.5926570293525983,Medium
2190,Mar,Pontiac,Third Party,No,No,0.006329737888640166,Low
2191,Mar,Ford,Policy Holder,No,No,0.7904805627833186,High
2192,Mar,Mazda,Policy Holder,No,No,0.177947562922872,Low
2193,Mar,Honda,Third Party,No,No,0.002665707798250924,Low
2194,Mar,Mazda,Policy Holder,No,No,0.9839815636252248,High
2195,Feb,Honda,Third Party,No,No,0.06360490361841561,Low
2196,Feb,Toyota,Policy Holder,No,No,0.6868240928178888,High
2197,Feb,Pontiac,Third Party,No,No,0.06961853794501872,Low
2198,Mar,Chevrolet,Policy Holder,No,No,0.06095583349461411,Low
2199,Mar,Honda,Third Party,No,No,0.053270636637825344,Low
2200,Mar,Honda,Policy Holder,No,No,0.19401037107452643,Low
2201,Feb,Toyota,Policy Holder,No,No,0.7842603810392771,High
2202,Feb,Mazda,Policy Holder,No,No,0.13851580018993714,Low
2203,Mar,Toyota,Policy Holder,No,No,0.7901255442655971,High
2204,Jan,Chevrolet,Policy Holder,No,No,0.6483374106351233,High
2205,Mar,Toyota,Policy Holder,No,No,0.7167428548587158,High
2206,Feb,Honda,Policy Holder,No,No,0.5050159906137808,Medium
2207,Feb,Pontiac,Third Party,No,No,0.02776191520350657,Low
2208,Feb,Chevrolet,Policy Holder,No,No,0.6198496287612427,High
2209,Feb,Toyota,Third Party,No,No,0.10808377381596705,Low
2210,Feb,Mazda,Policy Holder,No,No,0.4122520310375877,Medium
2211,Feb,Honda,Policy Holder,No,No,0.5681214315280361,Medium
2212,Feb,Pontiac,Third Party,No,No,0.09039045464611156,Low
2213,Feb,Chevrolet,Policy Holder,No,No,0.1177072873025713,Low
2214,Mar,Pontiac,Third Party,No,No,0.007129024240600697,Low
2215,Mar,Pontiac,Policy Holder,No,No,0.7572529569692305,High
2216,Jan,Pontiac,Third Party,No,No,0.0027884757840326633,Low
2217,Jan,Pontiac,Policy Holder,No,No,0.5303661781233165,Medium
2218,Feb,Ford,Policy Holder,No,No,0.7057378094740415,High
2219,Feb,Accura,Policy Holder,No,No,0.6872597147030745,High
2220,Feb,Toyota,Policy Holder,No,No,0.08956722689598481,Low
2221,Mar,Pontiac,Policy Holder,No,No,0.6984535802668518,High
2222,Feb,Honda,Policy Holder,No,No,0.6049746402370774,High
2223,Mar,Toyota,Policy Holder,No,No,0.7996346192386703,High
2224,Feb,Pontiac,Third Party,No,No,0.05266664758200708,Low
2225,Feb,Honda,Policy Holder,No,No,0.6724006119036839,High
2226,Feb,Toyota,Policy Holder,No,No,0.6359554732137875,High
2227,Feb,Pontiac,Policy Holder,No,No,0.4515933081141347,Medium
2228,Feb,Pontiac,Policy Holder,No,No,0.6478155825438419,High
2229,Feb,Accura,Policy Holder,No,No,0.7739215240344289,High
2230,Feb,Toyota,Policy Holder,Yes,No,0.7420540901775322,High
2231,Mar,Toyota,Third Party,No,No,0.04844089834807082,Low
2232,Feb,Honda,Policy Holder,No,No,0.6137013574602262,High
2233,Mar,Chevrolet,Policy Holder,Yes,No,0.7123989033313631,High
2234,Feb,Pontiac,Policy Holder,No,No,0.7456709562883204,High
2235,Feb,Mazda,Policy Holder,No,No,0.08752467340123486,Low
2236,Feb,Accura,Policy Holder,No,No,0.7720174774596844,High
2237,Jan,Honda,Policy Holder,No,No,0.6055319703355003,High
2238,Jan,Toyota,Policy Holder,No,No,0.18405794079712876,Low
2239,Mar,Mazda,Third Party,No,No,0.055769326387725304,Low
2240,Mar,Honda,Policy Holder,No,No,0.738607482727082,High
2241,Mar,Toyota,Policy Holder,No,No,0.8802359838357448,High
2242,Feb,Honda,Policy Holder,No,No,0.14875988098892684,Low
2243,Feb,Honda,Policy Holder,No,No,0.1618228577367789,Low
2244,Feb,Ford,Policy Holder,No,No,0.7544167867898521,High
2245,Feb,Toyota,Third Party,No,No,0.15221749082737568,Low
2246,Feb,Mazda,Third Party,Yes,No,0.03725358815334448,Low
2247,Feb,Toyota,Policy Holder,No,No,0.7640836741028064,High
2248,Feb,Honda,Policy Holder,No,No,0.8018696638616558,High
2249,Feb,Accura,Third Party,No,No,0.071705085753059,Low
2250,Mar,Toyota,Policy Holder,No,No,0.639098942729924,High
2251,Mar,Toyota,Policy Holder,No,No,0.6454987622397419,High
2252,Jun,Honda,Policy Holder,No,No,0.8150413081600053,High
2253,Apr,Toyota,Third Party,No,No,0.08347549469817993,Low
2254,Mar,Honda,Policy Holder,No,No,0.8314239352612508,High
2255,Dec,Pontiac,Policy Holder,No,No,0.6220074897266598,High
2256,Apr,Toyota,Third Party,No,No,0.04531506236589006,Low
2257,Mar,Pontiac,Third Party,No,No,0.10010734038288352,Low
2258,Feb,Toyota,Policy Holder,No,No,0.7334642292906101,High
2259,May,Mazda,Policy Holder,No,No,0.547163490768786,Medium
2260,Apr,Honda,Policy Holder,No,No,0.08581807849957349,Low
2261,Jun,Pontiac,Policy Holder,No,No,0.11979607273800323,Low
2262,Jun,Honda,Third Party,No,No,0.03881616122489098,Low
2263,Jul,Honda,Policy Holder,No,No,0.7144853061612353,High
2264,Aug,Mazda,Policy Holder,No,No,0.5807934398907466,Medium
2265,Aug,Pontiac,Third Party,No,No,0.040348890470317755,Low
2266,Aug,Ford,Policy Holder,No,No,0.7671417264028565,High
2267,Sep,Honda,Policy Holder,No,No,0.07613032170341691,Low
2268,Aug,Pontiac,Third Party,No,No,0.0015658603081941244,Low
2269,Oct,Pontiac,Policy Holder,No,No,0.563797627986066,Medium
2270,Nov,Toyota,Policy Holder,No,No,0.07416410660696561,Low
2271,Nov,Pontiac,Policy Holder,No,No,0.3497523439167837,Medium
2272,Mar,Toyota,Policy Holder,No,No,0.7869602824018425,High
2273,Dec,Pontiac,Policy Holder,No,No,0.08806835088947565,Low
2274,Dec,Mazda,Policy Holder,No,No,0.11187726864824449,Low
2275,Apr,Saab,Policy Holder,No,No,0.7892078857714844,High
2276,Apr,Honda,Policy Holder,No,No,0.26863313854407644,Low
2277,Apr,Toyota,Policy Holder,No,No,0.1280289940314288,Low
2278,Jun,VW,Policy Holder,No,No,0.3967014525070519,Medium
2279,Jun,Toyota,Policy Holder,No,No,0.09777540931144083,Low
2280,Jun,Toyota,Third Party,No,No,0.003634491384162843,Low
2281,Aug,Mazda,Policy Holder,No,No,0.6727256311278565,High
2282,Aug,Chevrolet,Policy Holder,No,No,0.1420823196587513,Low
2283,Sep,Toyota,Policy Holder,No,No,0.13858508277520457,Low
2284,Nov,Pontiac,Policy Holder,No,No,0.46295176313871017,Medium
2285,Aug,Honda,Third Party,No,No,0.008936543015422715,Low
2286,Apr,Toyota,Policy Holder,No,No,0.1371134673596467,Low
2287,Jun,Toyota,Policy Holder,No,No,0.7064696199492014,High
2288,May,Toyota,Policy Holder,No,No,0.7718665685407388,High
2289,Jul,Mazda,Third Party,No,No,0.04043918199812168,Low
2290,Sep,Honda,Third Party,No,No,0.014834915884582661,Low
2291,Sep,Accura,Policy Holder,No,No,0.7970108717795766,High
2292,Sep,Honda,Policy Holder,No,No,0.7265455855497251,High
2293,Mar,Chevrolet,Policy Holder,No,No,0.6828748171808764,High
2294,Nov,Toyota,Policy Holder,No,No,0.6176357556524066,High
2295,Nov,Nisson,Third Party,No,No,0.01960548352138164,Low
2296,Nov,Saab,Policy Holder,No,No,0.9860357267371851,High
2297,May,Toyota,Policy Holder,No,No,0.7191277535622963,High
2298,May,Mazda,Policy Holder,No,No,0.57732009445841,Medium
2299,May,Saab,Policy Holder,No,No,0.9113364069659463,High
2300,Jun,Honda,Third Party,No,No,0.08010224645088558,Low
2301,Jun,Mazda,Policy Holder,No,No,0.15293775113360936,Low
2302,Sep,Pontiac,Policy Holder,No,No,0.1339935129302976,Low
2303,Dec,Chevrolet,Policy Holder,No,No,0.15213181118057648,Low
2304,Sep,Toyota,Policy Holder,No,No,0.02487304014034296,Low
2305,Aug,Honda,Policy Holder,No,No,0.5475537516327247,Medium
2306,Jan,Pontiac,Policy Holder,No,No,0.12936654644749102,Low
2307,Mar,Chevrolet,Policy Holder,No,No,0.8008934356956966,High
2308,Jan,Pontiac,Policy Holder,No,No,0.12549735120554226,Low
2309,Dec,Toyota,Third Party,No,No,0.033439735062131534,Low
2310,Sep,Mazda,Policy Holder,No,No,0.07989276971577473,Low
2311,Oct,Chevrolet,Policy Holder,No,No,0.4184112107992473,Medium
2312,Mar,Honda,Third Party,No,No,0.31424320969653036,Medium
2313,Jul,Pontiac,Policy Holder,No,No,0.07122237752326652,Low
2314,Mar,Honda,Policy Holder,No,No,0.8077078292006076,High
2315,Mar,Chevrolet,Third Party,No,No,0.09187348951454052,Low
2316,Jun,Pontiac,Policy Holder,No,No,0.6537144581643316,High
2317,May,Mazda,Policy Holder,No,No,0.5590911959880888,Medium
2318,Mar,Pontiac,Policy Holder,No,No,0.8135169396281742,High
2319,Jan,Chevrolet,Third Party,No,No,0.03572630874949183,Low
2320,Jan,Honda,Policy Holder,No,No,0.6482616516194017,High
2321,Dec,Mazda,Policy Holder,No,No,0.40602912954187576,Medium
2322,Jan,Honda,Policy Holder,No,No,0.7504945343944099,High
2323,Sep,Pontiac,Policy Holder,No,No,0.12283826004233316,Low
2324,Nov,Chevrolet,Policy Holder,No,No,0.5153685376181445,Medium
2325,Nov,Pontiac,Policy Holder,No,No,0.07160056364925624,Low
2326,Dec,Pontiac,Policy Holder,No,No,0.5114742632527026,Medium
2327,Oct,Chevrolet,Third Party,No,No,0.04402959701476672,Low
2328,Oct,Mazda,Third Party,No,No,0.019078099752515777,Low
2329,Oct,Chevrolet,Policy Holder,No,No,0.1237173529204223,Low
2330,Aug,Honda,Policy Holder,No,No,0.1139536154657999,Low
2331,Aug,Toyota,Third Party,No,No,0.08883245916267843,Low
2332,Jul,Honda,Third Party,No,No,0.007382781361001719,Low
2333,Jul,Honda,Policy Holder,No,No,0.0778365248030643,Low
2334,May,Pontiac,Policy Holder,No,No,0.6092839685904482,High
2335,May,Toyota,Policy Holder,No,No,0.10742933292557452,Low
2336,Apr,Toyota,Third Party,No,No,0.061383772959091074,Low
2337,Apr,Toyota,Policy Holder,No,No,0.7979580992601656,High
2338,Apr,Chevrolet,Policy Holder,No,No,0.6595492263051347,High
2339,Mar,Chevrolet,Policy Holder,No,No,0.689571822331064,High
2340,Mar,Mazda,Policy Holder,No,No,0.6236973592514824,High
2341,Dec,Honda,Policy Holder,No,No,0.5935080171946439,Medium
2342,Nov,Pontiac,Policy Holder,No,No,0.04312156127736481,Low
2343,Nov,Mercury,Policy Holder,No,No,0.4721780076263144,Medium
2344,Oct,Toyota,Third Party,No,No,0.06022337559892941,Low
2345,Oct,Accura,Policy Holder,No,No,0.6925342833976946,High
2346,Oct,Toyota,Policy Holder,No,No,0.14549860482988944,Low
2347,Oct,Mazda,Policy Holder,No,No,0.97796814295184,High
2348,Oct,Accura,Policy Holder,No,No,0.6192278544962009,High
2349,Oct,Mazda,Third Party,No,No,0.13980339057858504,Low
2350,Oct,VW,Third Party,No,No,0.0006719474568241095,Low
2351,Sep,Pontiac,Policy Holder,No,No,0.17621393315404868,Low
2352,Sep,Toyota,Policy Holder,No,No,0.584544398105712,Medium
2353,Sep,VW,Policy Holder,No,No,0.3458779929441697,Medium
2354,Mar,Chevrolet,Policy Holder,No,Yes,0.8723099882318917,High
2355,Jul,Mazda,Third Party,No,No,0.022144560465414877,Low
2356,Jul,Honda,Policy Holder,No,No,0.08228186925723482,Low
2357,Jun,Honda,Policy Holder,No,No,0.07922479639434475,Low
2358,Jun,Jaguar,Third Party,No,No,0.12115912526598145,Low
2359,Jun,Pontiac,Policy Holder,No,No,0.1477861865129311,Low
2360,May,Honda,Policy Holder,No,No,0.8607541808275054,High
2361,May,Honda,Policy Holder,No,No,0.8070739021355009,High
2362,Mar,Pontiac,Policy Holder,No,No,0.7120000368418368,High
2363,May,Toyota,Third Party,No,No,0.006068593884031076,Low
2364,May,Honda,Policy Holder,No,No,0.16522651642913325,Low
2365,Apr,Mazda,Third Party,No,No,0.03826128095935336,Low
2366,Mar,Honda,Policy Holder,No,No,0.8612354735833881,High
2367,Nov,Toyota,Policy Holder,Yes,No,0.12882876446242775,Low
2368,Nov,Pontiac,Third Party,No,No,0.013954423680668003,Low
2369,Nov,Mazda,Policy Holder,No,No,0.4462357898827725,Medium
2370,Nov,Chevrolet,Policy Holder,No,No,0.03710287656944106,Low
2371,Oct,Honda,Policy Holder,No,No,0.8036160524479041,High
2372,Aug,Mazda,Policy Holder,No,No,0.597629111636684,Medium
2373,Jul,Pontiac,Third Party,No,No,0.0017026317801202343,Low
2374,Jul,Pontiac,Third Party,No,No,0.016302381579676097,Low
2375,Jul,Honda,Policy Holder,No,No,0.572094669807465,Medium
2376,Jul,Toyota,Third Party,No,No,0.03647636708604523,Low
2377,Apr,Pontiac,Third Party,No,No,0.004705986883251999,Low
2378,Apr,Pontiac,Policy Holder,No,No,0.11647926675857391,Low
2379,Mar,Chevrolet,Third Party,No,No,0.05590592440885075,Low
2380,Mar,Toyota,Policy Holder,Yes,Yes,0.5862528574129152,Medium
2381,Mar,Pontiac,Policy Holder,No,No,0.30702019209522774,Medium
2382,Nov,Mazda,Policy Holder,No,No,0.05950787893110038,Low
2383,Nov,Pontiac,Policy Holder,No,No,0.04368792021306281,Low
2384,Mar,Mazda,Policy Holder,No,No,0.65294321218055,High
2385,Oct,Honda,Policy Holder,No,No,0.6364231158778282,High
2386,Oct,Honda,Third Party,No,No,0.07794757847565599,Low
2387,Oct,Mazda,Third Party,Yes,No,0.07046974752209477,Low
2388,Mar,Ford,Policy Holder,No,No,0.8120462361155611,High
2389,Mar,Toyota,Policy Holder,No,No,0.7214197028719059,High
2390,Jul,Toyota,Policy Holder,No,No,0.7062346397971941,High
2391,Jul,Dodge,Policy Holder,No,No,0.32455716869852774,Medium
2392,Jul,Pontiac,Third Party,No,No,0.0013860407221395934,Low
2393,Mar,Honda,Third Party,No,No,0.0860103446456728,Low
2394,Jun,Honda,Policy Holder,No,No,0.1523659129228836,Low
2395,Jun,Honda,Policy Holder,No,No,0.08232899587479484,Low
2396,Jun,Mazda,Policy Holder,No,No,0.10246474068010276,Low
2397,May,Pontiac,Policy Holder,No,No,0.5939102590531763,Medium
2398,May,Toyota,Policy Holder,No,No,0.8599366518627738,High
2399,Apr,Mazda,Policy Holder,No,No,0.05050705850056371,Low
2400,Apr,Mazda,Policy Holder,No,No,0.12657735562344213,Low
2401,Sep,Toyota,Policy Holder,No,No,0.1345987847835505,Low
2402,Apr,Pontiac,Policy Holder,No,No,0.6452250934856815,High
2403,Mar,Toyota,Third Party,No,No,0.13059598645907505,Low
2404,Jul,Pontiac,Policy Holder,No,No,0.3221442220274891,Medium
2405,Jul,Toyota,Third Party,Yes,No,0.038147203194116956,Low
2406,May,Chevrolet,Policy Holder,No,No,0.18876797986846142,Low
2407,Apr,Mazda,Policy Holder,No,No,0.13086013197769422,Low
2408,Apr,Toyota,Third Party,No,No,0.04940744596933418,Low
2409,Jul,Toyota,Third Party,No,No,0.030671501047367423,Low
2410,Mar,Honda,Policy Holder,No,No,0.15331830197200072,Low
2411,Mar,Pontiac,Policy Holder,No,No,0.6188444712853177,High
2412,Mar,Toyota,Policy Holder,No,No,0.1668159116408826,Low
2413,Mar,Honda,Policy Holder,No,No,0.7361751358612586,High
2414,Mar,Accura,Policy Holder,No,No,0.25528233922320503,Low
2415,Apr,Pontiac,Third Party,No,No,0.0031644558925444286,Low
2416,Mar,Pontiac,Third Party,No,No,0.043760926787549614,Low
2417,Apr,Toyota,Policy Holder,No,No,0.8026938237976156,High
2418,Apr,Saturn,Policy Holder,No,No,0.8223318968787076,High
2419,Apr,Toyota,Third Party,No,No,0.14969442722772902,Low
2420,Oct,Pontiac,Policy Holder,No,No,0.6323405592671784,High
2421,Mar,Toyota,Policy Holder,No,No,0.26004157400933553,Low
2422,Mar,Pontiac,Third Party,No,No,0.054506073392917756,Low
2423,Mar,Pontiac,Policy Holder,No,No,0.6948903106604069,High
2424,Mar,Pontiac,Policy Holder,No,No,0.7708685740598102,High
2425,Mar,Honda,Third Party,No,No,0.0739315216669343,Low
2426,Mar,Honda,Third Party,No,No,0.03610696586795952,Low
2427,Mar,Ford,Third Party,No,No,0.0012608943942614558,Low
2428,Mar,Mazda,Policy Holder,No,No,0.6066779932778117,High
2429,Jun,Honda,Third Party,No,No,0.04926025824789384,Low
2430,Jun,Dodge,Policy Holder,No,No,0.043050267381815645,Low
2431,Jun,Toyota,Policy Holder,No,No,0.6101483791078148,High
2432,Jul,Pontiac,Policy Holder,No,No,0.03878918108199189,Low
2433,Oct,Toyota,Third Party,No,No,0.07159579585347993,Low
2434,Mar,Chevrolet,Policy Holder,No,No,0.13129556602507955,Low
2435,Nov,Honda,Policy Holder,No,No,0.5025268739384824,Medium
2436,Nov,Toyota,Policy Holder,Yes,No,0.4546871816603747,Medium
2437,Mar,Toyota,Policy Holder,No,No,0.8536638146790227,High
2438,Nov,Mazda,Policy Holder,No,No,0.050277392081951394,Low
2439,Nov,Chevrolet,Policy Holder,No,No,0.06642913665041567,Low
2440,Oct,Chevrolet,Third Party,No,No,0.0020429559070507253,Low
2441,Oct,Chevrolet,Third Party,No,No,0.0028666516129451235,Low
2442,Oct,Honda,Policy Holder,No,No,0.09362998578601162,Low
2443,Jul,Toyota,Policy Holder,No,No,0.6233738156075185,High
2444,Jul,Pontiac,Policy Holder,No,No,0.5820737733253898,Medium
2445,Jun,Mazda,Policy Holder,No,No,0.704706514920128,High
2446,Jun,Toyota,Third Party,No,No,0.02432278680167575,Low
2447,Jun,Honda,Policy Holder,No,No,0.5278250981807268,Medium
2448,Jun,Pontiac,Policy Holder,No,No,0.617653671064794,High
2449,Jun,Toyota,Policy Holder,No,No,0.8585582123293622,High
2450,Jun,Mazda,Policy Holder,No,No,0.15003185174671838,Low
2451,Mar,Honda,Policy Holder,No,No,0.024749433092030437,Low
2452,Mar,Accura,Policy Holder,No,No,0.7348015994990698,High
2453,Mar,Chevrolet,Policy Holder,No,No,0.1497828041521941,Low
2454,Mar,Chevrolet,Third Party,No,No,0.004760196924007249,Low
2455,Mar,Pontiac,Policy Holder,No,No,0.07340869348594073,Low
2456,Mar,Mazda,Policy Holder,No,No,0.01997299653560327,Low
2457,Mar,Toyota,Policy Holder,No,No,0.7709842222524707,High
2458,Mar,Toyota,Policy Holder,No,No,0.26914509838252376,Low
2459,Mar,Honda,Policy Holder,No,No,0.9045446879366844,High
2460,Mar,Mazda,Policy Holder,No,No,0.1433803499659034,Low
2461,Oct,Toyota,Policy Holder,No,No,0.7154184002449975,High
2462,Sep,Toyota,Policy Holder,No,No,0.693408230216224,High
2463,Sep,Toyota,Policy Holder,No,No,0.7634924400785518,High
2464,May,Chevrolet,Third Party,No,No,0.06561689779307264,Low
2465,May,Ford,Policy Holder,No,No,0.17130321528384262,Low
2466,Apr,Mazda,Third Party,No,No,0.057341274381998326,Low
2467,Apr,Toyota,Third Party,No,No,0.0046980911114526645,Low
2468,Apr,Pontiac,Third Party,No,No,0.0030595605770287397,Low
2469,Mar,Toyota,Policy Holder,No,No,0.7837675604809465,High
2470,Mar,Toyota,Policy Holder,No,No,0.8579151603848227,High
2471,Mar,Honda,Policy Holder,No,No,0.10820407596158449,Low
2472,Mar,Mazda,Policy Holder,No,No,0.19773143288220268,Low
2473,Mar,Honda,Policy Holder,No,No,0.1843108139355573,Low
2474,Mar,Pontiac,Third Party,No,No,0.043251507898878196,Low
2475,Mar,Mazda,Policy Holder,No,No,0.17758955643862537,Low
2476,Feb,Pontiac,Policy Holder,No,No,0.17361437960346304,Low
2477,Jan,Pontiac,Policy Holder,No,No,0.07048558392681001,Low
2478,Jun,Mazda,Policy Holder,No,No,0.12063864538140598,Low
2479,May,Chevrolet,Third Party,No,No,0.11928120918532671,Low
2480,Jul,Pontiac,Policy Holder,No,No,0.4433306417004302,Medium
2481,Aug,Chevrolet,Policy Holder,No,No,0.1139133488216963,Low
2482,Apr,Pontiac,Policy Holder,No,No,0.7527615390981257,High
2483,May,Pontiac,Policy Holder,No,No,0.12674248571302466,Low
2484,Jun,Toyota,Policy Holder,No,No,0.8382070911102577,High
2485,Apr,Pontiac,Policy Holder,No,No,0.7785496930463294,High
2486,Aug,Mazda,Third Party,No,No,0.09702516348047857,Low
2487,Sep,Pontiac,Third Party,No,No,0.0951040977046006,Low
2488,Aug,Honda,Policy Holder,No,No,0.7103023851847241,High
2489,Sep,Toyota,Policy Holder,No,No,0.5277800606249125,Medium
2490,Sep,Honda,Policy Holder,No,No,0.05701846195567966,Low
2491,Oct,Chevrolet,Policy Holder,No,No,0.756962332644029,High
2492,Nov,Pontiac,Third Party,No,No,0.0008747744440592094,Low
2493,Dec,Toyota,Third Party,No,No,0.06133142588855139,Low
2494,Dec,Pontiac,Third Party,No,No,0.033972226557131904,Low
2495,May,Pontiac,Policy Holder,No,No,0.17232727136758227,Low
2496,May,Honda,Policy Holder,No,No,0.637439145904555,High
2497,May,Saab,Policy Holder,No,No,0.20738160878796855,Low
2498,Aug,Mazda,Policy Holder,No,No,0.5903763890229123,Medium
2499,Aug,Pontiac,Third Party,No,No,0.05353898486640928,Low
2500,May,Chevrolet,Policy Holder,No,No,0.8815368412362923,High
2501,Apr,Pontiac,Policy Holder,No,No,0.7673254637117339,High
2502,May,Pontiac,Policy Holder,No,No,0.33808429370805687,Medium
2503,Jul,Toyota,Policy Holder,No,No,0.6911536435774547,High
2504,Jun,Honda,Policy Holder,No,No,0.6010054932916673,High
2505,Jun,Honda,Policy Holder,No,No,0.5601038940110796,Medium
2506,Aug,Mazda,Policy Holder,No,No,0.5495607470980637,Medium
2507,Aug,Pontiac,Policy Holder,No,No,0.12404134493416887,Low
2508,Sep,Toyota,Policy Holder,No,No,0.28469989387046934,Low
2509,Sep,Pontiac,Policy Holder,No,No,0.065558580048743,Low
2510,Sep,Toyota,Policy Holder,No,No,0.7679089538697882,High
2511,Oct,Honda,Third Party,No,No,0.0434594302547435,Low
2512,Dec,Pontiac,Policy Holder,No,No,0.7387055390910681,High
2513,Dec,Pontiac,Policy Holder,No,No,0.542696826822901,Medium
2514,Apr,Pontiac,Policy Holder,No,No,0.5992734798245577,Medium
2515,May,Pontiac,Policy Holder,No,No,0.6040880477936565,High
2516,May,Honda,Policy Holder,No,No,0.09567760794300821,Low
2517,May,Toyota,Third Party,No,No,0.002511095408785487,Low
2518,May,Pontiac,Policy Holder,No,No,0.10022956027043461,Low
2519,Jun,Mazda,Policy Holder,No,No,0.09171878234128693,Low
2520,Apr,Accura,Third Party,No,No,0.1308694754103047,Low
2521,Sep,Pontiac,Policy Holder,No,No,0.5948196167515432,Medium
2522,Oct,Honda,Policy Holder,No,No,0.7011531014017315,High
2523,Dec,Toyota,Policy Holder,No,No,0.6564082452174994,High
2524,Aug,Mazda,Policy Holder,No,No,0.07856379701022206,Low
2525,Jan,Toyota,Policy Holder,No,No,0.11706675761449696,Low
2526,Jan,Honda,Policy Holder,No,No,0.12351450533435518,Low
2527,Dec,Chevrolet,Policy Holder,No,No,0.6434415126068764,High
2528,Jan,Toyota,Third Party,No,No,0.04926977562018308,Low
2529,Jan,Honda,Third Party,No,No,0.028780202957957256,Low
2530,Jan,Toyota,Policy Holder,No,No,0.14652309152077794,Low
2531,Feb,Pontiac,Policy Holder,No,No,0.13475884530573196,Low
2532,Mar,Toyota,Policy Holder,No,No,0.7829009380831923,High
2533,Feb,Toyota,Policy Holder,No,No,0.13325665435164696,Low
2534,Feb,Honda,Policy Holder,No,No,0.1123134052213551,Low
2535,Jan,Toyota,Policy Holder,No,No,0.6594259894273229,High
2536,Nov,Honda,Third Party,No,No,0.018653523543421785,Low
2537,Nov,Mazda,Third Party,No,No,0.012954667512272545,Low
2538,Nov,Chevrolet,Third Party,No,No,0.015697691719438574,Low
2539,Feb,Pontiac,Third Party,No,No,0.06733374358445927,Low
2540,Feb,Honda,Third Party,No,No,0.00339886078307276,Low
2541,Mar,Accura,Third Party,No,No,0.06127046722717155,Low
2542,Apr,Honda,Third Party,No,No,0.030171544442997095,Low
2543,Jan,Pontiac,Policy Holder,No,No,0.16065196943646695,Low
2544,Aug,Honda,Policy Holder,No,No,0.5771557163787272,Medium
2545,Jul,Chevrolet,Policy Holder,No,No,0.5138723303288792,Medium
2546,Jul,Saturn,Third Party,No,No,0.09099559986453812,Low
2547,Jun,Toyota,Policy Holder,No,No,0.13427664745136345,Low
2548,May,Pontiac,Policy Holder,No,No,0.6817007976088556,High
2549,Apr,Honda,Policy Holder,No,No,0.15939320282667402,Low
2550,Dec,Mazda,Policy Holder,No,No,0.03768735201516891,Low
2551,May,Honda,Policy Holder,No,No,0.9828949552029541,High
2552,Oct,Mazda,Policy Holder,No,No,0.09812169789872507,Low
2553,Aug,Pontiac,Third Party,Yes,Yes,0.06443229649509442,Low
2554,Aug,Chevrolet,Policy Holder,No,No,0.6086555915005382,High
2555,Jul,Honda,Policy Holder,No,No,0.5940681559731747,Medium
2556,Jul,Mazda,Policy Holder,No,No,0.6396715088892007,High
2557,Jul,Mazda,Third Party,No,No,0.027463565820220838,Low
2558,Jul,Chevrolet,Policy Holder,No,No,0.5289591624656328,Medium
2559,May,Honda,Third Party,No,No,0.05365385756249865,Low
2560,May,Toyota,Third Party,No,No,0.03258994608466131,Low
2561,Nov,Honda,Policy Holder,No,No,0.4195995834039618,Medium
2562,Nov,Pontiac,Policy Holder,No,No,0.05568229982557999,Low
2563,Nov,Mazda,Policy Holder,Yes,No,0.3657464367278507,Medium
2564,Sep,Honda,Policy Holder,No,No,0.6427365132730847,High
2565,Aug,Mercury,Policy Holder,No,No,0.2039191293447679,Low
2566,Aug,Pontiac,Third Party,No,No,0.04554750195582275,Low
2567,Jul,Mercury,Policy Holder,No,No,0.6544908596940314,High
2568,Jul,Mazda,Policy Holder,No,No,0.029924853481506,Low
2569,Dec,Honda,Policy Holder,No,No,0.07679361738247645,Low
2570,Nov,Toyota,Policy Holder,No,No,0.4491349201749212,Medium
2571,Nov,Mazda,Third Party,No,No,0.0017170194913023378,Low
2572,Nov,Mercury,Policy Holder,No,No,0.5583685911807899,Medium
2573,Nov,Pontiac,Third Party,No,No,0.013735726866027267,Low
2574,Sep,Chevrolet,Policy Holder,No,No,0.6923713882121233,High
2575,Aug,Pontiac,Third Party,No,No,0.019678045948859847,Low
2576,Aug,Chevrolet,Policy Holder,No,No,0.7893399597103937,High
2577,Nov,Honda,Policy Holder,No,No,0.04695256788813483,Low
2578,Nov,Toyota,Policy Holder,No,No,0.5820219146251134,Medium
2579,Nov,Mazda,Policy Holder,No,No,0.05437234169084895,Low
2580,Apr,Chevrolet,Third Party,No,No,0.0534903391911689,Low
2581,Apr,Honda,Third Party,No,No,0.040819110548973477,Low
2582,Apr,Pontiac,Third Party,No,No,0.055240021669353274,Low
2583,Apr,Toyota,Policy Holder,No,No,0.756179005338743,High
2584,May,Pontiac,Policy Holder,No,No,0.1351203637719308,Low
2585,May,Toyota,Third Party,No,No,0.09444736704023872,Low
2586,Apr,Ford,Policy Holder,No,No,0.6513621498684683,High
2587,May,Mazda,Third Party,No,No,0.0035815278803388757,Low
2588,Jun,Mazda,Policy Holder,No,No,0.08045769016744823,Low
2589,Apr,Toyota,Third Party,No,No,0.050067688629182976,Low
2590,Apr,Pontiac,Policy Holder,No,No,0.7937962549389465,High
2591,Jun,Toyota,Third Party,No,No,0.08296777551807613,Low
2592,Jun,Pontiac,Policy Holder,No,No,0.7236781237508889,High
2593,Jun,Honda,Policy Holder,No,No,0.5245319050312959,Medium
2594,Jul,Pontiac,Policy Holder,No,No,0.5524280441599273,Medium
2595,Jul,Toyota,Third Party,No,No,0.1465522982655818,Low
2596,Jul,Pontiac,Policy Holder,No,No,0.36531266878304386,Medium
2597,Jul,Honda,Policy Holder,No,No,0.7298607004336886,High
2598,Aug,Toyota,Policy Holder,No,No,0.554782238206947,Medium
2599,Aug,Pontiac,Policy Holder,No,No,0.11097880717207646,Low
2600,Aug,Saab,Policy Holder,No,No,0.803828905680273,High
2601,Aug,VW,Policy Holder,No,No,0.31359888703855554,Medium
2602,Sep,Pontiac,Policy Holder,No,No,0.6582605011481226,High
2603,Sep,Pontiac,Policy Holder,No,No,0.08824246755806928,Low
2604,Oct,Mazda,Policy Holder,No,No,0.07446487622317734,Low
2605,Oct,Toyota,Third Party,No,No,0.03524282011714874,Low
2606,Oct,Pontiac,Policy Holder,No,No,0.088155959087513,Low
2607,Nov,Mazda,Policy Holder,No,No,0.4173876169884319,Medium
2608,Nov,Chevrolet,Policy Holder,No,No,0.013091118230320276,Low
2609,Nov,Toyota,Policy Holder,No,No,0.06736133434208644,Low
2610,Dec,Toyota,Third Party,No,No,0.0022020618535307343,Low
2611,Dec,Chevrolet,Third Party,No,No,0.04310903398242448,Low
2612,Mar,Mazda,Policy Holder,No,No,0.09011269436189077,Low
2613,Apr,Chevrolet,Policy Holder,No,No,0.6104438100576131,High
2614,Apr,Honda,Policy Holder,No,No,0.07944857747079898,Low
2615,Apr,VW,Policy Holder,No,No,0.032932951821017,Low
2616,Apr,Mazda,Policy Holder,No,No,0.018492270271095262,Low
2617,May,Toyota,Policy Holder,No,No,0.13900930005115442,Low
2618,Apr,Toyota,Third Party,No,No,0.10842250711733498,Low
2619,May,Honda,Policy Holder,No,No,0.09631123526467224,Low
2620,May,Honda,Third Party,No,No,0.06809611476645049,Low
2621,Jun,Honda,Third Party,No,No,0.12246154891511377,Low
2622,Jul,Honda,Policy Holder,No,No,0.048176766626514864,Low
2623,Jul,BMW,Third Party,No,No,0.056777500931535343,Low
2624,Jul,Mazda,Policy Holder,No,No,0.5664283028407057,Medium
2625,Jul,Pontiac,Policy Holder,No,No,0.09742813572608189,Low
2626,Jul,Accura,Third Party,No,No,0.035957387693211454,Low
2627,Aug,Toyota,Policy Holder,No,No,0.1832691488276471,Low
2628,Apr,Toyota,Policy Holder,No,No,0.7564377840065276,High
2629,Aug,Pontiac,Third Party,Yes,No,0.057920149319286324,Low
2630,Nov,Pontiac,Third Party,No,No,0.0009084249102757938,Low
2631,Nov,Honda,Policy Holder,No,No,0.09541792655612644,Low
2632,Apr,Pontiac,Third Party,No,No,0.045210727764663554,Low
2633,Sep,Pontiac,Policy Holder,No,No,0.5882025881033269,Medium
2634,Aug,Honda,Policy Holder,No,No,0.6850853368056244,High
2635,Aug,Toyota,Policy Holder,No,No,0.7773607468952155,High
2636,Aug,Toyota,Policy Holder,No,No,0.6051317057600675,High
2637,Apr,Toyota,Third Party,No,No,0.08967581097509475,Low
2638,Jul,Honda,Policy Holder,No,No,0.5206145107854602,Medium
2639,Jul,Pontiac,Third Party,No,No,0.04157890235997859,Low
2640,Jul,Toyota,Policy Holder,No,No,0.690573043045638,High
2641,Jul,Pontiac,Policy Holder,No,No,0.06671125700915136,Low
2642,Apr,Honda,Policy Holder,No,No,0.7854231353885368,High
2643,Jun,Pontiac,Policy Holder,No,No,0.1058762430114827,Low
2644,May,Pontiac,Policy Holder,No,No,0.7190446785387824,High
2645,May,Mazda,Third Party,No,No,0.04885237641801027,Low
2646,Apr,Pontiac,Policy Holder,No,No,0.8044845670180698,High
2647,May,Pontiac,Policy Holder,No,No,0.42267675148345796,Medium
2648,Apr,Mazda,Policy Holder,No,No,0.6633161558725997,High
2649,Apr,Mazda,Third Party,No,No,0.02515221306711818,Low
2650,Apr,Toyota,Policy Holder,No,No,0.12347502024582387,Low
2651,Apr,Pontiac,Policy Holder,No,No,0.5394280221095215,Medium
2652,Mar,Pontiac,Policy Holder,Yes,No,0.13757711396483852,Low
2653,Mar,Toyota,Third Party,No,No,0.15664143426777957,Low
2654,Dec,Honda,Policy Holder,No,No,0.0877447217273032,Low
2655,Dec,Accura,Policy Holder,No,No,0.11128940549675878,Low
2656,Dec,Pontiac,Policy Holder,No,No,0.7541452375950612,High
2657,Nov,Honda,Third Party,No,No,0.0017020411942268866,Low
2658,Nov,Toyota,Policy Holder,No,No,0.05515702663124148,Low
2659,Nov,VW,Policy Holder,No,No,0.25051108802710076,Low
2660,Nov,Honda,Third Party,No,No,0.00967472814170428,Low
2661,Nov,Pontiac,Third Party,No,No,0.021254189324690063,Low
2662,Nov,Toyota,Third Party,No,No,0.019956783814483223,Low
2663,Oct,Pontiac,Policy Holder,No,No,0.7528596765051966,High
2664,Oct,Toyota,Policy Holder,No,No,0.13389371125613211,Low
2665,Oct,Pontiac,Policy Holder,No,No,0.644359780910316,High
2666,Oct,Honda,Third Party,No,No,0.07156809447369666,Low
2667,Oct,Mazda,Policy Holder,No,No,0.6647644702906175,High
2668,Sep,Pontiac,Third Party,No,No,0.017883368327147018,Low
2669,Sep,Pontiac,Policy Holder,No,No,0.46006686532293206,Medium
2670,Sep,Honda,Policy Holder,No,No,0.6301904963195176,High
2671,Sep,Toyota,Policy Holder,No,No,0.7226800398181771,High
2672,Sep,Toyota,Third Party,No,No,0.0040831457190384545,Low
2673,Sep,Pontiac,Policy Holder,No,No,0.5146439553349806,Medium
2674,Aug,Mazda,Policy Holder,No,No,0.6179570897513064,High
2675,Aug,Toyota,Policy Holder,No,No,0.08980097875816066,Low
2676,Aug,Pontiac,Policy Holder,No,No,0.17053501259575682,Low
2677,Aug,Pontiac,Policy Holder,No,No,0.8280827537345761,High
2678,Apr,Ford,Policy Holder,No,No,0.8125002932629299,High
2679,Jul,Pontiac,Policy Holder,No,No,0.659288001131436,High
2680,Jul,Pontiac,Policy Holder,No,No,0.3443960597427687,Medium
2681,Jul,Saab,Policy Holder,No,No,0.7282391852307974,High
2682,Jul,Toyota,Policy Holder,No,No,0.6924315860955309,High
2683,Jul,Mazda,Third Party,No,No,0.06636581927472208,Low
2684,Jul,Pontiac,Policy Holder,No,No,0.5846669045456216,Medium
2685,Apr,Mazda,Third Party,No,No,0.12952734524603485,Low
2686,Jun,Pontiac,Policy Holder,No,No,0.8142578324278672,High
2687,Jun,Pontiac,Policy Holder,No,No,0.6960111882587016,High
2688,Jun,Pontiac,Policy Holder,No,No,0.7159117407519806,High
2689,Jun,Toyota,Policy Holder,No,No,0.15721583541507336,Low
2690,Jun,Honda,Third Party,No,No,0.030596983751471418,Low
2691,Apr,Honda,Third Party,No,No,0.043740090425567014,Low
2692,Jun,Toyota,Third Party,No,No,0.03851769956933378,Low
2693,Jun,Accura,Policy Holder,No,No,0.7021785436286218,High
2694,May,Pontiac,Policy Holder,No,No,0.1943947150005304,Low
2695,May,Pontiac,Third Party,No,No,0.002974098493606652,Low
2696,May,Honda,Policy Holder,No,No,0.15721918484351702,Low
2697,May,Pontiac,Policy Holder,No,No,0.14271119624676143,Low
2698,May,Toyota,Policy Holder,No,No,0.1301197627380574,Low
2699,Apr,Mazda,Third Party,No,No,0.13251164152381772,Low
2700,Apr,Toyota,Policy Holder,No,No,0.8170039871562693,High
2701,Apr,Chevrolet,Third Party,No,No,0.0008705163966014715,Low
2702,Apr,Honda,Policy Holder,No,No,0.6821221566758958,High
2703,Dec,Toyota,Policy Holder,No,No,0.7029019821775596,High
2704,Sep,Toyota,Policy Holder,No,No,0.8813816224851011,High
2705,Sep,VW,Policy Holder,No,No,0.19843016026483748,Low
2706,Nov,Honda,Third Party,No,No,0.05996422546208707,Low
2707,Nov,Chevrolet,Policy Holder,No,No,0.04162616624502698,Low
2708,Apr,Pontiac,Policy Holder,No,No,0.6224559263440421,High
2709,Aug,Pontiac,Policy Holder,No,No,0.5058255366547472,Medium
2710,Sep,Honda,Policy Holder,No,No,0.6828101032082686,High
2711,Sep,Chevrolet,Third Party,No,No,0.08455355919391536,Low
2712,Oct,Pontiac,Third Party,No,No,0.04578578452909045,Low
2713,Oct,Mazda,Policy Holder,No,No,0.44641166158599976,Medium
2714,Dec,Chevrolet,Third Party,No,No,0.0016158343050236461,Low
2715,Dec,VW,Policy Holder,No,No,0.2601497759436057,Low
2716,Jan,Toyota,Third Party,No,No,0.0024884535465376214,Low
2717,Oct,Pontiac,Policy Holder,No,No,0.6053776455201375,High
2718,Jan,Toyota,Policy Holder,No,No,0.6499164047346188,High
2719,Feb,Honda,Policy Holder,No,No,0.1713223826685756,Low
2720,Jan,Toyota,Policy Holder,No,No,0.1252734042982865,Low
2721,Feb,Mazda,Third Party,No,No,0.04695735029153407,Low
2722,Feb,Dodge,Policy Holder,No,No,0.6682550053167701,High
2723,Dec,Mazda,Policy Holder,No,No,0.37844971570362573,Medium
2724,Jun,Saab,Policy Holder,No,No,0.22475074205803364,Low
2725,Jun,Ford,Policy Holder,No,No,0.04145209511509828,Low
2726,Mar,Honda,Policy Holder,No,No,0.7442767519538459,High
2727,Mar,Pontiac,Policy Holder,No,No,0.7049134814358209,High
2728,Apr,Honda,Policy Holder,No,No,0.5770710679050198,Medium
2729,Mar,Honda,Third Party,No,No,0.2149189601983484,Low
2730,Apr,Mercury,Policy Holder,No,No,0.8002103472257972,High
2731,Apr,Honda,Policy Holder,No,No,0.7836938087060576,High
2732,Apr,Pontiac,Policy Holder,No,No,0.7895990748962313,High
2733,Apr,Honda,Policy Holder,No,No,0.0982136755360812,Low
2734,Mar,Mazda,Third Party,No,No,0.12719248536043334,Low
2735,Mar,Mazda,Policy Holder,No,No,0.2134643765614369,Low
2736,Jun,Toyota,Policy Holder,No,No,0.7633188184341388,High
2737,Apr,Pontiac,Third Party,Yes,Yes,0.06252630028167931,Low
2738,Jun,Mazda,Policy Holder,No,No,0.6278645634273267,High
2739,Jun,Ford,Policy Holder,No,No,0.9107926536852423,High
2740,Jul,Accura,Policy Holder,No,No,0.10128164851441589,Low
2741,Jul,Pontiac,Policy Holder,Yes,No,0.037847698258836854,Low
2742,Oct,Toyota,Policy Holder,No,No,0.63054741345293,High
2743,Nov,Toyota,Policy Holder,No,No,0.040614849055521166,Low
2744,Nov,Pontiac,Policy Holder,No,No,0.40283227422433615,Medium
2745,Oct,Mazda,Policy Holder,No,No,0.4286386298547154,Medium
2746,Jul,Toyota,Third Party,No,No,0.02480403927768349,Low
2747,Jul,Honda,Policy Holder,No,No,0.6143256050187349,High
2748,Jun,Toyota,Policy Holder,No,No,0.7648528157370978,High
2749,Mar,Mazda,Third Party,Yes,Yes,0.0004933558512772165,Low
2750,Mar,Toyota,Policy Holder,No,No,0.882513241152182,High
2751,Apr,Honda,Policy Holder,No,No,0.09529610068228546,Low
2752,Mar,Toyota,Third Party,No,No,0.0773497070286683,Low
2753,Sep,Toyota,Third Party,No,No,0.05749234739561899,Low
2754,Oct,Honda,Third Party,No,No,0.0027779738984472155,Low
2755,May,Pontiac,Policy Holder,No,No,0.8213501520377539,High
2756,May,Toyota,Policy Holder,No,No,0.7954070038700118,High
2757,Apr,Chevrolet,Policy Holder,No,No,0.6240753008729896,High
2758,Apr,Toyota,Policy Holder,No,No,0.8276634870683651,High
2759,Mar,Toyota,Policy Holder,No,No,0.7238053295737926,High
2760,Nov,Pontiac,Policy Holder,No,No,0.45301934122316223,Medium
2761,Dec,Mazda,Policy Holder,No,No,0.08869788361379415,Low
2762,Jan,Honda,Policy Holder,No,No,0.06709979434022374,Low
2763,Mar,Mazda,Third Party,No,No,0.354742505330315,Medium
2764,Mar,Pontiac,Third Party,No,No,0.05881673241313911,Low
2765,Feb,Honda,Policy Holder,No,No,0.6320993794070476,High
2766,Jan,Ford,Policy Holder,No,No,0.6102134109980135,High
2767,Sep,Toyota,Policy Holder,No,No,0.755838498150385,High
2768,Aug,Honda,Policy Holder,No,No,0.5484459556910417,Medium
2769,Aug,Mazda,Policy Holder,No,No,0.5263272851794525,Medium
2770,Nov,Honda,Policy Holder,No,No,0.506971007136113,Medium
2771,Dec,Mazda,Policy Holder,No,No,0.876458064712152,High
2772,May,Mazda,Third Party,No,No,0.07946600201281324,Low
2773,Jun,Honda,Policy Holder,No,No,0.07566333950476305,Low
2774,Jul,Pontiac,Policy Holder,No,No,0.061147175251461,Low
2775,Aug,Toyota,Third Party,No,No,0.03975562841089424,Low
2776,Aug,Toyota,Third Party,No,No,0.0426741168205704,Low
2777,Sep,Mazda,Policy Holder,No,No,0.1600842996946139,Low
2778,Oct,Toyota,Policy Holder,No,No,0.06500172666697719,Low
2779,Nov,Pontiac,Policy Holder,No,No,0.49299661416561613,Medium
2780,Nov,Chevrolet,Policy Holder,No,No,0.5308368274121529,Medium
2781,Nov,Pontiac,Policy Holder,No,No,0.04275974684901895,Low
2782,Nov,Pontiac,Policy Holder,No,No,0.039560575516611345,Low
2783,Nov,Honda,Third Party,No,No,0.0018604755104191999,Low
2784,Dec,Chevrolet,Policy Holder,No,No,0.7698676170518095,High
2785,Jun,VW,Policy Holder,No,No,0.5180207736845854,Medium
2786,Aug,Toyota,Policy Holder,No,No,0.669764039840435,High
2787,Aug,Toyota,Policy Holder,No,No,0.13670139646457422,Low
2788,Aug,Pontiac,Third Party,Yes,No,0.04430067623537978,Low
2789,Apr,Saturn,Policy Holder,No,No,0.8228347174519843,High
2790,Apr,Toyota,Policy Holder,No,No,0.7794415886757188,High
2791,Aug,Honda,Policy Holder,No,No,0.862484477637337,High
2792,Sep,Pontiac,Policy Holder,No,No,0.5332088466503891,Medium
2793,Sep,Pontiac,Third Party,No,No,0.06256235097610077,Low
2794,Sep,Ford,Policy Holder,No,No,0.5780923413636562,Medium
2795,Nov,Pontiac,Policy Holder,No,No,0.044846107876214666,Low
2796,Apr,Chevrolet,Third Party,No,No,0.08333606694535894,Low
2797,Nov,Honda,Third Party,No,No,0.018314386337607583,Low
2798,Dec,Toyota,Policy Holder,No,No,0.044767845947849536,Low
2799,Dec,Honda,Policy Holder,No,No,0.08360416882929587,Low
2800,Dec,Pontiac,Third Party,No,No,0.04254431786907884,Low
2801,Dec,Pontiac,Policy Holder,No,No,0.06584841994596353,Low
2802,Dec,Mazda,Third Party,No,No,0.10835325826660136,Low
2803,Apr,Chevrolet,Third Party,No,No,0.032056519859973875,Low
2804,Oct,Honda,Policy Holder,No,No,0.11488162435333014,Low
2805,Oct,Pontiac,Policy Holder,No,No,0.0925951992224364,Low
2806,Apr,Ford,Policy Holder,No,No,0.9913459061603765,High
2807,Sep,Chevrolet,Policy Holder,No,No,0.11528783423658433,Low
2808,Sep,Pontiac,Policy Holder,No,No,0.0816099188298064,Low
2809,Apr,Accura,Policy Holder,No,No,0.7067635113015902,High
2810,Aug,Accura,Policy Holder,No,No,0.6918169382577323,High
2811,Aug,Chevrolet,Third Party,No,No,0.03297136672088754,Low
2812,Aug,Honda,Policy Holder,No,No,0.6947727323292172,High
2813,Aug,Toyota,Policy Holder,No,No,0.07385680339749609,Low
2814,Aug,Chevrolet,Third Party,No,No,0.05617994021203718,Low
2815,Aug,Mazda,Policy Holder,No,No,0.10174583958895043,Low
2816,Aug,Honda,Third Party,No,Yes,0.07736322387764628,Low
2817,Aug,Accura,Policy Holder,No,No,0.16891460917365914,Low
2818,Aug,Chevrolet,Policy Holder,No,No,0.7767246232047166,High
2819,Dec,Pontiac,Policy Holder,No,No,0.0866372035019262,Low
2820,Dec,Pontiac,Policy Holder,No,No,0.12132963421320087,Low
2821,Apr,Chevrolet,Policy Holder,No,No,0.6955841147482351,High
2822,Apr,Pontiac,Policy Holder,No,No,0.8321943396270879,High
2823,Dec,Toyota,Policy Holder,No,No,0.09189245449761137,Low
2824,Dec,Toyota,Policy Holder,No,No,0.09147397124367186,Low
2825,Nov,Pontiac,Policy Holder,No,No,0.4838951037431039,Medium
2826,Nov,Pontiac,Policy Holder,No,No,0.6228616829987266,High
2827,Nov,Saab,Policy Holder,No,No,0.07459503452210133,Low
2828,Oct,VW,Policy Holder,No,No,0.02247274939898852,Low
2829,Sep,Chevrolet,Policy Holder,No,No,0.08089424408922694,Low
2830,Sep,Chevrolet,Policy Holder,No,No,0.19390467017849186,Low
2831,Sep,Pontiac,Policy Holder,No,No,0.11411729946675975,Low
2832,Sep,Toyota,Policy Holder,No,No,0.6215980224569526,High
2833,Aug,Accura,Policy Holder,No,No,0.7806432453383104,High
2834,Jul,Honda,Policy Holder,No,No,0.0420324180570908,Low
2835,Jul,Honda,Third Party,No,No,0.024546405553666314,Low
2836,Jul,Mazda,Policy Holder,No,No,0.3637237856613651,Medium
2837,Jul,VW,Policy Holder,No,No,0.016800871755860296,Low
2838,Jun,Saab,Policy Holder,No,No,0.12665853643316866,Low
2839,Nov,Toyota,Policy Holder,No,No,0.669065387822776,High
2840,Jan,Pontiac,Policy Holder,No,No,0.0785185749173899,Low
2841,Feb,Toyota,Policy Holder,No,No,0.789982681548132,High
2842,Feb,Chevrolet,Policy Holder,No,No,0.10563667202645807,Low
2843,Feb,Pontiac,Policy Holder,No,No,0.6131801599730797,High
2844,Feb,Chevrolet,Policy Holder,No,No,0.17893453458238,Low
2845,Jan,Toyota,Third Party,No,No,0.0041726308052563756,Low
2846,Jan,Chevrolet,Third Party,No,No,0.07468762429461466,Low
2847,Feb,Mazda,Policy Holder,No,No,0.6057503504312106,High
2848,Feb,Toyota,Policy Holder,No,No,0.6946788539944768,High
2849,Feb,VW,Policy Holder,No,No,0.03422419742963187,Low
2850,Dec,Pontiac,Policy Holder,No,No,0.7964629641686172,High
2851,Nov,Accura,Policy Holder,No,No,0.7780233862120521,High
2852,Apr,Honda,Policy Holder,No,No,0.8412714701125451,High
2853,Mar,Ford,Policy Holder,No,No,0.22376781355908512,Low
2854,Mar,Toyota,Policy Holder,No,No,0.8454752551533808,High
2855,Mar,Mazda,Policy Holder,No,No,0.08417515293618458,Low
2856,Apr,Toyota,Policy Holder,No,No,0.09991535210753931,Low
2857,Apr,Pontiac,Third Party,No,No,0.7798067297152091,High
2858,Apr,Pontiac,Third Party,No,No,0.05730823126404431,Low
2859,Apr,Pontiac,Policy Holder,No,No,0.5943931009776613,Medium
2860,Oct,Toyota,Policy Holder,No,No,0.09397353219175321,Low
2861,Apr,Chevrolet,Policy Holder,No,No,0.7679239589403901,High
2862,Apr,Pontiac,Policy Holder,No,No,0.7781215335609116,High
2863,Mar,Pontiac,Policy Holder,No,No,0.6191313808559713,High
2864,Apr,Pontiac,Policy Holder,No,No,0.7570843080058065,High
2865,Jun,Pontiac,Policy Holder,No,No,0.602320179638319,High
2866,Oct,Honda,Policy Holder,No,No,0.8234876445488664,High
2867,Nov,Toyota,Policy Holder,No,Yes,0.6577415254198146,High
2868,Apr,Pontiac,Third Party,No,No,0.06582457376166138,Low
2869,Nov,Pontiac,Third Party,No,No,0.021141245328275344,Low
2870,Dec,Honda,Policy Holder,No,No,0.45539921966855473,Medium
2871,Sep,Pontiac,Third Party,No,No,0.08306548343054346,Low
2872,Apr,Pontiac,Policy Holder,No,No,0.670250950587183,High
2873,Apr,Pontiac,Policy Holder,No,No,0.021875613420504158,Low
2874,May,Honda,Policy Holder,No,No,0.6543813356770338,High
2875,May,Mazda,Policy Holder,No,No,0.6824221289386607,High
2876,Jun,Honda,Policy Holder,No,No,0.44043371515367213,Medium
2877,Jun,Ford,Policy Holder,No,No,0.6612271644929761,High
2878,Jun,Honda,Third Party,No,No,0.09901684428199825,Low
2879,Jun,Pontiac,Third Party,No,No,0.06430951533262642,Low
2880,Jul,Toyota,Policy Holder,No,No,0.7120558364057836,High
2881,Aug,Nisson,Policy Holder,No,No,0.5749161397161572,Medium
2882,Aug,Chevrolet,Policy Holder,No,No,0.5800349100998282,Medium
2883,Jul,Ford,Policy Holder,No,No,0.09488413690751649,Low
2884,Aug,Toyota,Third Party,No,No,0.08053170604387139,Low
2885,Aug,Pontiac,Third Party,No,No,0.13076134566888317,Low
2886,Apr,Pontiac,Policy Holder,No,No,0.6958028924742291,High
2887,Aug,Toyota,Policy Holder,No,No,0.0606060910161545,Low
2888,Aug,Mazda,Policy Holder,No,No,0.677689757794295,High
2889,Sep,Mazda,Policy Holder,No,No,0.061569015784131216,Low
2890,Sep,Pontiac,Third Party,No,No,0.09810507165454341,Low
2891,Nov,Honda,Third Party,No,No,0.0015219548235363737,Low
2892,Dec,Toyota,Policy Holder,No,No,0.0747315545378933,Low
2893,Dec,Chevrolet,Policy Holder,No,No,0.1027834265656561,Low
2894,Nov,Honda,Third Party,Yes,No,0.05183143707918544,Low
2895,Apr,Mazda,Policy Holder,No,No,0.6032836733457341,High
2896,Apr,Mazda,Policy Holder,No,No,0.7462798231781549,High
2897,Apr,Chevrolet,Policy Holder,No,No,0.11138032227327095,Low
2898,Apr,Mazda,Policy Holder,No,No,0.7279609735493502,High
2899,Apr,Toyota,Third Party,No,No,0.07812199892583949,Low
2900,Jun,Chevrolet,Policy Holder,No,No,0.13831963413678872,Low
2901,Jul,Chevrolet,Policy Holder,No,No,0.047315909455805896,Low
2902,Oct,Accura,Policy Holder,No,No,0.6530868785541568,High
2903,Oct,Pontiac,Policy Holder,No,No,0.09039350210694008,Low
2904,Nov,Accura,Policy Holder,Yes,No,0.650248979214395,High
2905,Aug,Pontiac,Policy Holder,No,No,0.11518310674826102,Low
2906,Aug,VW,Policy Holder,No,No,0.02621376433385704,Low
2907,Jul,Honda,Policy Holder,No,No,0.050564402783261075,Low
2908,Jul,Honda,Policy Holder,No,No,0.9665709015278118,High
2909,May,Pontiac,Policy Holder,No,No,0.7489640027349246,High
2910,Apr,Toyota,Policy Holder,No,No,0.7769589340769733,High
2911,Apr,Pontiac,Policy Holder,No,No,0.6859222128529885,High
2912,Apr,Pontiac,Policy Holder,No,No,0.15261370665749724,Low
2913,Apr,Pontiac,Policy Holder,No,No,0.7229539303095405,High
2914,Apr,Toyota,Policy Holder,No,No,0.6590068788533701,High
2915,Apr,Honda,Policy Holder,No,No,0.7096214783992989,High
2916,Nov,Pontiac,Policy Holder,No,No,0.48267280663370654,Medium
2917,Nov,Mazda,Policy Holder,No,No,0.3214025012730689,Medium
2918,Apr,Toyota,Third Party,No,No,0.13337955637630097,Low
2919,Oct,Chevrolet,Policy Holder,No,No,0.19053369524657957,Low
2920,Oct,Pontiac,Third Party,No,No,0.002972633449248537,Low
2921,Oct,Chevrolet,Policy Holder,No,No,0.6155897159289226,High
2922,Oct,Toyota,Policy Holder,No,No,0.12813209137441162,Low
2923,Apr,Ford,Policy Holder,No,No,0.7321237548949667,High
2924,Aug,Pontiac,Policy Holder,No,No,0.6688704136807805,High
2925,Aug,Mazda,Policy Holder,No,No,0.7266998009402925,High
2926,Aug,Pontiac,Policy Holder,No,No,0.8270653443953546,High
2927,Jul,Accura,Policy Holder,No,No,0.7147786277819442,High
2928,Jul,Mazda,Policy Holder,No,No,0.4991345098797723,Medium
2929,Jul,Pontiac,Policy Holder,No,No,0.6467049256186901,High
2930,Jul,Toyota,Policy Holder,No,No,0.48427596053349764,Medium
2931,Jul,Honda,Third Party,No,No,0.1206239260696106,Low
2932,Jul,Saab,Third Party,No,No,0.06867428790220995,Low
2933,Jul,Toyota,Policy Holder,No,No,0.12257942511389036,Low
2934,Apr,Honda,Policy Holder,No,No,0.14812222690237123,Low
2935,Jun,Mazda,Third Party,No,No,0.03834395038236425,Low
2936,Jun,Mazda,Policy Holder,No,No,0.7225172468589055,High
2937,May,Pontiac,Policy Holder,No,No,0.09310012445080248,Low
2938,May,Mazda,Third Party,No,No,0.04470635676885137,Low
2939,Apr,Honda,Policy Holder,No,No,0.598070400311683,Medium
2940,Jan,Accura,Policy Holder,No,No,0.6368297199078964,High
2941,Nov,Honda,Third Party,No,No,0.01176332198136486,Low
2942,Mar,Pontiac,Policy Holder,No,No,0.15460441194317057,Low
2943,Nov,VW,Policy Holder,No,No,0.023240224701435813,Low
2944,Oct,Accura,Third Party,No,No,0.06926621343042416,Low
2945,Jul,Toyota,Policy Holder,No,No,0.07144434844980378,Low
2946,Jun,Chevrolet,Policy Holder,No,No,0.7064182712437285,High
2947,Jun,VW,Policy Holder,No,No,0.030485874087344687,Low
2948,Mar,Toyota,Third Party,No,No,0.08903461588676262,Low
2949,Mar,Toyota,Policy Holder,No,No,0.7221578732553467,High
2950,Mar,Chevrolet,Policy Holder,No,No,0.7348914500516971,High
2951,Mar,Mazda,Third Party,No,No,0.06609657652803379,Low
2952,Mar,Honda,Policy Holder,No,No,0.8932372285178292,High
2953,Feb,Honda,Policy Holder,No,No,0.09363797540331881,Low
2954,Apr,Mazda,Policy Holder,No,No,0.7159187846002691,High
2955,Dec,Pontiac,Policy Holder,No,No,0.014649493768235914,Low
2956,Dec,Chevrolet,Policy Holder,No,No,0.6516240817933286,High
2957,Feb,Mazda,Third Party,No,No,0.09770672173220128,Low
2958,Dec,Pontiac,Policy Holder,No,No,0.7010608787796796,High
2959,Nov,VW,Policy Holder,No,No,0.2823965772813599,Low
2960,Apr,Pontiac,Third Party,No,No,0.08299349009458798,Low
2961,Dec,Mazda,Policy Holder,No,No,0.08138934645990949,Low
2962,Dec,Chevrolet,Third Party,No,No,0.032416270053717645,Low
2963,Apr,Honda,Policy Holder,No,No,0.7457423296047266,High
2964,Apr,Toyota,Third Party,No,No,0.09779870356417872,Low
2965,Aug,Chevrolet,Policy Holder,No,No,0.14331510159070443,Low
2966,Oct,Mazda,Policy Holder,No,No,0.07703011280241198,Low
2967,Oct,Toyota,Policy Holder,No,No,0.14749376478564705,Low
2968,Apr,Honda,Policy Holder,No,No,0.15260233633776696,Low
2969,Apr,Pontiac,Policy Holder,No,No,0.3096802539765193,Medium
2970,Apr,Dodge,Third Party,No,No,0.013463429636563263,Low
2971,Dec,Honda,Policy Holder,No,No,0.05740660047780147,Low
2972,Dec,Mazda,Policy Holder,No,No,0.07449354127659455,Low
2973,Dec,Chevrolet,Policy Holder,No,No,0.590360445344041,Medium
2974,Apr,Honda,Policy Holder,No,No,0.9003842677885321,High
2975,Dec,Toyota,Third Party,No,No,0.044938374286909125,Low
2976,Oct,Chevrolet,Policy Holder,No,No,0.6519395784929538,High
2977,Sep,Mazda,Third Party,No,No,0.07925537817111317,Low
2978,Sep,Toyota,Policy Holder,No,No,0.5756491591387485,Medium
2979,Aug,Pontiac,Policy Holder,No,No,0.5600091530309088,Medium
2980,Apr,Toyota,Policy Holder,No,No,0.6186627070005257,High
2981,Mar,Chevrolet,Policy Holder,No,No,0.12075454878056027,Low
2982,Dec,VW,Policy Holder,No,No,0.3340015746397272,Medium
2983,Dec,Honda,Third Party,No,No,0.04417648579443096,Low
2984,Jan,Toyota,Policy Holder,No,No,0.7544259474327125,High
2985,Aug,Mazda,Policy Holder,No,No,0.7622662258468907,High
2986,Mar,Chevrolet,Policy Holder,No,No,0.15706592785539517,Low
2987,Feb,Chevrolet,Policy Holder,No,No,0.5591605311743658,Medium
2988,Mar,Pontiac,Policy Holder,No,No,0.8003780995012301,High
2989,Apr,Toyota,Policy Holder,No,No,0.713343706865925,High
2990,Sep,Mazda,Third Party,No,No,0.002212894396425873,Low
2991,May,Honda,Policy Holder,No,No,0.06043512156595874,Low
2992,Mar,Toyota,Policy Holder,No,No,0.6699996110663101,High
2993,Jul,Honda,Policy Holder,No,No,0.07339028630080917,Low
2994,Oct,Mazda,Policy Holder,No,No,0.6651776083616074,High
2995,Nov,Mazda,Policy Holder,No,No,0.14972850690519462,Low
2996,Apr,VW,Policy Holder,No,No,0.023967462484770326,Low
2997,May,Pontiac,Policy Holder,No,No,0.1886213042195466,Low
2998,May,Pontiac,Third Party,No,No,0.04317312208711708,Low
2999,May,Pontiac,Policy Holder,No,No,0.11575459231059551,Low
3000,Apr,Pontiac,Policy Holder,No,No,0.7318365470265111,High
3001,Jun,Mazda,Policy Holder,No,No,0.5654629885654542,Medium
3002,May,Toyota,Policy Holder,No,No,0.7382434538740905,High
3003,Jun,Chevrolet,Third Party,No,No,0.05594150257243992,Low
3004,Jun,Mazda,Policy Holder,No,No,0.09747415535090101,Low
3005,Jul,Mazda,Policy Holder,No,No,0.599007818882684,Medium
3006,Aug,Honda,Policy Holder,No,No,0.7556173841099393,High
3007,Aug,Mazda,Policy Holder,No,No,0.12022336532585383,Low
3008,Aug,Pontiac,Policy Holder,No,No,0.09651969026539517,Low
3009,Sep,Accura,Third Party,No,No,0.0038041728534646125,Low
3010,Sep,Pontiac,Third Party,No,No,0.6911071861085335,High
3011,Apr,Pontiac,Policy Holder,No,No,0.6297912692459731,High
3012,Oct,Ford,Policy Holder,No,No,0.2711071376715305,Low
3013,Oct,Honda,Third Party,No,No,0.04525577992194604,Low
3014,Nov,Accura,Third Party,No,No,0.0317572594112678,Low
3015,May,Mazda,Policy Holder,No,No,0.6324712032389257,High
3016,Jun,Pontiac,Policy Holder,No,No,0.5184496221417774,Medium
3017,Sep,Toyota,Policy Holder,No,No,0.7051810575786118,High
3018,Aug,Toyota,Third Party,No,No,0.006907838534366656,Low
3019,May,Honda,Policy Holder,No,No,0.6667628849417311,High
3020,Jul,Pontiac,Third Party,No,No,0.028441772609075284,Low
3021,Jul,Mazda,Third Party,No,No,0.03147604865915548,Low
3022,Sep,Chevrolet,Policy Holder,No,No,0.7069401990221319,High
3023,Aug,Mazda,Policy Holder,No,No,0.5470402524115363,Medium
3024,Aug,Toyota,Policy Holder,No,No,0.049931384948244985,Low
3025,Aug,Chevrolet,Policy Holder,No,No,0.06873970105255912,Low
3026,Dec,Toyota,Policy Holder,No,No,0.12042043006583204,Low
3027,Nov,Honda,Policy Holder,No,No,0.03338793796923281,Low
3028,Aug,Toyota,Policy Holder,No,No,0.10283741105556801,Low
3029,Aug,Mazda,Third Party,No,No,0.03509179516489736,Low
3030,Aug,Toyota,Policy Holder,Yes,No,0.7297279061945895,High
3031,Sep,Mercury,Policy Holder,No,No,0.6812555668086595,High
3032,Sep,Mazda,Policy Holder,No,No,0.5505393697112827,Medium
3033,Apr,Chevrolet,Policy Holder,No,No,0.8465455152433916,High
3034,Sep,Honda,Policy Holder,No,No,0.4887476978710133,Medium
3035,Sep,Mazda,Third Party,No,No,0.058314439555133386,Low
3036,Sep,Pontiac,Policy Holder,No,No,0.10988282544229519,Low
3037,Dec,Honda,Policy Holder,No,No,0.7838568877898888,High
3038,Apr,Toyota,Third Party,No,No,0.09369511882611237,Low
3039,Oct,Chevrolet,Policy Holder,No,No,0.17640123776059896,Low
3040,Sep,Pontiac,Policy Holder,No,No,0.49706554149730375,Medium
3041,Sep,Mazda,Policy Holder,No,No,0.06997417332048007,Low
3042,Apr,Honda,Policy Holder,No,No,0.813082758985615,High
3043,Sep,Ford,Policy Holder,No,No,0.1600824164074909,Low
3044,Sep,Mazda,Third Party,Yes,No,0.00036045276149928473,Low
3045,Apr,Honda,Policy Holder,No,No,0.8144511933610817,High
3046,Aug,Pontiac,Third Party,No,No,0.04413422471345159,Low
3047,May,Mazda,Policy Holder,No,No,0.09415620950022255,Low
3048,May,Chevrolet,Policy Holder,No,No,0.12164901596091597,Low
3049,Dec,Pontiac,Third Party,No,No,0.10304931456607429,Low
3050,Sep,Honda,Third Party,No,No,0.057391657578274205,Low
3051,Sep,Honda,Policy Holder,No,No,0.5444121974055841,Medium
3052,Sep,Pontiac,Policy Holder,No,No,0.10008494911335666,Low
3053,Jul,Mazda,Third Party,No,No,0.09895560244529353,Low
3054,Apr,Pontiac,Policy Holder,No,No,0.5411892369050935,Medium
3055,Jun,Honda,Policy Holder,No,No,0.6243378934322327,High
3056,Feb,Mazda,Policy Holder,No,No,0.6511410123462574,High
3057,Feb,Pontiac,Policy Holder,No,No,0.6702675289453185,High
3058,Jan,Pontiac,Policy Holder,No,Yes,0.8531629513460195,High
3059,Jul,Pontiac,Policy Holder,No,No,0.4660772970979737,Medium
3060,May,Toyota,Policy Holder,No,No,0.12240265680072764,Low
3061,Apr,Pontiac,Third Party,No,No,0.7044812096222653,High
3062,Apr,Toyota,Third Party,No,No,0.08238039779621084,Low
3063,Apr,Mazda,Policy Holder,No,No,0.7843663768501667,High
3064,Apr,Toyota,Third Party,No,No,0.05471218197495548,Low
3065,Apr,Accura,Policy Holder,No,No,0.7939690437481711,High
3066,Apr,Accura,Policy Holder,No,No,0.9063685553285559,High
3067,Apr,Chevrolet,Policy Holder,No,No,0.628313448954769,High
3068,Apr,Mazda,Policy Holder,Yes,No,0.5946127272949171,Medium
3069,Dec,Pontiac,Policy Holder,No,No,0.1692491715371255,Low
3070,Dec,Chevrolet,Policy Holder,No,No,0.7946510929699868,High
3071,Dec,Honda,Third Party,No,No,0.003072466503139756,Low
3072,Dec,Pontiac,Third Party,No,No,0.019638298446284272,Low
3073,Dec,Mazda,Policy Holder,No,No,0.6782747145032851,High
3074,Oct,Toyota,Policy Holder,No,No,0.6539610606887921,High
3075,Sep,Toyota,Policy Holder,No,No,0.6021292490827491,High
3076,Sep,Honda,Policy Holder,No,No,0.05003910051240278,Low
3077,Sep,Mazda,Policy Holder,No,No,0.047816614545152035,Low
3078,Sep,Mazda,Third Party,No,No,0.04003930169400417,Low
3079,Apr,Toyota,Policy Holder,No,No,0.6978879696104092,High
3080,Aug,Chevrolet,Policy Holder,No,No,0.6944598423680384,High
3081,Jul,Toyota,Policy Holder,No,No,0.481166948891074,Medium
3082,Jul,Honda,Third Party,No,No,0.018876335102707646,Low
3083,Jul,Toyota,Policy Holder,No,No,0.43649068640537664,Medium
3084,Jul,Pontiac,Policy Holder,No,No,0.05877486612932565,Low
3085,Jun,Pontiac,Policy Holder,No,No,0.07570354542552908,Low
3086,Jun,Toyota,Policy Holder,No,No,0.7505435802157833,High
3087,May,Honda,Policy Holder,No,No,0.18006480982901188,Low
3088,Apr,Toyota,Policy Holder,No,No,0.6500838580935424,High
3089,Apr,Toyota,Policy Holder,No,No,0.8498957378285757,High
3090,Apr,Toyota,Policy Holder,No,No,0.10789617217813705,Low
3091,Apr,Honda,Third Party,No,No,0.0915713673503507,Low
3092,Jun,Toyota,Policy Holder,No,No,0.650008740277654,High
3093,Oct,Mazda,Policy Holder,No,No,0.6793428830515156,High
3094,May,Honda,Policy Holder,No,No,0.7449120013005128,High
3095,Apr,Pontiac,Policy Holder,No,No,0.8828679946951296,High
3096,Apr,Pontiac,Policy Holder,No,No,0.6708669781245229,High
3097,Feb,Honda,Policy Holder,No,No,0.1594725879675612,Low
3098,Apr,Pontiac,Policy Holder,No,No,0.784948735750206,High
3099,Apr,Pontiac,Third Party,No,No,0.10593103357727982,Low
3100,Feb,Pontiac,Policy Holder,No,No,0.7734066934904796,High
3101,Mar,Toyota,Policy Holder,No,No,0.2007421722082724,Low
3102,Apr,Honda,Policy Holder,No,No,0.1308766815318278,Low
3103,Dec,Toyota,Policy Holder,No,No,0.14740967039477992,Low
3104,Dec,Toyota,Policy Holder,No,No,0.591442041990285,Medium
3105,Dec,Mazda,Policy Holder,No,No,0.6327231691728908,High
3106,Dec,Toyota,Policy Holder,No,No,0.6423565423114916,High
3107,Dec,Ford,Policy Holder,No,No,0.6809493950009445,High
3108,Dec,VW,Policy Holder,No,No,0.02711806086342054,Low
3109,Dec,Toyota,Policy Holder,No,No,0.07304064595791672,Low
3110,Dec,Pontiac,Policy Holder,No,No,0.4913335261875545,Medium
3111,Dec,Toyota,Policy Holder,No,No,0.13886898724098287,Low
3112,Dec,Chevrolet,Policy Holder,Yes,Yes,0.639137475298009,High
3113,Dec,Toyota,Policy Holder,Yes,No,0.8656308169274801,High
3114,Dec,Pontiac,Policy Holder,No,No,0.3751534867416433,Medium
3115,Nov,Honda,Policy Holder,No,No,0.04049366355200018,Low
3116,Jul,Mazda,Policy Holder,No,No,0.07205659137836634,Low
3117,Jun,Honda,Third Party,No,No,0.07407417193833529,Low
3118,Apr,Accura,Policy Holder,No,No,0.8159976618345041,High
3119,Nov,Mazda,Policy Holder,No,No,0.4407328236676114,Medium
3120,Nov,Pontiac,Policy Holder,No,No,0.5093749967346588,Medium
3121,Oct,Pontiac,Policy Holder,No,No,0.03439757229678462,Low
3122,Jun,Toyota,Policy Holder,No,No,0.1263698120919074,Low
3123,Jun,Pontiac,Policy Holder,No,No,0.6369284272795702,High
3124,Oct,Honda,Third Party,No,No,0.0343848479176437,Low
3125,Jan,Mazda,Policy Holder,No,No,0.6060459500594384,High
3126,May,Pontiac,Third Party,No,No,0.048861613442426274,Low
3127,Jun,Toyota,Policy Holder,No,No,0.1362547458041636,Low
3128,May,Chevrolet,Third Party,No,No,0.06832963471867762,Low
3129,May,Honda,Third Party,No,No,0.0527976970657132,Low
3130,Apr,Honda,Policy Holder,No,No,0.7663480794915544,High
3131,Jul,VW,Third Party,No,No,0.0005465698319378511,Low
3132,Apr,Toyota,Policy Holder,No,No,0.2152441176742827,Low
3133,Jul,Pontiac,Third Party,No,No,0.09116891596247129,Low
3134,Jul,Pontiac,Policy Holder,No,No,0.5536997740554456,Medium
3135,Aug,Toyota,Policy Holder,No,No,0.14389971438006918,Low
3136,Aug,Honda,Policy Holder,No,No,0.6481692994163909,High
3137,Sep,Chevrolet,Policy Holder,No,No,0.6821183761544123,High
3138,Sep,Toyota,Policy Holder,No,No,0.8329745898095532,High
3139,Oct,Chevrolet,Policy Holder,No,No,0.10660243078010422,Low
3140,Oct,Pontiac,Policy Holder,No,No,0.18102408838835785,Low
3141,Apr,Mazda,Policy Holder,No,No,0.6617103296473482,High
3142,Oct,Pontiac,Policy Holder,No,No,0.11434054349383051,Low
3143,Apr,Toyota,Policy Holder,No,No,0.7148884080182097,High
3144,Nov,Toyota,Policy Holder,No,No,0.496315857927233,Medium
3145,Dec,Honda,Policy Holder,No,No,0.06889314608786702,Low
3146,Dec,Pontiac,Third Party,No,No,0.0015898255032631137,Low
3147,May,Toyota,Policy Holder,No,No,0.7150373864524473,High
3148,May,Toyota,Policy Holder,No,No,0.20124912380295956,Low
3149,Apr,Honda,Third Party,No,No,0.04193575917207982,Low
3150,Nov,Honda,Policy Holder,No,No,0.41821193140243645,Medium
3151,Jun,VW,Policy Holder,No,No,0.019864479393970333,Low
3152,Aug,Toyota,Policy Holder,No,No,0.5760705324000526,Medium
3153,Jul,Toyota,Policy Holder,No,No,0.4144265674961618,Medium
3154,Jul,Pontiac,Policy Holder,No,No,0.46067327591182494,Medium
3155,Dec,Pontiac,Third Party,No,No,0.02001463101707271,Low
3156,Nov,Mazda,Policy Holder,No,No,0.06533360138493625,Low
3157,Apr,Honda,Third Party,No,No,0.07708509116410428,Low
3158,Aug,Pontiac,Third Party,No,No,0.07057206978822246,Low
3159,Sep,Chevrolet,Policy Holder,Yes,No,0.8122951258091529,High
3160,Sep,Mazda,Policy Holder,No,No,0.6243887498899409,High
3161,Sep,Pontiac,Policy Holder,No,No,0.7092361067212186,High
3162,Sep,Honda,Policy Holder,No,No,0.055468161477449374,Low
3163,Oct,Pontiac,Policy Holder,No,No,0.9936103666356516,High
3164,Nov,Honda,Third Party,No,No,0.001472918066857864,Low
3165,Jan,Mazda,Policy Holder,No,No,0.8674210330765969,High
3166,Jan,Pontiac,Policy Holder,No,No,0.4737584703686046,Medium
3167,Feb,Toyota,Third Party,No,No,0.08382304892630936,Low
3168,Jan,Pontiac,Policy Holder,No,No,0.6713949092224492,High
3169,Feb,VW,Policy Holder,No,No,0.5006479253965705,Medium
3170,Dec,VW,Third Party,No,No,0.0006369126455428213,Low
3171,Aug,Mazda,Policy Holder,No,No,0.11248607549259806,Low
3172,Apr,Toyota,Policy Holder,Yes,No,0.4568507548881576,Medium
3173,Apr,Honda,Policy Holder,No,No,0.8341221295502427,High
3174,Sep,Mazda,Policy Holder,No,No,0.12215180323844402,Low
3175,Dec,Pontiac,Policy Holder,No,No,0.47807563572691086,Medium
3176,Dec,Chevrolet,Third Party,No,No,0.003063255670306253,Low
3177,Sep,Toyota,Policy Holder,No,No,0.09575475155357278,Low
3178,Dec,VW,Policy Holder,No,No,0.24873713474493497,Low
3179,Dec,Accura,Third Party,No,No,0.05988201276541275,Low
3180,Apr,Chevrolet,Third Party,No,No,0.05423863381625612,Low
3181,Jun,Pontiac,Policy Holder,No,No,0.6726133334807053,High
3182,Sep,Pontiac,Third Party,No,No,0.0022998821718319593,Low
3183,Sep,Pontiac,Policy Holder,No,No,0.2478604996880086,Low
3184,Sep,Pontiac,Third Party,No,No,0.01845919084763301,Low
3185,Sep,Pontiac,Policy Holder,No,No,0.10393699245783229,Low
3186,Dec,Mazda,Policy Holder,No,No,0.11206787995536543,Low
3187,Apr,Pontiac,Policy Holder,No,No,0.8521559376872135,High
3188,Sep,Chevrolet,Policy Holder,No,No,0.09266878405424517,Low
3189,Sep,Mazda,Policy Holder,No,No,0.12079740057724841,Low
3190,Sep,Pontiac,Third Party,No,No,0.06541858337713077,Low
3191,Jul,Honda,Policy Holder,No,No,0.046915456557612444,Low
3192,Apr,Toyota,Policy Holder,No,No,0.7247061977668918,High
3193,Apr,Toyota,Policy Holder,No,No,0.5250384371272261,Medium
3194,May,Pontiac,Policy Holder,No,No,0.6992261324975312,High
3195,May,Honda,Policy Holder,No,No,0.3092332548888579,Medium
3196,May,Honda,Third Party,No,No,0.044538044611236415,Low
3197,May,Pontiac,Policy Holder,No,No,0.14597154861625972,Low
3198,May,Honda,Policy Holder,No,No,0.479310775985695,Medium
3199,May,Pontiac,Third Party,No,No,0.0819763750850167,Low
3200,May,Toyota,Policy Holder,No,No,0.6976767919848508,High
3201,Apr,Pontiac,Third Party,No,No,0.07808219397723247,Low
3202,Oct,Pontiac,Policy Holder,No,No,0.05194709742547914,Low
3203,Oct,Pontiac,Policy Holder,No,No,0.6354133332871065,High
3204,Sep,Chevrolet,Policy Holder,No,No,0.756373034048879,High
3205,Sep,Toyota,Policy Holder,No,No,0.6491251020732822,High
3206,Sep,Pontiac,Policy Holder,No,No,0.5680306487691801,Medium
3207,Sep,Chevrolet,Third Party,No,No,0.002771733170765855,Low
3208,Sep,Mazda,Third Party,No,No,0.0017479616566761578,Low
3209,Jul,Mazda,Policy Holder,No,No,0.8012697810578873,High
3210,Apr,Pontiac,Policy Holder,No,No,0.7977397936579775,High
3211,May,Toyota,Policy Holder,No,No,0.1546406421290674,Low
3212,May,Pontiac,Third Party,No,No,0.002375025048861278,Low
3213,Mar,Honda,Policy Holder,No,No,0.11568216428259008,Low
3214,Feb,Honda,Policy Holder,No,No,0.9886961242283839,High
3215,Apr,Chevrolet,Policy Holder,No,No,0.6074524693403253,High
3216,Apr,Toyota,Policy Holder,No,No,0.7400377638577832,High
3217,Apr,Pontiac,Third Party,No,No,0.048647958397626916,Low
3218,Jun,Pontiac,Third Party,No,No,0.0025102756727004008,Low
3219,Jul,Accura,Third Party,No,No,0.05209289712808411,Low
3220,Aug,Mazda,Policy Holder,No,No,0.6700877370236366,High
3221,Sep,VW,Third Party,No,No,0.000449268118966473,Low
3222,Sep,Mazda,Policy Holder,No,No,0.03182783583108843,Low
3223,Nov,Pontiac,Policy Holder,No,No,0.41086215785401276,Medium
3224,Dec,Pontiac,Policy Holder,No,No,0.48154091941014865,Medium
3225,Apr,VW,Policy Holder,No,No,0.041566994218161346,Low
3226,Jun,Pontiac,Third Party,No,No,0.03356994359931992,Low
3227,Aug,Honda,Policy Holder,No,No,0.09046053409609196,Low
3228,Sep,Toyota,Policy Holder,Yes,No,0.5111377338695244,Medium
3229,Oct,Honda,Policy Holder,No,No,0.6315366347586046,High
3230,Nov,Pontiac,Policy Holder,No,No,0.05455140818236517,Low
3231,Nov,Ford,Policy Holder,No,No,0.06031934979688858,Low
3232,Dec,Toyota,Policy Holder,No,No,0.5534849087590424,Medium
3233,Dec,Mazda,Policy Holder,No,No,0.054687319202204696,Low
3234,Nov,Honda,Policy Holder,No,No,0.04719175650078861,Low
3235,Sep,Ford,Policy Holder,No,No,0.5375847914759857,Medium
3236,Aug,Toyota,Policy Holder,No,No,0.5769229307189158,Medium
3237,Jun,Mazda,Policy Holder,No,No,0.6194905052577034,High
3238,Apr,Toyota,Policy Holder,No,No,0.12721959572908556,Low
3239,Mar,Pontiac,Policy Holder,No,No,0.12883700044461752,Low
3240,Jan,Toyota,Policy Holder,No,No,0.7378818156028798,High
3241,Jan,Honda,Policy Holder,No,No,0.724276714198499,High
3242,Dec,Pontiac,Policy Holder,No,No,0.1114420499957326,Low
3243,Dec,Mazda,Policy Holder,No,No,0.4428987729408364,Medium
3244,Nov,Toyota,Policy Holder,No,No,0.03834792668019148,Low
3245,Nov,Honda,Policy Holder,No,No,0.03821384051120819,Low
3246,Sep,Accura,Policy Holder,No,No,0.7530421314274659,High
3247,Sep,Honda,Policy Holder,No,No,0.5603122986512671,Medium
3248,Aug,Pontiac,Policy Holder,No,No,0.09664221694936104,Low
3249,Aug,Chevrolet,Policy Holder,No,No,0.14129434502167162,Low
3250,Aug,Honda,Policy Holder,No,No,0.062286702455522536,Low
3251,May,Honda,Policy Holder,No,No,0.8618538766087331,High
3252,Aug,Ford,Policy Holder,No,No,0.8334765858469556,High
3253,Jul,Pontiac,Third Party,No,No,0.05742620931398823,Low
3254,Jun,Pontiac,Third Party,No,No,0.003529525187772331,Low
3255,Jul,Pontiac,Policy Holder,No,No,0.7855577143738752,High
3256,Jun,Toyota,Third Party,No,No,0.03784951493397169,Low
3257,May,Pontiac,Policy Holder,No,No,0.6748369625397439,High
3258,Apr,Chevrolet,Policy Holder,No,No,0.10093908690648974,Low
3259,May,Honda,Policy Holder,No,No,0.8644504252263865,High
3260,Apr,Honda,Policy Holder,No,No,0.5564592494111936,Medium
3261,Apr,Pontiac,Policy Holder,No,No,0.6154070822118743,High
3262,Mar,Toyota,Policy Holder,No,No,0.18470577799823176,Low
3263,Jan,Toyota,Policy Holder,No,No,0.6263879057408615,High
3264,Jan,Pontiac,Policy Holder,No,No,0.08268164987971405,Low
3265,May,Mazda,Third Party,No,No,0.7420663268049572,High
3266,May,Pontiac,Policy Holder,No,No,0.782210128418699,High
3267,Aug,Pontiac,Third Party,No,No,0.029558264001013336,Low
3268,May,Pontiac,Policy Holder,No,No,0.6399607352320777,High
3269,Mar,Chevrolet,Third Party,No,No,0.006629148896895758,Low
3270,May,Chevrolet,Third Party,No,No,0.08491549788911719,Low
3271,May,Chevrolet,Policy Holder,No,No,0.13394613942960526,Low
3272,Jun,Pontiac,Policy Holder,No,No,0.10502342000101886,Low
3273,Aug,Toyota,Policy Holder,No,No,0.6456615221502158,High
3274,May,Pontiac,Policy Holder,No,No,0.0863263982414909,Low
3275,Jul,Pontiac,Policy Holder,No,No,0.04884921857381207,Low
3276,May,Chevrolet,Policy Holder,No,No,0.7020130132155173,High
3277,Sep,Toyota,Policy Holder,No,No,0.22277891137701164,Low
3278,Sep,Mazda,Third Party,No,No,0.07215851524878131,Low
3279,Oct,Toyota,Policy Holder,No,No,0.10124729358076033,Low
3280,May,Mazda,Third Party,No,No,0.0019216930989210124,Low
3281,Sep,Pontiac,Policy Holder,No,No,0.15307333461252728,Low
3282,Oct,Mazda,Policy Holder,No,No,0.7831482215798901,High
3283,Oct,Chevrolet,Policy Holder,No,No,0.6851427468524771,High
3284,Sep,Chevrolet,Policy Holder,Yes,No,0.5299819528259492,Medium
3285,Jan,Saab,Policy Holder,No,No,0.15417218498265114,Low
3286,Mar,Ford,Policy Holder,No,No,0.17075936088515348,Low
3287,Dec,Honda,Policy Holder,No,No,0.5417860303711388,Medium
3288,Mar,Pontiac,Third Party,No,No,0.07020829091684382,Low
3289,Oct,Pontiac,Policy Holder,No,No,0.6926404812021059,High
3290,Oct,Mazda,Policy Holder,No,No,0.0958327196671427,Low
3291,Dec,Toyota,Third Party,No,No,0.0022920393083275406,Low
3292,Jun,Pontiac,Third Party,No,No,0.050180758443198144,Low
3293,May,Dodge,Policy Holder,No,No,0.6183180806240473,High
3294,Jul,Pontiac,Third Party,No,No,0.003044986171045612,Low
3295,Mar,Mazda,Policy Holder,No,No,0.13385028067093907,Low
3296,Dec,Toyota,Policy Holder,No,No,0.583893193721108,Medium
3297,Nov,Honda,Policy Holder,No,No,0.3542432398406075,Medium
3298,May,Toyota,Policy Holder,No,No,0.5776751009604563,Medium
3299,Sep,Mazda,Policy Holder,No,No,0.09742315343964564,Low
3300,Dec,Chevrolet,Policy Holder,No,No,0.492493609230173,Medium
3301,Jul,Pontiac,Policy Holder,No,No,0.5288118646008404,Medium
3302,Aug,Pontiac,Policy Holder,No,No,0.14247146327113894,Low
3303,Jul,Pontiac,Third Party,No,No,0.026986851596990522,Low
3304,Oct,Honda,Policy Holder,No,No,0.5312164287725872,Medium
3305,Mar,Pontiac,Policy Holder,No,No,0.12272971496612124,Low
3306,Sep,Ford,Policy Holder,Yes,No,0.5627242123728785,Medium
3307,Sep,Honda,Policy Holder,No,No,0.33008291710592413,Medium
3308,Sep,Pontiac,Policy Holder,No,No,0.097752184991475,Low
3309,May,Toyota,Third Party,No,No,0.015311829127178047,Low
3310,May,Pontiac,Policy Holder,No,No,0.6426362058656161,High
3311,May,Honda,Third Party,No,No,0.12251914242357781,Low
3312,Jan,Honda,Policy Holder,Yes,No,0.7316898342317483,High
3313,Jan,Toyota,Third Party,Yes,No,0.03605320361236446,Low
3314,Jan,Toyota,Policy Holder,No,No,0.1072721275557967,Low
3315,Jan,Pontiac,Policy Holder,No,No,0.07530655579856345,Low
3316,May,Chevrolet,Policy Holder,No,No,0.8272011390901861,High
3317,May,Honda,Third Party,No,No,0.02999923586755618,Low
3318,Jun,Pontiac,Policy Holder,No,No,0.1052571598110166,Low
3319,Aug,Mazda,Policy Holder,No,No,0.08092504492646528,Low
3320,Sep,Toyota,Policy Holder,No,No,0.10628338442338998,Low
3321,Oct,Mazda,Policy Holder,No,No,0.09636144620577757,Low
3322,Oct,Pontiac,Third Party,No,No,0.0031460257966007057,Low
3323,Dec,Toyota,Third Party,No,No,0.07184410210489271,Low
3324,Dec,Ford,Policy Holder,No,No,0.7235952785917613,High
3325,Jan,Chevrolet,Third Party,No,No,0.00502689832365722,Low
3326,Apr,Honda,Policy Holder,No,No,0.5999161215073046,Medium
3327,Apr,Mazda,Third Party,No,No,0.0020736926430749993,Low
3328,Jun,Mazda,Policy Holder,No,No,0.05853018753157369,Low
3329,Aug,VW,Policy Holder,No,No,0.038098763478892975,Low
3330,Sep,Pontiac,Policy Holder,No,No,0.5813228103439376,Medium
3331,Dec,Dodge,Policy Holder,No,No,0.05448736844377054,Low
3332,Dec,Mazda,Policy Holder,No,No,0.12456173989756074,Low
3333,Oct,Pontiac,Third Party,Yes,No,0.047336363968309675,Low
3334,Jul,Pontiac,Third Party,No,No,0.03249225101049328,Low
3335,May,Honda,Policy Holder,No,No,0.8149906541695188,High
3336,Mar,Honda,Policy Holder,No,No,0.7826827202212409,High
3337,Jan,Pontiac,Policy Holder,No,No,0.6375679068255784,High
3338,Jan,Chevrolet,Third Party,No,No,0.07462820863672859,Low
3339,Nov,Chevrolet,Policy Holder,No,No,0.3559924217023614,Medium
3340,Nov,Toyota,Policy Holder,No,No,0.35741997390354,Medium
3341,Nov,Honda,Third Party,No,No,0.05052070329861324,Low
3342,Oct,Toyota,Policy Holder,No,No,0.11177593765734595,Low
3343,Oct,Pontiac,Policy Holder,No,No,0.5677991290804871,Medium
3344,Sep,Mazda,Policy Holder,No,No,0.740965292174518,High
3345,Jul,Chevrolet,Third Party,No,No,0.0026429791593105415,Low
3346,Jul,Mazda,Third Party,No,No,0.02239325240820023,Low
3347,Jun,Ford,Third Party,No,No,0.05374490352455095,Low
3348,May,Chevrolet,Policy Holder,No,No,0.7146860940662013,High
3349,May,Honda,Policy Holder,No,No,0.24492833188744742,Low
3350,Jun,Accura,Policy Holder,No,No,0.8026242140852899,High
3351,Jun,Pontiac,Policy Holder,No,No,0.5650724690023052,Medium
3352,Jun,Chevrolet,Policy Holder,No,No,0.6519324887733331,High
3353,Oct,Chevrolet,Policy Holder,No,No,0.10940037932710257,Low
3354,Oct,Pontiac,Third Party,No,No,0.06529958592547641,Low
3355,Oct,Honda,Third Party,No,No,0.054004758039036725,Low
3356,Aug,Toyota,Policy Holder,No,No,0.6491878384989038,High
3357,May,Pontiac,Third Party,No,No,0.06654904912972323,Low
3358,Jan,Honda,Policy Holder,No,No,0.5342877624302542,Medium
3359,May,Chevrolet,Policy Holder,No,No,0.19215251771308622,Low
3360,Mar,Accura,Third Party,No,Yes,0.1843686283029816,Low
3361,Oct,Chevrolet,Policy Holder,No,No,0.4935592028140956,Medium
3362,Jan,Honda,Policy Holder,No,No,0.5353485211987854,Medium
3363,Jan,Toyota,Third Party,No,No,0.10319101305134074,Low
3364,Oct,Pontiac,Third Party,No,No,0.056389643826389085,Low
3365,Mar,Pontiac,Policy Holder,No,No,0.20292313175986013,Low
3366,May,Honda,Third Party,No,No,0.04658403831168868,Low
3367,Aug,Honda,Policy Holder,No,No,0.9862169320933247,High
3368,Dec,Ford,Policy Holder,No,No,0.16359903746633753,Low
3369,Dec,Mazda,Policy Holder,No,No,0.16149398091658915,Low
3370,Dec,Honda,Third Party,No,No,0.002074299347439194,Low
3371,May,Toyota,Third Party,No,No,0.07498056141156308,Low
3372,Jan,Toyota,Policy Holder,No,No,0.08393194281619676,Low
3373,Jun,Pontiac,Policy Holder,No,No,0.6284249375484737,High
3374,Jul,Mazda,Policy Holder,No,No,0.06357518540416715,Low
3375,Jul,Pontiac,Policy Holder,No,No,0.1061243367960742,Low
3376,Oct,Mazda,Policy Holder,Yes,No,0.5370153654777954,Medium
3377,Oct,Toyota,Policy Holder,No,No,0.13488363814944587,Low
3378,Jul,Honda,Third Party,No,No,0.03529856479663026,Low
3379,Dec,Mazda,Third Party,No,No,0.03151906121739392,Low
3380,Nov,Mazda,Policy Holder,No,No,0.47566257800274964,Medium
3381,Oct,Pontiac,Third Party,No,Yes,0.07865864499611475,Low
3382,Sep,Mazda,Third Party,No,No,0.03563043470205581,Low
3383,Aug,Honda,Policy Holder,No,No,0.11945234583424647,Low
3384,Jul,Accura,Policy Holder,Yes,No,0.6044978459983167,High
3385,May,Chevrolet,Policy Holder,No,No,0.8568559141384987,High
3386,Aug,Honda,Third Party,No,No,0.08592494132708828,Low
3387,May,Mazda,Third Party,Yes,No,0.047649497411150564,Low
3388,Jun,Chevrolet,Policy Holder,No,No,0.19126037552313827,Low
3389,May,Chevrolet,Third Party,No,No,0.10383130872715163,Low
3390,Feb,Pontiac,Third Party,No,No,0.035586044373464,Low
3391,Oct,Honda,Third Party,No,No,0.06882191140081584,Low
3392,Oct,Chevrolet,Policy Holder,No,No,0.7176564875593467,High
3393,Oct,Mazda,Policy Holder,No,No,0.07262210607329204,Low
3394,Jan,Mazda,Third Party,No,No,0.05618952576022534,Low
3395,Jan,Mazda,Third Party,No,No,0.1290405523591703,Low
3396,Jan,Mazda,Policy Holder,No,No,0.07052020118652713,Low
3397,Jan,Mazda,Policy Holder,No,No,0.12921536284297722,Low
3398,Feb,Pontiac,Policy Holder,No,No,0.5454798405466759,Medium
3399,Apr,Pontiac,Policy Holder,No,No,0.06973265114227,Low
3400,Jun,Mazda,Policy Holder,No,No,0.5361269708799354,Medium
3401,Jun,Pontiac,Third Party,No,No,0.040293292241489746,Low
3402,Jun,Honda,Policy Holder,No,No,0.078277663414203,Low
3403,Aug,Toyota,Policy Holder,No,No,0.0777698724615924,Low
3404,Oct,Accura,Policy Holder,No,No,0.8063335359403373,High
3405,Oct,Pontiac,Policy Holder,No,No,0.5578544742473227,Medium
3406,Oct,Chevrolet,Third Party,No,No,0.05883699801854476,Low
3407,May,Pontiac,Policy Holder,No,No,0.6988147544292544,High
3408,May,Toyota,Policy Holder,No,No,0.6090550181685367,High
3409,Dec,Ford,Third Party,No,No,0.08480616836923244,Low
3410,Dec,Chevrolet,Policy Holder,No,No,0.08205709346544908,Low
3411,Oct,Toyota,Policy Holder,No,No,0.7764954321686112,High
3412,Oct,Nisson,Policy Holder,No,No,0.7063142859556569,High
3413,Aug,Nisson,Policy Holder,No,No,0.06912693457519306,Low
3414,Aug,Toyota,Policy Holder,No,No,0.7586577426891743,High
3415,Aug,Pontiac,Policy Holder,No,No,0.7833892751488499,High
3416,Jun,Honda,Policy Holder,No,No,0.10996264519695555,Low
3417,Jun,Chevrolet,Policy Holder,No,No,0.12462505211524162,Low
3418,Jun,Mazda,Policy Holder,No,No,0.9959924912563339,High
3419,May,Chevrolet,Policy Holder,No,No,0.8350678526043063,High
3420,May,Honda,Policy Holder,No,No,0.8035233040484621,High
3421,May,Honda,Policy Holder,No,No,0.09237373648797677,Low
3422,May,Pontiac,Policy Holder,No,No,0.8096977245776044,High
3423,May,Honda,Policy Holder,No,No,0.8143388125321265,High
3424,Feb,Mazda,Policy Holder,No,No,0.053502817890687074,Low
3425,Feb,Chevrolet,Policy Holder,No,No,0.08961948535486707,Low
3426,Feb,Pontiac,Third Party,No,No,0.046746911125980534,Low
3427,Feb,Toyota,Policy Holder,No,No,0.6622080185384026,High
3428,Jan,Mazda,Policy Holder,No,No,0.06298188510561518,Low
3429,Jan,Pontiac,Policy Holder,No,No,0.5148393076244192,Medium
3430,Jan,Honda,Third Party,No,No,0.0025233546348053496,Low
3431,Jan,Saturn,Policy Holder,No,No,0.8011067588615758,High
3432,Jan,Pontiac,Third Party,No,No,0.002271731073704407,Low
3433,Jan,Chevrolet,Policy Holder,No,No,0.6521553278451143,High
3434,May,Pontiac,Third Party,No,No,0.061386465521893314,Low
3435,Jan,Toyota,Policy Holder,No,No,0.10062490310134478,Low
3436,Jan,Pontiac,Policy Holder,No,No,0.08033527333671212,Low
3437,Jan,Accura,Policy Holder,No,No,0.7478700345923007,High
3438,Jan,Toyota,Policy Holder,No,No,0.6941897473360411,High
3439,Jan,Honda,Policy Holder,No,No,0.07751703950923028,Low
3440,Jan,Pontiac,Third Party,Yes,Yes,0.02194970859774315,Low
3441,Jan,Honda,Policy Holder,No,No,0.7950778277438016,High
3442,Dec,Mazda,Third Party,No,No,0.11862452094281149,Low
3443,Dec,Toyota,Policy Holder,No,No,0.500467912950506,Medium
3444,May,Mazda,Policy Holder,No,No,0.5845385774206334,Medium
3445,Dec,Accura,Third Party,No,No,0.05899885917665879,Low
3446,Oct,Honda,Third Party,No,No,0.0641985132942231,Low
3447,Oct,Pontiac,Policy Holder,No,No,0.624534890764456,High
3448,Sep,Pontiac,Policy Holder,No,No,0.5733430725991476,Medium
3449,Sep,Chevrolet,Policy Holder,No,No,0.5930508996389544,Medium
3450,Aug,Pontiac,Policy Holder,No,No,0.39121386110888584,Medium
3451,Aug,Mazda,Policy Holder,No,No,0.7601078922281097,High
3452,Jun,Toyota,Policy Holder,No,No,0.7339449335733241,High
3453,May,Honda,Third Party,No,No,0.15198803744576106,Low
3454,May,Chevrolet,Policy Holder,No,No,0.6392597042976665,High
3455,Feb,Pontiac,Policy Holder,No,No,0.08874759691842504,Low
3456,Feb,Toyota,Policy Holder,No,No,0.09971819472946325,Low
3457,May,Mazda,Policy Holder,No,No,0.7255686001014355,High
3458,Jan,Dodge,Policy Holder,No,No,0.06522700679171733,Low
3459,Jan,Toyota,Third Party,No,No,0.09107329360018258,Low
3460,Jan,Honda,Policy Holder,No,No,0.08227870080628585,Low
3461,May,Mazda,Policy Holder,No,No,0.726146491192418,High
3462,Jan,Pontiac,Policy Holder,No,No,0.07759264608986231,Low
3463,May,Mazda,Policy Holder,No,No,0.86057060142391,High
3464,Feb,Toyota,Policy Holder,No,No,0.13456468677292377,Low
3465,Feb,Pontiac,Third Party,No,No,0.04289061070674694,Low
3466,Feb,Mazda,Policy Holder,No,No,0.09725585147335854,Low
3467,Feb,Toyota,Third Party,No,No,0.0825342080034145,Low
3468,Nov,Mazda,Policy Holder,No,No,0.029716119560493973,Low
3469,Sep,Honda,Policy Holder,No,No,0.9737109613017638,High
3470,Mar,Honda,Policy Holder,No,No,0.6561493386094907,High
3471,Mar,Pontiac,Policy Holder,No,No,0.09834033901735381,Low
3472,Feb,Toyota,Policy Holder,No,No,0.7658236985621083,High
3473,Feb,Pontiac,Policy Holder,No,No,0.7507519745815743,High
3474,Jun,Accura,Policy Holder,No,No,0.5832205996689371,Medium
3475,Mar,Chevrolet,Policy Holder,No,No,0.8185696670314649,High
3476,Apr,Pontiac,Policy Holder,No,No,0.6158933360745632,High
3477,May,Ford,Third Party,No,No,0.07574832514869403,Low
3478,Apr,Honda,Policy Holder,No,No,0.6850368754674049,High
3479,Apr,Honda,Third Party,No,No,0.041311035279077014,Low
3480,Jun,Honda,Policy Holder,No,No,0.5640822741659705,Medium
3481,May,Pontiac,Policy Holder,No,No,0.5968094260332399,Medium
3482,Aug,Mazda,Third Party,No,No,0.04894869350921952,Low
3483,May,Pontiac,Third Party,No,No,0.08786939325548272,Low
3484,Sep,Chevrolet,Policy Holder,No,No,0.4301405222083314,Medium
3485,Nov,Mazda,Policy Holder,No,No,0.05607259395380857,Low
3486,Dec,Pontiac,Policy Holder,No,No,0.14461546095352834,Low
3487,Dec,Chevrolet,Policy Holder,No,No,0.559224338127215,Medium
3488,Dec,Mazda,Third Party,No,No,0.027129914080952364,Low
3489,Feb,Chevrolet,Policy Holder,No,No,0.8427406750619015,High
3490,Jun,Toyota,Policy Holder,No,No,0.6882776195476248,High
3491,Jul,Pontiac,Policy Holder,No,No,0.6021542655739032,High
3492,Jul,Pontiac,Policy Holder,No,No,0.5769609614028658,Medium
3493,May,Honda,Policy Holder,No,No,0.7074598341019691,High
3494,Jun,Honda,Policy Holder,Yes,No,0.6697507240403135,High
3495,Mar,Mazda,Policy Holder,No,No,0.13364837620852504,Low
3496,Feb,Toyota,Third Party,No,No,0.05723456639313594,Low
3497,May,Toyota,Policy Holder,No,No,0.7154309664599577,High
3498,May,Mazda,Policy Holder,No,No,0.6608252528440811,High
3499,Jun,Mazda,Third Party,No,No,0.043505564340540974,Low
3500,Jul,Ford,Third Party,No,No,0.04313035511866838,Low
3501,Jul,Toyota,Policy Holder,No,No,0.6082040507795491,High
3502,May,Accura,Policy Holder,No,No,0.8803314513808915,High
3503,Jun,Pontiac,Third Party,No,No,0.0641038529627231,Low
3504,Oct,Toyota,Policy Holder,No,No,0.7448474998623509,High
3505,Oct,Pontiac,Third Party,No,No,0.04354380398752738,Low
3506,Oct,Chevrolet,Policy Holder,No,No,0.5982114141822216,Medium
3507,Oct,Mazda,Policy Holder,No,No,0.6085668170209672,High
3508,Mar,Saab,Policy Holder,No,No,0.8000039059010168,High
3509,Apr,Toyota,Policy Holder,No,No,0.6399508476375091,High
3510,Jun,Toyota,Third Party,Yes,No,0.07439668995250646,Low
3511,Jun,Chevrolet,Policy Holder,No,No,0.1280401318295274,Low
3512,Aug,Pontiac,Third Party,No,No,0.04638623238598039,Low
3513,Sep,Honda,Policy Holder,No,No,0.6296210855906061,High
3514,Dec,Pontiac,Third Party,No,No,0.02707055176649009,Low
3515,Dec,Chevrolet,Policy Holder,No,No,0.09386423361623983,Low
3516,Sep,Toyota,Policy Holder,No,No,0.6661167522343843,High
3517,Jun,Toyota,Policy Holder,No,No,0.11337548254225302,Low
3518,May,Toyota,Policy Holder,No,No,0.12263124452522088,Low
3519,May,Chevrolet,Policy Holder,No,No,0.1637439888393287,Low
3520,May,Mazda,Third Party,No,No,0.8714315850214446,High
3521,Mar,Pontiac,Third Party,No,No,0.07787235748329271,Low
3522,Mar,Accura,Policy Holder,No,No,0.8183672041278799,High
3523,Feb,VW,Policy Holder,No,No,0.3185254550776139,Medium
3524,Feb,Toyota,Policy Holder,No,No,0.5452189795929566,Medium
3525,May,Honda,Third Party,No,No,0.10709599677591845,Low
3526,Feb,Accura,Policy Holder,No,No,0.7427175734047636,High
3527,Feb,Pontiac,Third Party,No,No,0.001161314636269113,Low
3528,Jan,Pontiac,Policy Holder,No,No,0.6300485411781915,High
3529,Jan,Honda,Policy Holder,No,No,0.386200909379103,Medium
3530,Jan,Ford,Policy Holder,No,No,0.12792614440554104,Low
3531,Jan,Honda,Policy Holder,No,No,0.7189166843741438,High
3532,Jan,Accura,Policy Holder,No,No,0.7711122759794098,High
3533,Jan,Pontiac,Policy Holder,No,No,0.12223951707867994,Low
3534,May,Toyota,Third Party,No,No,0.037174644644776246,Low
3535,Dec,Toyota,Policy Holder,No,No,0.08912712183473638,Low
3536,Dec,Honda,Third Party,No,No,0.07840257669147768,Low
3537,Sep,Pontiac,Policy Holder,No,No,0.5785236904363399,Medium
3538,Sep,VW,Policy Holder,No,No,0.0156817893687989,Low
3539,Jul,Pontiac,Policy Holder,No,No,0.8318643791392152,High
3540,Jun,Honda,Third Party,No,Yes,0.020722810175797225,Low
3541,Jun,Pontiac,Policy Holder,No,No,0.8253715903332419,High
3542,May,Accura,Policy Holder,No,No,0.793401726557468,High
3543,Apr,Honda,Third Party,No,No,0.06033325399247115,Low
3544,Feb,Honda,Policy Holder,No,No,0.8380340465501067,High
3545,Feb,Honda,Policy Holder,No,No,0.18022054334878768,Low
3546,May,Pontiac,Policy Holder,No,No,0.7900993492739818,High
3547,Apr,Accura,Third Party,No,No,0.03501995624605415,Low
3548,Jul,Honda,Policy Holder,No,No,0.06102256586663367,Low
3549,May,Chevrolet,Policy Holder,No,No,0.05731879265120755,Low
3550,May,Pontiac,Policy Holder,No,No,0.8367019179434221,High
3551,Oct,VW,Policy Holder,No,No,0.0471418676809606,Low
3552,Oct,Toyota,Third Party,No,No,0.04464434363546981,Low
3553,Oct,Pontiac,Policy Holder,No,No,0.11886699766545908,Low
3554,Sep,Ford,Policy Holder,No,No,0.7546806946953208,High
3555,Jun,Honda,Policy Holder,No,No,0.08166721991169182,Low
3556,May,Toyota,Policy Holder,No,No,0.7714824778714007,High
3557,May,Toyota,Policy Holder,No,No,0.7058518647784966,High
3558,May,Ford,Policy Holder,No,No,0.7549225964673406,High
3559,Feb,Pontiac,Policy Holder,No,No,0.6805664500830816,High
3560,Jan,Pontiac,Policy Holder,No,No,0.14684689334892512,Low
3561,Jan,Accura,Policy Holder,No,No,0.89719378049602,High
3562,Jan,Mazda,Policy Holder,No,No,0.6429196552751478,High
3563,Jan,Mazda,Third Party,No,No,0.002898793419041179,Low
3564,Jan,Toyota,Policy Holder,No,No,0.5973351918442095,Medium
3565,Jan,Pontiac,Policy Holder,No,No,0.6624122373927817,High
3566,Jan,Mazda,Third Party,No,No,0.05140741554650088,Low
3567,Jan,Toyota,Policy Holder,No,No,0.7730977923331376,High
3568,Dec,Mazda,Policy Holder,No,No,0.0647926044739974,Low
3569,Dec,Honda,Policy Holder,No,No,0.47165622561170695,Medium
3570,May,Accura,Policy Holder,No,No,0.8398148313616189,High
3571,Dec,Chevrolet,Third Party,No,No,0.06610944905491895,Low
3572,Dec,Pontiac,Policy Holder,No,No,0.6660921692993567,High
3573,Dec,Toyota,Policy Holder,No,No,0.11191456306131284,Low
3574,Dec,Honda,Third Party,No,No,0.025566380203705653,Low
3575,Dec,Honda,Policy Holder,No,No,0.03456515110393103,Low
3576,Aug,Pontiac,Policy Holder,No,No,0.07780621724977493,Low
3577,Aug,Pontiac,Policy Holder,No,No,0.7095921706493675,High
3578,Jul,Pontiac,Policy Holder,No,No,0.45638726931750956,Medium
3579,Jul,Pontiac,Policy Holder,No,No,0.4626643840773548,Medium
3580,May,Mazda,Policy Holder,No,No,0.7384051557873379,High
3581,May,Chevrolet,Policy Holder,No,No,0.5719178663686241,Medium
3582,Mar,Mazda,Policy Holder,No,No,0.5633678018917463,Medium
3583,Mar,Mazda,Policy Holder,No,No,0.7010243235312908,High
3584,Mar,Chevrolet,Policy Holder,No,No,0.7025377937913219,High
3585,Feb,Dodge,Policy Holder,No,No,0.06494965305931935,Low
3586,May,Accura,Policy Holder,No,No,0.6717828951463067,High
3587,Feb,Pontiac,Third Party,No,No,0.0029898523082524395,Low
3588,Nov,Honda,Policy Holder,No,No,0.7752429126226779,High
3589,May,Pontiac,Policy Holder,No,No,0.7259880021337272,High
3590,May,Accura,Third Party,No,No,0.13399016532913774,Low
3591,Sep,Saturn,Policy Holder,No,No,0.6806528503203111,High
3592,Dec,Honda,Policy Holder,No,No,0.3651931956357571,Medium
3593,Mar,Honda,Policy Holder,No,No,0.6262881435942128,High
3594,Mar,Mazda,Policy Holder,No,No,0.6598873674540967,High
3595,Mar,Saturn,Policy Holder,No,No,0.7845156822232319,High
3596,Mar,Chevrolet,Third Party,No,No,0.05659754945604052,Low
3597,Mar,Pontiac,Policy Holder,No,No,0.15286072686063362,Low
3598,Feb,Honda,Policy Holder,No,No,0.14317720174042756,Low
3599,May,Toyota,Policy Holder,No,No,0.9510831306744326,High
3600,Feb,Mazda,Policy Holder,No,No,0.10220586022874474,Low
3601,Nov,Chevrolet,Policy Holder,No,No,0.09990556276522475,Low
3602,Jun,Pontiac,Policy Holder,No,No,0.4455848580178892,Medium
3603,Jun,Honda,Third Party,No,No,0.049581432758965836,Low
3604,Jun,Honda,Policy Holder,No,No,0.09393620129009958,Low
3605,Mar,Toyota,Third Party,No,No,0.08062064765943042,Low
3606,Mar,Pontiac,Policy Holder,No,No,0.7783500186586204,High
3607,Feb,Pontiac,Third Party,No,No,0.037597775467092705,Low
3608,Feb,Ford,Policy Holder,No,No,0.12584914543114056,Low
3609,Feb,Honda,Policy Holder,No,No,0.6750434837036281,High
3610,Feb,Honda,Policy Holder,No,No,0.14195673114414178,Low
3611,Feb,Honda,Policy Holder,No,No,0.08490683742304084,Low
3612,Jan,Honda,Policy Holder,No,No,0.11141221322951873,Low
3613,Jan,Chevrolet,Policy Holder,No,No,0.6643113071108924,High
3614,May,Pontiac,Policy Holder,No,No,0.72851814977346,High
3615,Jan,Honda,Policy Holder,No,No,0.05690176823553413,Low
3616,Jan,Honda,Policy Holder,No,No,0.4899989903199627,Medium
3617,Jan,Honda,Policy Holder,No,No,0.09597527626323876,Low
3618,Jan,Chevrolet,Third Party,No,No,0.09539753933885038,Low
3619,Jan,Mazda,Policy Holder,No,No,0.5681181431408756,Medium
3620,Dec,Toyota,Third Party,No,No,0.036953683434745276,Low
3621,Apr,VW,Policy Holder,No,No,0.2593441426437818,Low
3622,Mar,Toyota,Policy Holder,No,No,0.9917184806346242,High
3623,Mar,Mazda,Policy Holder,No,No,0.7116492933638595,High
3624,May,Honda,Third Party,No,No,0.08553673675351867,Low
3625,Feb,Chevrolet,Policy Holder,No,No,0.8508694378594963,High
3626,Feb,Mazda,Third Party,No,No,0.000745031759051003,Low
3627,Feb,Mazda,Policy Holder,No,No,0.5225594242509661,Medium
3628,Feb,Pontiac,Policy Holder,No,No,0.7477580354299705,High
3629,Jan,Pontiac,Third Party,No,No,0.0424704745138033,Low
3630,Jan,Pontiac,Policy Holder,No,No,0.6535557340037239,High
3631,Jan,Pontiac,Policy Holder,No,No,0.07647557239889279,Low
3632,Jan,Saab,Policy Holder,No,No,0.644068961108236,High
3633,Jan,Mazda,Third Party,No,No,0.0027403600963644796,Low
3634,Jan,Mazda,Third Party,No,No,0.002260862929217233,Low
3635,Jan,Honda,Policy Holder,No,No,0.17188854476462817,Low
3636,Feb,Mercury,Policy Holder,No,No,0.18064179014358414,Low
3637,Feb,Chevrolet,Third Party,No,No,0.003473377029461285,Low
3638,Jan,Mazda,Policy Holder,No,No,0.1193983298583144,Low
3639,Jan,Toyota,Third Party,No,No,0.085682684704094,Low
3640,Jan,Pontiac,Policy Holder,No,No,0.6959051789892814,High
3641,Jan,Honda,Policy Holder,No,No,0.12027943606779055,Low
3642,Jan,Pontiac,Policy Holder,No,No,0.10278163109346194,Low
3643,Jan,Honda,Third Party,No,No,0.09535155611623265,Low
3644,Dec,Honda,Policy Holder,No,No,0.6983645311330786,High
3645,Dec,Pontiac,Policy Holder,No,No,0.5843920192020573,Medium
3646,Dec,Chevrolet,Third Party,No,No,0.05932393000405537,Low
3647,Jan,Honda,Policy Holder,No,No,0.8411482007332871,High
3648,Jan,Pontiac,Policy Holder,No,No,0.13481170025560243,Low
3649,Jan,Mazda,Third Party,No,No,0.11899836324302895,Low
3650,May,Pontiac,Policy Holder,No,No,0.7855212289100112,High
3651,Jan,VW,Policy Holder,No,No,0.32061376280788967,Medium
3652,Jan,Toyota,Policy Holder,No,No,0.1352871611747964,Low
3653,Dec,Pontiac,Policy Holder,No,No,0.08907735319203014,Low
3654,Dec,Pontiac,Policy Holder,No,No,0.6020923452282421,High
3655,Dec,Pontiac,Policy Holder,No,No,0.07858615659639717,Low
3656,Dec,Ford,Policy Holder,No,No,0.7357931505993366,High
3657,Dec,Accura,Policy Holder,No,No,0.7000949737761836,High
3658,Dec,Honda,Policy Holder,No,No,0.053207451672524345,Low
3659,Dec,Chevrolet,Policy Holder,No,No,0.09930088291250828,Low
3660,Jan,Honda,Third Party,No,No,0.05069197643623785,Low
3661,Jan,Honda,Policy Holder,No,No,0.5891899149064248,Medium
3662,May,Ford,Third Party,No,No,0.11605315804046337,Low
3663,May,Toyota,Third Party,No,No,0.04850723176016672,Low
3664,Jan,Toyota,Policy Holder,No,No,0.7238696501589671,High
3665,Jan,Chevrolet,Policy Holder,No,No,0.67221661212701,High
3666,Jan,Toyota,Policy Holder,No,No,0.5336003585688021,Medium
3667,Jan,Pontiac,Policy Holder,No,No,0.11113134296773007,Low
3668,Jan,Chevrolet,Policy Holder,No,No,0.6557259172861463,High
3669,Jan,Honda,Third Party,No,No,0.004057750649819672,Low
3670,Jan,Pontiac,Policy Holder,No,No,0.0933277073061129,Low
3671,Jan,Toyota,Policy Holder,No,No,0.18582245997670344,Low
3672,Jan,Toyota,Policy Holder,No,No,0.6648845980200667,High
3673,Jan,Toyota,Third Party,No,No,0.726671578772711,High
3674,Jan,Mazda,Third Party,No,No,0.0499588795634212,Low
3675,Mar,Accura,Policy Holder,No,No,0.8650096773405178,High
3676,May,Pontiac,Policy Holder,No,No,0.6675030991952248,High
3677,Jan,Dodge,Third Party,No,No,0.021156682063668275,Low
3678,Jan,Pontiac,Policy Holder,No,No,0.6991669039085638,High
3679,Jan,Honda,Policy Holder,No,No,0.060401066568602495,Low
3680,Jan,Pontiac,Policy Holder,No,No,0.5712863342868583,Medium
3681,Jan,Honda,Third Party,No,No,0.06694431760163572,Low
3682,May,Toyota,Policy Holder,No,No,0.14337323291854884,Low
3683,Jan,Toyota,Policy Holder,No,No,0.12091655946450058,Low
3684,May,Saab,Policy Holder,No,No,0.8962115163884866,High
3685,Feb,Mazda,Policy Holder,Yes,No,0.812281788991546,High
3686,Sep,Pontiac,Third Party,No,No,0.04148396909158104,Low
3687,Sep,Pontiac,Policy Holder,No,No,0.5366225291985142,Medium
3688,Feb,Toyota,Policy Holder,No,No,0.573604295488784,Medium
3689,May,Chevrolet,Third Party,No,No,0.06558391947619432,Low
3690,Feb,Saab,Third Party,No,No,0.11134304231147345,Low
3691,Feb,Chevrolet,Policy Holder,No,No,0.7004581587570918,High
3692,Feb,Honda,Policy Holder,No,No,0.6406481849553688,High
3693,Feb,Mazda,Third Party,No,No,0.03405208354174596,Low
3694,May,Pontiac,Policy Holder,No,No,0.7315561776610656,High
3695,Feb,Pontiac,Third Party,No,No,0.11130962363754793,Low
3696,Jan,Pontiac,Policy Holder,No,No,0.9016637205954313,High
3697,Mar,Pontiac,Policy Holder,No,No,0.6874350709650369,High
3698,Mar,Chevrolet,Policy Holder,No,No,0.1880289796455081,Low
3699,Feb,Toyota,Policy Holder,No,No,0.19269121129801317,Low
3700,Feb,Toyota,Policy Holder,No,No,0.794337943644049,High
3701,Feb,Toyota,Policy Holder,No,No,0.09591481915107442,Low
3702,Jan,Pontiac,Policy Holder,No,No,0.6829296677424675,High
3703,Jan,Pontiac,Policy Holder,No,No,0.6820890698090832,High
3704,Jan,Honda,Third Party,No,No,0.04226249291122864,Low
3705,Jan,Honda,Policy Holder,No,No,0.15077736492724864,Low
3706,Jan,Ford,Policy Holder,No,No,0.7883615255053684,High
3707,Jan,Toyota,Third Party,No,No,0.06658298137139843,Low
3708,May,Pontiac,Third Party,No,No,0.035066542055616004,Low
3709,Jan,Pontiac,Policy Holder,No,No,0.549545843218923,Medium
3710,Jan,Toyota,Policy Holder,No,No,0.710362931439933,High
3711,Dec,Toyota,Third Party,No,No,0.03920664506431687,Low
3712,Dec,Ford,Policy Holder,No,No,0.7030758343932285,High
3713,Dec,Mercury,Policy Holder,No,No,0.7090045153324481,High
3714,Feb,Mazda,Policy Holder,No,No,0.5608699879991816,Medium
3715,Feb,Toyota,Third Party,No,No,0.11460281106352055,Low
3716,Mar,Toyota,Third Party,No,No,0.04625868051447882,Low
3717,Mar,Toyota,Policy Holder,No,No,0.7373133468720707,High
3718,Mar,Honda,Policy Holder,No,No,0.08274584863320872,Low
3719,Mar,Mazda,Policy Holder,No,No,0.1539483065513137,Low
3720,Mar,Pontiac,Policy Holder,No,No,0.6916966504170062,High
3721,Jul,Toyota,Policy Holder,No,No,0.7063770384189415,High
3722,Feb,Pontiac,Policy Holder,No,No,0.12001140479159401,Low
3723,Mar,Saturn,Policy Holder,No,No,0.8561887574488343,High
3724,May,Toyota,Policy Holder,No,No,0.8913523981470114,High
3725,May,Chevrolet,Policy Holder,No,No,0.8164800787609576,High
3726,May,Pontiac,Policy Holder,No,No,0.7079990324601019,High
3727,Nov,Honda,Policy Holder,No,No,0.04998492948227082,Low
3728,May,Toyota,Policy Holder,No,No,0.1151682685527283,Low
3729,Aug,Pontiac,Policy Holder,No,No,0.7774174621082314,High
3730,Apr,Mazda,Third Party,No,No,0.04553985423859915,Low
3731,Apr,Pontiac,Policy Holder,No,No,0.6203780399476625,High
3732,Apr,Ford,Policy Holder,No,No,0.8737864561266134,High
3733,Apr,Pontiac,Third Party,No,No,0.04021522669019134,Low
3734,Apr,Mazda,Third Party,No,No,0.08353498629135807,Low
3735,Apr,Mazda,Policy Holder,No,No,0.6241944666784783,High
3736,May,Chevrolet,Policy Holder,No,No,0.1924983228627509,Low
3737,May,Chevrolet,Policy Holder,No,No,0.810304691526156,High
3738,Jun,Honda,Policy Holder,No,No,0.11274047888321456,Low
3739,Aug,Mazda,Policy Holder,No,No,0.06289499050181678,Low
3740,Aug,Pontiac,Policy Holder,No,No,0.7623047785237754,High
3741,May,Honda,Policy Holder,No,No,0.6967986833784889,High
3742,Sep,Mazda,Third Party,No,No,0.04823902571111765,Low
3743,Sep,Toyota,Policy Holder,No,No,0.5377027438191327,Medium
3744,Nov,Chevrolet,Policy Holder,No,No,0.04824176224922772,Low
3745,Nov,Toyota,Policy Holder,No,No,0.10067551552523542,Low
3746,Dec,Toyota,Policy Holder,No,No,0.5380777840200315,Medium
3747,May,Chevrolet,Third Party,No,No,0.10049390327063948,Low
3748,May,Honda,Policy Holder,No,No,0.5974380455987475,Medium
3749,Jun,Pontiac,Policy Holder,No,No,0.7108573186614224,High
3750,Jun,Pontiac,Policy Holder,No,No,0.030038890425064833,Low
3751,Jun,Chevrolet,Policy Holder,No,No,0.8190501309345133,High
3752,Jul,Honda,Policy Holder,No,No,0.07155135223861825,Low
3753,Aug,Pontiac,Policy Holder,No,No,0.7099036600634206,High
3754,Oct,Chevrolet,Policy Holder,No,No,0.7415019107057343,High
3755,Nov,Pontiac,Policy Holder,No,No,0.03720639117553188,Low
3756,Nov,Chevrolet,Third Party,No,No,0.02096435939832709,Low
3757,Oct,Mazda,Policy Holder,Yes,No,0.3392502124400341,Medium
3758,Feb,Toyota,Third Party,No,No,0.04296814773767496,Low
3759,Feb,Pontiac,Policy Holder,No,No,0.5637466721725332,Medium
3760,Apr,Chevrolet,Policy Holder,No,No,0.4772658366801115,Medium
3761,May,Mazda,Policy Holder,No,No,0.11509254137802825,Low
3762,Apr,Pontiac,Policy Holder,No,No,0.6443175102341575,High
3763,May,Pontiac,Policy Holder,No,No,0.09185881854320986,Low
3764,May,Toyota,Third Party,No,No,0.05571844692195236,Low
3765,Sep,Pontiac,Policy Holder,No,No,0.09066545406560683,Low
3766,Sep,Toyota,Third Party,No,No,0.03471303746875373,Low
3767,Sep,Accura,Policy Holder,No,No,0.688376763910133,High
3768,Sep,Pontiac,Policy Holder,No,No,0.46082909617915874,Medium
3769,Sep,Honda,Third Party,Yes,No,0.023198152868688145,Low
3770,Nov,Pontiac,Policy Holder,No,No,0.05577892518082832,Low
3771,Apr,Toyota,Policy Holder,No,No,0.08904137877774795,Low
3772,Apr,Toyota,Third Party,Yes,No,0.04013176737217301,Low
3773,May,Honda,Policy Holder,No,No,0.6876610531695061,High
3774,Apr,Chevrolet,Policy Holder,No,No,0.816733634214833,High
3775,Apr,Toyota,Policy Holder,No,No,0.9926447877696615,High
3776,Jul,Toyota,Third Party,No,No,0.053439479311553614,Low
3777,Jul,Honda,Third Party,No,No,0.08124398463881043,Low
3778,May,Toyota,Policy Holder,No,No,0.617896745657949,High
3779,Oct,Pontiac,Policy Holder,No,No,0.28509778833181204,Low
3780,Nov,Chevrolet,Policy Holder,No,No,0.5618193377697008,Medium
3781,Oct,Pontiac,Third Party,Yes,No,0.0390411459160828,Low
3782,May,Honda,Policy Holder,No,No,0.6471581293357503,High
3783,Aug,Honda,Policy Holder,No,No,0.6571142784275418,High
3784,Aug,Honda,Policy Holder,No,No,0.6932313381138712,High
3785,Sep,Pontiac,Policy Holder,No,No,0.10120108582884903,Low
3786,May,Mazda,Policy Holder,No,No,0.6540748538018957,High
3787,Dec,Chevrolet,Policy Holder,No,No,0.09850847077204401,Low
3788,May,Toyota,Policy Holder,No,No,0.7588713863776293,High
3789,May,Pontiac,Policy Holder,No,No,0.613006722491465,High
3790,Jun,Pontiac,Policy Holder,No,No,0.6711807482864024,High
3791,Jun,Chevrolet,Policy Holder,No,No,0.1111287399415247,Low
3792,May,Pontiac,Policy Holder,No,No,0.18210323420955712,Low
3793,Oct,Toyota,Third Party,No,No,0.03200738940714302,Low
3794,Oct,Mazda,Policy Holder,No,No,0.48791818258977326,Medium
3795,Nov,Chevrolet,Third Party,Yes,No,0.015232411415941985,Low
3796,Oct,Ford,Third Party,No,No,0.05785382658060368,Low
3797,Aug,Mazda,Policy Holder,No,No,0.1446452826769547,Low
3798,Jul,Toyota,Policy Holder,No,No,0.5406119428667948,Medium
3799,Jul,Honda,Policy Holder,No,No,0.39601874699524414,Medium
3800,Jul,Pontiac,Policy Holder,No,No,0.4013373256875287,Medium
3801,May,Chevrolet,Policy Holder,No,No,0.7547867878584354,High
3802,Jun,Accura,Third Party,No,No,0.0023056723879323385,Low
3803,Jun,Honda,Third Party,No,No,0.04089980354597842,Low
3804,Apr,Toyota,Policy Holder,No,No,0.6422704977080684,High
3805,Apr,Pontiac,Third Party,No,No,0.037412880448734295,Low
3806,Apr,Toyota,Third Party,No,No,0.08117778404792712,Low
3807,Oct,Pontiac,Policy Holder,No,No,0.1569957866644816,Low
3808,Oct,Mazda,Policy Holder,No,No,0.13845417721066236,Low
3809,Aug,Honda,Policy Holder,No,No,0.6352377962842153,High
3810,Aug,Mazda,Third Party,No,No,0.0024673315275142433,Low
3811,Jul,Pontiac,Third Party,No,No,0.05681099805526278,Low
3812,May,Mazda,Third Party,No,No,0.07411087472712917,Low
3813,Feb,Toyota,Policy Holder,No,No,0.748578160275697,High
3814,Feb,Toyota,Policy Holder,No,No,0.6996276052075555,High
3815,Oct,Pontiac,Policy Holder,No,No,0.0746512091633788,Low
3816,Oct,Ford,Third Party,No,No,0.04549813187678335,Low
3817,May,Pontiac,Third Party,No,No,0.07234694620570443,Low
3818,Sep,Honda,Policy Holder,No,No,0.10749339492286157,Low
3819,Aug,Honda,Policy Holder,No,No,0.6700901262315583,High
3820,May,Mazda,Policy Holder,No,No,0.7638582985757,High
3821,May,Honda,Third Party,No,No,0.07085095010815516,Low
3822,May,Pontiac,Policy Holder,No,No,0.6642893412664418,High
3823,Mar,Mazda,Policy Holder,No,No,0.754912714430921,High
3824,Mar,Mazda,Policy Holder,No,No,0.1296453029688277,Low
3825,Mar,Mazda,Policy Holder,No,No,0.7598273849929045,High
3826,Mar,Pontiac,Policy Holder,No,No,0.9940505620554414,High
3827,Mar,Honda,Policy Holder,No,No,0.6619003343451969,High
3828,Feb,Pontiac,Policy Holder,No,No,0.5719676611950505,Medium
3829,Oct,Toyota,Third Party,No,No,0.060211161648124956,Low
3830,May,Mazda,Third Party,No,No,0.08100149770608954,Low
3831,Oct,Mazda,Policy Holder,No,No,0.38692467524646457,Medium
3832,Oct,Chevrolet,Policy Holder,No,No,0.689168116608277,High
3833,Oct,Chevrolet,Policy Holder,No,No,0.05613518005962664,Low
3834,May,Pontiac,Policy Holder,No,No,0.6958756669901951,High
3835,Jul,Accura,Policy Holder,No,No,0.5957016590755744,Medium
3836,Jun,Mercury,Policy Holder,No,No,0.7303621207350238,High
3837,Jun,Pontiac,Policy Holder,No,No,0.6759941496054431,High
3838,Jun,Pontiac,Third Party,No,No,0.0673825864215548,Low
3839,Jun,Toyota,Third Party,Yes,Yes,0.11338659522534292,Low
3840,May,Chevrolet,Policy Holder,No,No,0.14631219044252614,Low
3841,May,Honda,Third Party,No,No,0.11875803998261823,Low
3842,Apr,Mazda,Policy Holder,No,No,0.16927844892118904,Low
3843,Apr,Mazda,Policy Holder,No,No,0.6306421160483001,High
3844,Feb,Toyota,Policy Holder,No,No,0.6482417244049158,High
3845,Feb,Mazda,Policy Holder,No,No,0.1834725635773329,Low
3846,May,Pontiac,Third Party,No,No,0.0372085973297144,Low
3847,Oct,Honda,Third Party,No,No,0.06430288986276748,Low
3848,Jul,Mazda,Policy Holder,No,No,0.08467202224187857,Low
3849,Jul,Toyota,Policy Holder,No,No,0.5325821797893079,Medium
3850,Jul,Pontiac,Policy Holder,No,No,0.05365253624339254,Low
3851,Jun,Honda,Policy Holder,No,No,0.07642590776986127,Low
3852,Jun,Mazda,Policy Holder,No,No,0.860210506750632,High
3853,May,Chevrolet,Policy Holder,No,No,0.1549785847311562,Low
3854,Jun,Pontiac,Third Party,No,No,0.04364723656194045,Low
3855,Jun,Pontiac,Third Party,No,No,0.005248576360587859,Low
3856,Apr,Honda,Policy Holder,No,No,0.904652738995153,High
3857,May,Honda,Policy Holder,No,No,0.8505133454496062,High
3858,Mar,Toyota,Third Party,No,No,0.07308231930491782,Low
3859,Oct,Mazda,Policy Holder,No,No,0.7617226434636201,High
3860,Oct,Pontiac,Policy Holder,No,No,0.08725198174923737,Low
3861,Sep,Pontiac,Policy Holder,No,No,0.6779753416149893,High
3862,Aug,Chevrolet,Third Party,No,No,0.10195950282770994,Low
3863,Jul,Pontiac,Policy Holder,No,No,0.6085021693325074,High
3864,Jun,Pontiac,Third Party,No,No,0.0479486717684853,Low
3865,Jun,Mazda,Policy Holder,No,No,0.07641291830850075,Low
3866,Jun,VW,Policy Holder,No,No,0.2995271542354355,Low
3867,Apr,Mazda,Third Party,No,No,0.06011159525074371,Low
3868,Apr,Honda,Policy Holder,No,No,0.0703347630289188,Low
3869,Apr,VW,Policy Holder,No,No,0.02597386702448455,Low
3870,Apr,Toyota,Policy Holder,No,No,0.652886907946315,High
3871,Apr,Pontiac,Third Party,No,No,0.06262284747706577,Low
3872,Apr,Honda,Policy Holder,No,No,0.1311400834948265,Low
3873,Mar,Pontiac,Policy Holder,No,No,0.6837745166521777,High
3874,Mar,Mazda,Policy Holder,No,No,0.6759982331506174,High
3875,Mar,Mazda,Policy Holder,No,No,0.649168364008527,High
3876,Mar,Pontiac,Policy Holder,No,No,0.18569267362133107,Low
3877,Mar,Toyota,Third Party,No,No,0.682242653006418,High
3878,Mar,Pontiac,Policy Holder,No,No,0.7438729656844257,High
3879,Aug,Pontiac,Policy Holder,No,No,0.5342359306284048,Medium
3880,Apr,Honda,Policy Holder,No,No,0.1503288377028442,Low
3881,Mar,Mazda,Policy Holder,No,No,0.7659945508398662,High
3882,Mar,Pontiac,Third Party,No,No,0.043973925201493284,Low
3883,May,Mazda,Third Party,No,No,0.19234193357283105,Low
3884,Mar,Pontiac,Policy Holder,No,No,0.7259734666165344,High
3885,May,Toyota,Policy Holder,No,No,0.7020121893272409,High
3886,Feb,Chevrolet,Policy Holder,No,No,0.07725889568947865,Low
3887,Jun,Chevrolet,Third Party,No,No,0.06711224597259528,Low
3888,Jun,Pontiac,Policy Holder,No,No,0.7326138767600063,High
3889,May,Pontiac,Third Party,No,No,0.11972477506107591,Low
3890,Apr,Mazda,Policy Holder,No,No,0.5353385097942985,Medium
3891,Apr,Mazda,Policy Holder,No,No,0.8505745832518853,High
3892,Feb,Dodge,Policy Holder,No,No,0.060298083409381205,Low
3893,Feb,Pontiac,Policy Holder,No,No,0.605585691330385,High
3894,Feb,Chevrolet,Third Party,No,No,0.04220886258542817,Low
3895,Mar,Toyota,Policy Holder,No,No,0.6598599873564458,High
3896,Mar,Pontiac,Policy Holder,No,No,0.7574527835133131,High
3897,Mar,Pontiac,Policy Holder,No,No,0.713029525705402,High
3898,May,Saab,Third Party,No,No,0.08804834698004259,Low
3899,Apr,Honda,Policy Holder,No,No,0.7128927607969942,High
3900,Jan,Mazda,Policy Holder,No,No,0.5987651728576812,Medium
3901,Jan,Mazda,Third Party,No,No,0.07049098940879205,Low
3902,Jan,Honda,Policy Holder,No,No,0.8394707632649471,High
3903,Feb,Pontiac,Third Party,No,No,0.00366066056354052,Low
3904,Feb,Dodge,Third Party,No,No,0.0013725177529709167,Low
3905,Feb,Toyota,Policy Holder,No,No,0.6844092226887831,High
3906,Feb,Mazda,Policy Holder,No,No,0.07680778564058605,Low
3907,Feb,Pontiac,Policy Holder,No,No,0.07677875650212085,Low
3908,Mar,Mazda,Third Party,No,No,0.11613609045305102,Low
3909,Mar,Accura,Policy Holder,No,No,0.7605761448750618,High
3910,Jan,Pontiac,Policy Holder,No,No,0.12584210150925926,Low
3911,Feb,Pontiac,Policy Holder,No,No,0.7531583898609803,High
3912,Feb,Mazda,Policy Holder,No,No,0.5675120594214467,Medium
3913,Feb,Mercury,Policy Holder,No,No,0.7011743776287649,High
3914,Feb,Pontiac,Policy Holder,No,No,0.749696466542021,High
3915,Feb,Pontiac,Policy Holder,No,No,0.6165181753849521,High
3916,Feb,Saturn,Policy Holder,No,No,0.09237997774562251,Low
3917,Feb,Toyota,Policy Holder,No,No,0.7237648638270324,High
3918,May,Chevrolet,Third Party,No,No,0.049768281801995946,Low
3919,Feb,Chevrolet,Policy Holder,No,No,0.09981995703349089,Low
3920,Feb,Honda,Policy Holder,No,No,0.0799359739233568,Low
3921,Feb,Dodge,Third Party,No,No,0.013522058163193327,Low
3922,Feb,Pontiac,Policy Holder,No,No,0.1258987979311204,Low
3923,Feb,Chevrolet,Policy Holder,No,No,0.1554554011562369,Low
3924,May,Mercury,Third Party,No,No,0.09675226441865006,Low
3925,Mar,Ford,Third Party,No,No,0.09982743055669321,Low
3926,Mar,Chevrolet,Policy Holder,No,No,0.16272879516304536,Low
3927,May,Mazda,Policy Holder,No,No,0.6919853075570361,High
3928,Nov,Chevrolet,Policy Holder,No,No,0.9776576631671525,High
3929,Nov,Toyota,Policy Holder,No,No,0.3848822755169426,Medium
3930,May,Honda,Third Party,No,No,0.21673582941356734,Low
3931,Jun,Accura,Third Party,No,No,0.09753942937488862,Low
3932,Jun,Pontiac,Policy Holder,No,No,0.23249320868807022,Low
3933,Jun,Toyota,Third Party,No,No,0.0642160455012003,Low
3934,Jun,Toyota,Third Party,No,No,0.06821067969030808,Low
3935,Apr,Toyota,Policy Holder,No,No,0.12159192872365433,Low
3936,Mar,Mazda,Policy Holder,No,No,0.17224467647808125,Low
3937,Mar,Chevrolet,Policy Holder,No,No,0.1768069890399529,Low
3938,May,Pontiac,Third Party,No,No,0.07919200228972394,Low
3939,Mar,Honda,Policy Holder,No,No,0.13483694249554934,Low
3940,May,Accura,Policy Holder,No,No,0.2571332442178797,Low
3941,Mar,Mazda,Policy Holder,No,No,0.6570478251808406,High
3942,Mar,Chevrolet,Policy Holder,No,No,0.8202918609616209,High
3943,Mar,Toyota,Policy Holder,No,No,0.1321096954021994,Low
3944,Feb,Pontiac,Policy Holder,No,No,0.057463066735779805,Low
3945,Feb,Honda,Policy Holder,No,No,0.08976535581948542,Low
3946,Feb,Toyota,Policy Holder,No,No,0.8090737218160298,High
3947,May,Mazda,Policy Holder,No,No,0.6580513148678416,High
3948,Feb,Accura,Policy Holder,No,No,0.3343889095868228,Medium
3949,Jan,Toyota,Policy Holder,No,No,0.6683233968071796,High
3950,Apr,Honda,Policy Holder,No,No,0.841153266406361,High
3951,Mar,Mazda,Third Party,No,No,0.03652856572628295,Low
3952,Mar,Toyota,Third Party,No,No,0.08952308482612628,Low
3953,Mar,Honda,Policy Holder,No,No,0.18088338123826214,Low
3954,Mar,Chevrolet,Third Party,No,No,0.12759308814239567,Low
3955,Mar,Mazda,Third Party,No,No,0.0032743511188614324,Low
3956,Mar,Honda,Policy Holder,No,No,0.07780125819412702,Low
3957,Mar,Dodge,Policy Holder,No,No,0.4223792746708804,Medium
3958,Mar,Accura,Third Party,Yes,No,0.00680588224288915,Low
3959,Mar,Ford,Policy Holder,No,No,0.18836827106660675,Low
3960,May,Pontiac,Third Party,No,No,0.0454470863620402,Low
3961,Feb,Toyota,Policy Holder,No,No,0.11302422961709614,Low
3962,Feb,Toyota,Policy Holder,No,No,0.10015342341773432,Low
3963,Feb,Pontiac,Third Party,No,No,0.04620679455538921,Low
3964,Feb,Pontiac,Policy Holder,No,No,0.08088060747856043,Low
3965,Feb,Chevrolet,Policy Holder,No,No,0.6616379311534786,High
3966,Feb,Toyota,Policy Holder,No,No,0.5776040527148663,Medium
3967,Feb,Chevrolet,Policy Holder,No,No,0.7181297264846817,High
3968,Feb,Honda,Policy Holder,No,No,0.7628256126809525,High
3969,Feb,Pontiac,Policy Holder,No,No,0.6071609702393429,High
3970,Jan,Mazda,Third Party,No,No,0.021010861851611887,Low
3971,Jan,Chevrolet,Third Party,No,No,0.049863834476264725,Low
3972,Jul,Mazda,Policy Holder,No,No,0.49137757243987507,Medium
3973,Dec,Honda,Third Party,No,No,0.0937503171175016,Low
3974,Jun,Mazda,Policy Holder,No,No,0.7031167452348397,High
3975,May,Pontiac,Policy Holder,No,No,0.7246452309348697,High
3976,Mar,Pontiac,Policy Holder,No,No,0.6867637015124014,High
3977,Apr,Mazda,Policy Holder,No,No,0.14111715564415922,Low
3978,May,Mazda,Policy Holder,No,No,0.16749972136236263,Low
3979,May,Pontiac,Third Party,No,No,0.7577028235776362,High
3980,Apr,Honda,Third Party,No,No,0.05239642707820844,Low
3981,Apr,Toyota,Third Party,No,No,0.0047671617481522465,Low
3982,Jun,Honda,Policy Holder,No,No,0.13011408561466697,Low
3983,Nov,Honda,Policy Holder,No,No,0.33491109018630333,Medium
3984,Nov,Accura,Policy Holder,No,No,0.4641558474096248,Medium
3985,Dec,Toyota,Policy Holder,No,No,0.10595560318732766,Low
3986,Apr,Accura,Policy Holder,No,No,0.21956635532470511,Low
3987,Apr,Pontiac,Policy Holder,No,No,0.1787772459378574,Low
3988,May,Pontiac,Policy Holder,No,No,0.668748732332365,High
3989,Jul,Mazda,Policy Holder,No,No,0.6896398860884625,High
3990,Jul,Pontiac,Policy Holder,No,No,0.07063609541681531,Low
3991,Aug,Accura,Policy Holder,No,No,0.14987825598721363,Low
3992,Jul,Honda,Policy Holder,No,No,0.5065990474345656,Medium
3993,Sep,Ford,Policy Holder,No,No,0.7247379102502086,High
3994,Nov,Pontiac,Policy Holder,No,No,0.041722543317958605,Low
3995,May,Toyota,Policy Holder,No,No,0.6900408868388808,High
3996,Oct,Pontiac,Policy Holder,No,No,0.08475945563543293,Low
3997,Apr,Dodge,Policy Holder,No,No,0.04662753244606366,Low
3998,Apr,Toyota,Policy Holder,No,No,0.14585100602149956,Low
3999,May,Honda,Policy Holder,No,No,0.10481993239164349,Low
4000,May,Saab,Third Party,No,No,0.010765105664413376,Low
4001,May,Honda,Policy Holder,No,No,0.11785626626604542,Low
4002,Jul,Toyota,Policy Holder,No,No,0.08284532353677151,Low
4003,Aug,Pontiac,Third Party,No,No,0.040178965683263845,Low
4004,Jul,Mazda,Third Party,No,No,0.0027165885951530894,Low
4005,Oct,Honda,Third Party,No,No,0.09478582375577392,Low
4006,Oct,Pontiac,Policy Holder,No,No,0.6544775390497705,High
4007,Nov,Saturn,Policy Holder,No,No,0.6157608554678182,High
4008,Mar,Mazda,Policy Holder,No,No,0.6499490106329905,High
4009,Mar,Honda,Third Party,No,No,0.027517004841160434,Low
4010,May,Toyota,Third Party,No,No,0.05860670456300104,Low
4011,Apr,Honda,Policy Holder,No,No,0.7860784827218875,High
4012,Apr,Chevrolet,Policy Holder,No,No,0.5920330281039278,Medium
4013,May,Saab,Third Party,No,No,0.13282021444746367,Low
4014,Jun,Toyota,Third Party,Yes,Yes,0.02840411438468039,Low
4015,May,Toyota,Policy Holder,No,No,0.7339432368994998,High
4016,Sep,Pontiac,Policy Holder,No,No,0.12174919940904283,Low
4017,Oct,Chevrolet,Policy Holder,No,No,0.8230386964616645,High
4018,Jul,Pontiac,Third Party,No,No,0.031956095117803514,Low
4019,Dec,Toyota,Policy Holder,No,No,0.6913419112576272,High
4020,Nov,Pontiac,Policy Holder,No,No,0.06956649483115103,Low
4021,May,Pontiac,Third Party,No,No,0.0656708538926728,Low
4022,Jun,Mazda,Policy Holder,No,No,0.07474277568086646,Low
4023,May,Chevrolet,Policy Holder,No,No,0.7414305617007478,High
4024,Jul,Pontiac,Policy Holder,No,No,0.04634702749978767,Low
4025,Jun,Toyota,Policy Holder,Yes,No,0.536480376446387,Medium
4026,Aug,Chevrolet,Policy Holder,No,No,0.6026038617218737,High
4027,Dec,Toyota,Policy Holder,No,No,0.1278671785878476,Low
4028,Feb,Honda,Policy Holder,No,No,0.8244573826059356,High
4029,Jul,Toyota,Third Party,No,No,0.1653713045515569,Low
4030,May,Pontiac,Policy Holder,No,No,0.9935601521264695,High
4031,Nov,Pontiac,Policy Holder,No,No,0.037186585218575,Low
4032,May,Toyota,Third Party,No,No,0.08962586748212312,Low
4033,Jan,Mazda,Policy Holder,No,No,0.5279841838336251,Medium
4034,May,Ford,Policy Holder,No,No,0.1897350685962072,Low
4035,Feb,Mazda,Third Party,No,No,0.19818741563071493,Low
4036,Oct,Honda,Policy Holder,No,No,0.08934337489852112,Low
4037,Jun,Chevrolet,Third Party,No,No,0.032768344405221764,Low
4038,Feb,Mazda,Policy Holder,No,No,0.8614450797089167,High
4039,Feb,Chevrolet,Policy Holder,No,No,0.7440656056447557,High
4040,Jan,Honda,Third Party,No,No,0.00322876943634257,Low
4041,Nov,Pontiac,Third Party,No,No,0.021669500992806602,Low
4042,Nov,Toyota,Policy Holder,No,No,0.7700158714001152,High
4043,Dec,Toyota,Third Party,No,No,0.046308408223209835,Low
4044,Nov,Toyota,Policy Holder,No,No,0.5691724104183763,Medium
4045,Nov,Pontiac,Policy Holder,No,No,0.6267964787793064,High
4046,Oct,Accura,Policy Holder,No,No,0.6775228405014833,High
4047,May,Pontiac,Third Party,No,No,0.043420162558788035,Low
4048,Oct,Honda,Policy Holder,No,No,0.11616694848758048,Low
4049,Aug,Honda,Policy Holder,No,No,0.7796013920430661,High
4050,Jul,Chevrolet,Policy Holder,No,No,0.05277346231802731,Low
4051,Jul,Honda,Policy Holder,No,No,0.051970170890825965,Low
4052,Jun,Chevrolet,Policy Holder,No,No,0.6667680688388705,High
4053,Jun,Mazda,Policy Holder,No,No,0.08468267088870803,Low
4054,Apr,Pontiac,Policy Holder,No,No,0.07658569516264567,Low
4055,Dec,Toyota,Policy Holder,No,No,0.783735312250623,High
4056,Dec,Pontiac,Policy Holder,No,No,0.4281894869020522,Medium
4057,Oct,Ford,Third Party,No,No,0.03349005277380969,Low
4058,Oct,Honda,Policy Holder,No,No,0.8488227716673197,High
4059,Oct,Pontiac,Policy Holder,No,No,0.09787537502590879,Low
4060,Aug,Honda,Policy Holder,No,No,0.17764688393089356,Low
4061,Jul,Chevrolet,Third Party,No,No,0.02075338087400923,Low
4062,Jun,Toyota,Third Party,No,No,0.07404922756615963,Low
4063,Jun,Toyota,Policy Holder,No,No,0.10191671315067456,Low
4064,May,Chevrolet,Policy Holder,No,No,0.7534836212687801,High
4065,Jul,Pontiac,Policy Holder,No,No,0.4396541950577998,Medium
4066,Jul,Pontiac,Policy Holder,No,No,0.0736568878862159,Low
4067,May,Ford,Third Party,No,No,0.11082325838087344,Low
4068,Apr,Honda,Policy Holder,No,No,0.5238749316223229,Medium
4069,Apr,Chevrolet,Policy Holder,No,No,0.6827434579389401,High
4070,Apr,Toyota,Policy Holder,No,No,0.1654491011947028,Low
4071,Oct,Pontiac,Policy Holder,No,No,0.11612639597830997,Low
4072,Oct,Toyota,Policy Holder,No,No,0.293567629298882,Low
4073,Sep,Honda,Third Party,No,No,0.030831524331433727,Low
4074,Sep,Mazda,Policy Holder,No,No,0.4948553081693135,Medium
4075,Jul,Toyota,Policy Holder,No,No,0.07271746361269313,Low
4076,Jul,Toyota,Policy Holder,No,No,0.6227147110517907,High
4077,Jun,Toyota,Policy Holder,No,No,0.10008329531352354,Low
4078,Jun,Honda,Third Party,No,No,0.0776145980200747,Low
4079,Jun,Pontiac,Third Party,No,No,0.05828075127443001,Low
4080,Jun,Honda,Policy Holder,No,No,0.08269797066164301,Low
4081,May,Chevrolet,Third Party,No,No,0.7259799650923813,High
4082,May,Honda,Policy Holder,No,No,0.736341648988733,High
4083,May,Pontiac,Policy Holder,No,No,0.6962642803721298,High
4084,Jul,Toyota,Policy Holder,No,No,0.7235903890151719,High
4085,Jul,Pontiac,Policy Holder,No,No,0.49960409939385986,Medium
4086,Jul,Toyota,Policy Holder,No,No,0.07101500056695256,Low
4087,Nov,Pontiac,Policy Holder,No,No,0.5990571629915433,Medium
4088,May,Honda,Policy Holder,No,No,0.7754391862430318,High
4089,May,Toyota,Policy Holder,No,No,0.7668496800191559,High
4090,Oct,Pontiac,Policy Holder,No,No,0.6621535931677285,High
4091,Oct,Mazda,Policy Holder,Yes,No,0.5841581069446411,Medium
4092,Oct,Chevrolet,Policy Holder,No,No,0.12033746448177343,Low
4093,Aug,Honda,Policy Holder,No,No,0.0638655778107104,Low
4094,Aug,Chevrolet,Third Party,No,No,0.003140243570259231,Low
4095,May,Chevrolet,Policy Holder,No,No,0.774719472410618,High
4096,Jul,Mazda,Third Party,No,No,0.033915549738379,Low
4097,Jul,Honda,Policy Holder,No,No,0.754263433409926,High
4098,Jun,Honda,Third Party,No,No,0.08738959187750629,Low
4099,Jun,Mazda,Policy Holder,No,No,0.6361174756258051,High
4100,Jun,Accura,Policy Holder,No,No,0.6922994199895887,High
4101,May,Saturn,Policy Holder,No,No,0.7913667558146688,High
4102,Jan,Chevrolet,Third Party,No,No,0.02925751506378183,Low
4103,May,Chevrolet,Policy Holder,No,No,0.6208269510582911,High
4104,Mar,Mazda,Policy Holder,No,No,0.7031593213693145,High
4105,Mar,Pontiac,Policy Holder,No,No,0.5908747964459969,Medium
4106,Mar,Mazda,Policy Holder,No,No,0.6263918302420025,High
4107,May,Pontiac,Third Party,No,No,0.06187647462114753,Low
4108,Apr,Toyota,Policy Holder,No,No,0.09464840286128738,Low
4109,Apr,Mazda,Third Party,No,No,0.04925481674464554,Low
4110,Apr,Mazda,Policy Holder,No,No,0.9056950813803302,High
4111,Apr,Toyota,Policy Holder,No,No,0.7309789444508852,High
4112,Apr,Toyota,Third Party,No,No,0.11730147836772224,Low
4113,Apr,Pontiac,Policy Holder,No,No,0.16520478478946865,Low
4114,May,Pontiac,Policy Holder,No,No,0.15532077917218884,Low
4115,Jun,Pontiac,Policy Holder,No,No,0.6641743603192252,High
4116,Jun,Mazda,Policy Holder,No,No,0.07364341709117259,Low
4117,Jul,Toyota,Policy Holder,No,No,0.04845922396529328,Low
4118,Aug,Pontiac,Third Party,No,No,0.06068354335221628,Low
4119,Sep,Mazda,Third Party,No,No,0.031814982889777445,Low
4120,Oct,Accura,Policy Holder,No,No,0.7786829469765877,High
4121,Nov,Chevrolet,Third Party,No,No,0.020802226911843105,Low
4122,Dec,Accura,Policy Holder,No,No,0.6859662156243829,High
4123,Mar,Honda,Policy Holder,No,No,0.10737789108458085,Low
4124,Mar,Honda,Policy Holder,No,No,0.7377702905787673,High
4125,Mar,Toyota,Policy Holder,No,No,0.1622348351605404,Low
4126,May,Mazda,Third Party,No,No,0.1457543163369637,Low
4127,Apr,Toyota,Policy Holder,No,No,0.7500654943214365,High
4128,Jun,Pontiac,Policy Holder,No,No,0.6874089593290955,High
4129,Jun,Pontiac,Policy Holder,No,No,0.14082783150495579,Low
4130,Jun,Chevrolet,Policy Holder,Yes,No,0.6692947857836996,High
4131,Jul,Toyota,Policy Holder,No,No,0.49103943551315854,Medium
4132,Jul,Honda,Policy Holder,No,No,0.9704151502654229,High
4133,Jul,Pontiac,Policy Holder,No,No,0.10358692335918548,Low
4134,Oct,Toyota,Policy Holder,Yes,No,0.5339389149365124,Medium
4135,Nov,Toyota,Third Party,No,No,0.02379910333131488,Low
4136,Nov,Pontiac,Policy Holder,No,No,0.37780787061964477,Medium
4137,Nov,Accura,Policy Holder,No,No,0.5045708886322533,Medium
4138,Nov,Chevrolet,Policy Holder,No,No,0.05559691095663725,Low
4139,Nov,Accura,Policy Holder,No,Yes,0.4972119997710754,Medium
4140,Oct,Toyota,Policy Holder,No,No,0.5465282285345919,Medium
4141,Oct,Ford,Third Party,No,No,0.005438721898524216,Low
4142,Sep,Mazda,Policy Holder,No,No,0.10501000894275556,Low
4143,Jul,Honda,Policy Holder,No,No,0.04699660305818227,Low
4144,Jul,Toyota,Policy Holder,No,No,0.6719884115274247,High
4145,Jul,Pontiac,Policy Holder,No,No,0.6087349737785657,High
4146,Jun,Accura,Policy Holder,No,No,0.7986273330965918,High
4147,Jul,Pontiac,Third Party,No,No,0.036697707039718065,Low
4148,Jun,Toyota,Policy Holder,No,No,0.12180179770144998,Low
4149,Jun,Pontiac,Policy Holder,No,No,0.5334846268287559,Medium
4150,Jun,Mazda,Policy Holder,No,No,0.639573427170291,High
4151,May,Mazda,Policy Holder,No,No,0.09171594350601947,Low
4152,Apr,Pontiac,Policy Holder,No,No,0.21501942519920453,Low
4153,Mar,Toyota,Policy Holder,No,No,0.6752281332562715,High
4154,Mar,Honda,Policy Holder,No,No,0.5858757736934916,Medium
4155,Mar,Pontiac,Policy Holder,No,No,0.15860768689527457,Low
4156,Mar,Toyota,Policy Holder,No,No,0.8394620728890516,High
4157,Mar,Mazda,Policy Holder,No,No,0.13869796571277201,Low
4158,Mar,Honda,Third Party,No,No,0.029267639649347674,Low
4159,Jun,Honda,Policy Holder,No,No,0.5145481198622618,Medium
4160,Nov,Chevrolet,Policy Holder,No,No,0.08866386122344891,Low
4161,Oct,Pontiac,Third Party,No,No,0.0037682837482793884,Low
4162,Oct,Honda,Policy Holder,No,No,0.5440896748116154,Medium
4163,Oct,Accura,Policy Holder,No,No,0.20474205715881677,Low
4164,Oct,Toyota,Policy Holder,No,No,0.6639860842281198,High
4165,Jun,Ford,Policy Holder,No,No,0.7718879514494013,High
4166,Jun,Pontiac,Third Party,No,No,0.056991368302693475,Low
4167,Aug,Toyota,Policy Holder,No,No,0.6681283017027604,High
4168,Aug,Chevrolet,Policy Holder,No,No,0.08516022860546886,Low
4169,Jul,Accura,Policy Holder,No,No,0.7965382473112688,High
4170,Jul,Pontiac,Policy Holder,No,No,0.5113224101920235,Medium
4171,Jun,Mazda,Policy Holder,No,No,0.5994818438178485,Medium
4172,Jun,Pontiac,Policy Holder,No,No,0.08632202944402168,Low
4173,Jun,Toyota,Policy Holder,No,No,0.8266579218372747,High
4174,Jun,Mazda,Policy Holder,No,No,0.07396849050162198,Low
4175,Jun,Pontiac,Third Party,No,No,0.07663576208225162,Low
4176,Jun,Mazda,Policy Holder,No,No,0.7344725742555451,High
4177,May,Honda,Policy Holder,No,No,0.6182281789415371,High
4178,May,Toyota,Policy Holder,No,No,0.15671979019232327,Low
4179,Jun,Pontiac,Policy Holder,No,No,0.18449642885132989,Low
4180,May,Mazda,Policy Holder,No,No,0.09000662386399348,Low
4181,Apr,Honda,Policy Holder,No,No,0.6519838530543387,High
4182,Apr,Honda,Policy Holder,No,No,0.28442018200972424,Low
4183,Apr,Accura,Policy Holder,No,No,0.9584641473253935,High
4184,Apr,Dodge,Third Party,No,No,0.029182057892960106,Low
4185,Apr,Chevrolet,Policy Holder,No,No,0.6898689848792167,High
4186,Apr,Pontiac,Policy Holder,No,No,0.6715014094242308,High
4187,Jun,Pontiac,Third Party,No,No,0.14758371761397257,Low
4188,Apr,Toyota,Policy Holder,No,No,0.6858781445796683,High
4189,Mar,Mazda,Policy Holder,No,No,0.7206013205902392,High
4190,Mar,Mazda,Third Party,No,No,0.10371042789077045,Low
4191,Mar,Honda,Third Party,No,No,0.06495417440772108,Low
4192,Mar,Honda,Policy Holder,No,No,0.7767458251958379,High
4193,Mar,Mazda,Policy Holder,No,No,0.11201484145100227,Low
4194,Dec,Mazda,Policy Holder,No,No,0.06263743160349544,Low
4195,Nov,Chevrolet,Policy Holder,No,No,0.09694959037940586,Low
4196,Nov,Chevrolet,Third Party,No,No,0.001528838928871617,Low
4197,Sep,Mazda,Policy Holder,No,No,0.7276238135020066,High
4198,Sep,VW,Policy Holder,No,No,0.1119615167632845,Low
4199,May,Toyota,Policy Holder,No,No,0.792130386508206,High
4200,May,Pontiac,Policy Holder,No,No,0.6579496959786342,High
4201,Aug,Pontiac,Policy Holder,No,No,0.3564407828819725,Medium
4202,Sep,Mazda,Policy Holder,No,No,0.6300160702923908,High
4203,Jun,Mazda,Policy Holder,No,No,0.5774856333346038,Medium
4204,Nov,Chevrolet,Policy Holder,No,No,0.5290576010289437,Medium
4205,Nov,Accura,Policy Holder,No,No,0.13542972747865079,Low
4206,Nov,Toyota,Third Party,No,No,0.021076408790370878,Low
4207,May,Pontiac,Policy Holder,No,No,0.7775545238597223,High
4208,Aug,Mazda,Policy Holder,No,No,0.7547278802313292,High
4209,Jul,Pontiac,Third Party,No,No,0.02948346733605871,Low
4210,Sep,Honda,Policy Holder,No,No,0.5524167643074621,Medium
4211,Dec,Toyota,Third Party,No,No,0.03342552353956924,Low
4212,Dec,Toyota,Policy Holder,No,No,0.5039556148544975,Medium
4213,Jul,Mazda,Third Party,No,No,0.001981316963765069,Low
4214,Sep,Pontiac,Policy Holder,No,No,0.5635332226721556,Medium
4215,Oct,Toyota,Policy Holder,No,No,0.754702976861489,High
4216,Oct,Pontiac,Policy Holder,No,No,0.09997284587361867,Low
4217,Sep,Ford,Third Party,No,No,0.07799619953766744,Low
4218,Dec,Toyota,Third Party,No,No,0.06456342351614117,Low
4219,Apr,VW,Policy Holder,No,No,0.02427070134387952,Low
4220,May,Pontiac,Third Party,No,No,0.1045903914314186,Low
4221,May,Toyota,Policy Holder,No,No,0.6845405435286533,High
4222,Aug,Toyota,Third Party,No,No,0.044810684101837764,Low
4223,Jun,Honda,Policy Holder,No,No,0.8392544883282971,High
4224,Oct,Chevrolet,Third Party,No,No,0.0031249584132048472,Low
4225,Nov,Mazda,Policy Holder,No,No,0.21929027392851555,Low
4226,Jun,Chevrolet,Third Party,No,No,0.09652475150962164,Low
4227,Nov,Mazda,Policy Holder,No,No,0.5312549288020751,Medium
4228,Jan,Toyota,Policy Holder,No,No,0.06295514604732796,Low
4229,Jun,Accura,Policy Holder,No,No,0.7699372796796722,High
4230,May,Mazda,Third Party,No,No,0.020096217756903904,Low
4231,May,Honda,Third Party,No,No,0.004239576609340635,Low
4232,Nov,Toyota,Third Party,No,No,0.02264767422521095,Low
4233,Aug,Chevrolet,Policy Holder,No,No,0.7866933348571449,High
4234,Apr,Pontiac,Policy Holder,No,No,0.9922700696388945,High
4235,May,Ford,Third Party,No,No,0.006910747482838709,Low
4236,Feb,Mazda,Third Party,No,No,0.045638196305401085,Low
4237,Feb,Chevrolet,Policy Holder,No,No,0.1448373919303212,Low
4238,Mar,Toyota,Policy Holder,No,No,0.7487414748282492,High
4239,Mar,Pontiac,Policy Holder,No,No,0.11663425308448634,Low
4240,Jan,Ford,Policy Holder,No,No,0.13822113457919266,Low
4241,Feb,Toyota,Policy Holder,No,No,0.11744498773915998,Low
4242,Oct,Toyota,Policy Holder,No,No,0.0988326704985726,Low
4243,Jun,Mazda,Policy Holder,No,No,0.07411499322025286,Low
4244,Nov,Toyota,Policy Holder,Yes,No,0.46066512713631447,Medium
4245,Nov,Toyota,Policy Holder,No,No,0.5037250583169143,Medium
4246,Mar,Mazda,Policy Holder,No,No,0.6511942168584925,High
4247,Mar,Chevrolet,Policy Holder,No,No,0.22561372205392777,Low
4248,Mar,Mazda,Policy Holder,No,No,0.726130587577561,High
4249,Mar,Pontiac,Policy Holder,No,No,0.772291992448608,High
4250,Apr,Mazda,Policy Holder,No,No,0.6564269806859898,High
4251,Apr,Toyota,Policy Holder,No,No,0.18843359096594056,Low
4252,Mar,Pontiac,Policy Holder,No,No,0.12898012627765798,Low
4253,Mar,Toyota,Policy Holder,No,No,0.718487521354387,High
4254,Mar,Pontiac,Policy Holder,No,No,0.6902876092434285,High
4255,Feb,Mazda,Policy Holder,No,No,0.5938847680309248,Medium
4256,Feb,Pontiac,Policy Holder,No,No,0.7328168219263774,High
4257,Feb,Honda,Policy Holder,No,No,0.6187146213345432,High
4258,Jan,Chevrolet,Policy Holder,No,No,0.14703500572274655,Low
4259,Sep,Honda,Third Party,No,No,0.02757927393217003,Low
4260,Sep,Honda,Policy Holder,No,No,0.07978969642278273,Low
4261,Sep,Mazda,Policy Holder,No,No,0.7730043559386097,High
4262,Jan,Mazda,Policy Holder,No,No,0.5128376751805459,Medium
4263,Nov,Toyota,Policy Holder,No,No,0.569082865110179,Medium
4264,Oct,Chevrolet,Policy Holder,No,No,0.14246126994600292,Low
4265,Aug,Pontiac,Third Party,No,No,0.04746850799672518,Low
4266,Aug,Mazda,Policy Holder,No,No,0.6021882905507588,High
4267,Jun,Mazda,Policy Holder,No,No,0.1988918339544212,Low
4268,Aug,Mazda,Policy Holder,No,No,0.16088055787261707,Low
4269,Dec,Pontiac,Policy Holder,No,No,0.05969525790923006,Low
4270,Nov,Pontiac,Policy Holder,No,No,0.04996991560082183,Low
4271,Nov,Mazda,Third Party,No,No,0.01964470158788995,Low
4272,Nov,Toyota,Third Party,No,No,0.02021632194902882,Low
4273,Sep,Pontiac,Policy Holder,No,No,0.5801925202120923,Medium
4274,Aug,Pontiac,Policy Holder,No,No,0.6676103413969603,High
4275,Nov,Toyota,Policy Holder,No,No,0.5730902449973767,Medium
4276,Jun,Mazda,Policy Holder,No,No,0.7888917007669893,High
4277,Jul,Pontiac,Third Party,No,No,0.0557969236971369,Low
4278,Jul,Honda,Policy Holder,No,No,0.0744636476501669,Low
4279,Jul,Accura,Policy Holder,No,No,0.7501482166728387,High
4280,Apr,Honda,Policy Holder,No,No,0.08436218510756295,Low
4281,May,Chevrolet,Policy Holder,No,No,0.6049671886728046,High
4282,May,Pontiac,Policy Holder,No,No,0.17625501657737494,Low
4283,May,Honda,Third Party,No,No,0.08095401241820689,Low
4284,May,Honda,Third Party,No,No,0.07753110101837854,Low
4285,Jun,Honda,Policy Holder,No,No,0.9863732847880663,High
4286,Jun,Honda,Policy Holder,No,No,0.07193800898562457,Low
4287,Jun,Mazda,Policy Holder,No,No,0.09531937994908642,Low
4288,Jun,Toyota,Policy Holder,No,No,0.826803784210158,High
4289,Jul,Chevrolet,Policy Holder,No,No,0.5048361054952039,Medium
4290,Jul,Honda,Policy Holder,No,No,0.034222763677702085,Low
4291,Aug,Mazda,Policy Holder,No,No,0.6744862779459493,High
4292,Aug,Pontiac,Policy Holder,No,No,0.5469093893688849,Medium
4293,Aug,Toyota,Third Party,No,No,0.021684925390750495,Low
4294,Sep,Toyota,Policy Holder,No,No,0.6051470700791334,High
4295,Sep,Pontiac,Policy Holder,No,No,0.5736931116327071,Medium
4296,Sep,Toyota,Policy Holder,No,No,0.1598385554653478,Low
4297,Sep,Pontiac,Policy Holder,No,No,0.688480496121293,High
4298,Sep,Honda,Third Party,No,No,0.03945034952571312,Low
4299,Oct,Honda,Policy Holder,No,No,0.7307830756923439,High
4300,Oct,Toyota,Policy Holder,No,No,0.12416628539871719,Low
4301,Jun,Toyota,Third Party,No,No,0.13111120027138187,Low
4302,Nov,Pontiac,Policy Holder,No,No,0.04190459724580838,Low
4303,Nov,Pontiac,Third Party,No,No,0.018230445460143522,Low
4304,Nov,Pontiac,Third Party,No,No,0.0024590275703504,Low
4305,Nov,Pontiac,Policy Holder,No,No,0.4276994196927568,Medium
4306,Jun,Saab,Third Party,No,No,0.137694096214238,Low
4307,Dec,Pontiac,Policy Holder,No,No,0.08808767977084866,Low
4308,Dec,Pontiac,Policy Holder,No,No,0.08404667370892653,Low
4309,Jun,Pontiac,Policy Holder,No,No,0.7449769171939196,High
4310,Apr,Toyota,Policy Holder,No,No,0.6296912134435897,High
4311,Apr,Pontiac,Policy Holder,No,No,0.5056102934717471,Medium
4312,Apr,Accura,Policy Holder,No,No,0.8104111129128322,High
4313,May,Chevrolet,Third Party,Yes,No,0.07973911399830028,Low
4314,May,Honda,Policy Holder,No,No,0.5926801462619457,Medium
4315,Jun,Pontiac,Policy Holder,No,No,0.7674715796877151,High
4316,May,Honda,Third Party,No,No,0.038453707745928906,Low
4317,Jun,Pontiac,Policy Holder,No,No,0.7623311925874439,High
4318,Jul,Pontiac,Third Party,No,No,0.048465747880035236,Low
4319,Jul,Ford,Policy Holder,No,No,0.09505199183851916,Low
4320,Jul,Toyota,Third Party,No,No,0.0010678506073622507,Low
4321,Jul,Chevrolet,Policy Holder,No,No,0.034633592940144675,Low
4322,Jul,Toyota,Policy Holder,No,No,0.08719884526340921,Low
4323,Jul,Honda,Policy Holder,No,No,0.09496652728074617,Low
4324,Aug,Mazda,Policy Holder,No,No,0.5863228169442001,Medium
4325,Aug,Honda,Third Party,No,No,0.030390641595856645,Low
4326,Nov,Pontiac,Policy Holder,No,No,0.5116505749693724,Medium
4327,Nov,Mazda,Policy Holder,No,No,0.033390059994393644,Low
4328,Nov,Chevrolet,Third Party,No,No,0.04465287015503679,Low
4329,Dec,Toyota,Policy Holder,No,No,0.07329767848580722,Low
4330,Nov,Pontiac,Policy Holder,No,No,0.5928553356774939,Medium
4331,Nov,Pontiac,Third Party,No,No,0.0017308368602857093,Low
4332,Sep,Toyota,Policy Holder,No,No,0.6089117079764848,High
4333,Sep,Mazda,Policy Holder,No,No,0.8912801801188865,High
4334,Sep,Chevrolet,Policy Holder,No,No,0.09083374140398029,Low
4335,Jun,Toyota,Policy Holder,No,No,0.7963811427566853,High
4336,Aug,Honda,Policy Holder,No,No,0.9936201458941446,High
4337,Jul,Pontiac,Policy Holder,No,No,0.04398644829822989,Low
4338,Jun,Pontiac,Policy Holder,No,No,0.6407809535401893,High
4339,Jul,Chevrolet,Third Party,No,No,0.00043748760985322285,Low
4340,Jul,Chevrolet,Third Party,No,No,0.002789037064616207,Low
4341,Jun,Toyota,Policy Holder,No,No,0.18589739992450008,Low
4342,Jun,Honda,Policy Holder,No,No,0.8239995135504502,High
4343,May,Honda,Policy Holder,No,No,0.6022777809954798,High
4344,May,Pontiac,Policy Holder,No,No,0.7355365785187776,High
4345,May,Chevrolet,Policy Holder,No,No,0.13477897838203673,Low
4346,May,Mercury,Policy Holder,No,No,0.13449061957511574,Low
4347,Mar,Pontiac,Policy Holder,No,No,0.8499277763428279,High
4348,Jun,Mazda,Policy Holder,No,No,0.6771603679101658,High
4349,Dec,Pontiac,Policy Holder,No,No,0.052404260074402735,Low
4350,Dec,Toyota,Policy Holder,No,No,0.09509270924323537,Low
4351,Nov,Mazda,Policy Holder,No,No,0.05062689553081041,Low
4352,Nov,Chevrolet,Policy Holder,No,No,0.5316422554701805,Medium
4353,Nov,Toyota,Third Party,No,No,0.02383671512621616,Low
4354,Nov,Toyota,Policy Holder,No,No,0.44355268169163503,Medium
4355,Nov,Pontiac,Policy Holder,Yes,No,0.46997136191297406,Medium
4356,Jun,Honda,Policy Holder,No,No,0.6404288996669143,High
4357,Nov,Honda,Policy Holder,No,No,0.04004032085843603,Low
4358,Nov,Mazda,Policy Holder,No,No,0.04688839390628139,Low
4359,Nov,Pontiac,Policy Holder,No,No,0.44636034382897505,Medium
4360,Jun,Toyota,Third Party,No,No,0.03705997221977851,Low
4361,Jun,Toyota,Policy Holder,No,No,0.6884228125124211,High
4362,Oct,Toyota,Policy Holder,No,No,0.6951995461735114,High
4363,Oct,Toyota,Policy Holder,No,No,0.1538022109956292,Low
4364,Oct,Ford,Policy Holder,No,No,0.764633201789295,High
4365,Oct,Mazda,Third Party,No,No,0.030923152344874257,Low
4366,Sep,Mazda,Policy Holder,No,No,0.04612122225071696,Low
4367,Sep,Toyota,Policy Holder,No,No,0.6002915436182811,High
4368,Sep,Ford,Policy Holder,No,No,0.7562912811328486,High
4369,Sep,Pontiac,Policy Holder,No,No,0.7065350758393978,High
4370,Sep,Toyota,Policy Holder,No,No,0.09167631313619827,Low
4371,Aug,Mazda,Policy Holder,No,No,0.10753769375435679,Low
4372,Aug,Pontiac,Third Party,No,No,0.04939465285695647,Low
4373,Aug,Chevrolet,Policy Holder,No,No,0.2459780733899297,Low
4374,Aug,Toyota,Policy Holder,No,No,0.16390303610423315,Low
4375,Jul,Toyota,Policy Holder,No,No,0.7223087390199039,High
4376,Jun,Pontiac,Policy Holder,No,No,0.6799771601860315,High
4377,Jul,Honda,Third Party,No,No,0.0015778527093021364,Low
4378,Jun,Accura,Policy Holder,No,No,0.6098061205939441,High
4379,Jul,Pontiac,Policy Holder,No,No,0.5252534882188705,Medium
4380,Jun,Pontiac,Policy Holder,No,No,0.7684948632380335,High
4381,Jun,Honda,Policy Holder,No,No,0.18226638654572277,Low
4382,Jun,Toyota,Policy Holder,No,No,0.09772748155942898,Low
4383,Jun,Honda,Third Party,No,No,0.002779848515744573,Low
4384,Jun,Mazda,Policy Holder,No,No,0.5653938513886229,Medium
4385,Jun,Honda,Third Party,No,No,0.04124461005440888,Low
4386,Jun,Mazda,Policy Holder,No,No,0.7439284598556398,High
4387,May,Mazda,Policy Holder,No,No,0.9022744598229799,High
4388,May,Dodge,Policy Holder,No,No,0.6277373373149834,High
4389,May,Mazda,Third Party,No,No,0.09264565022208976,Low
4390,Apr,Pontiac,Policy Holder,No,No,0.580218158366621,Medium
4391,Apr,Pontiac,Policy Holder,No,No,0.07554399963244453,Low
4392,Jan,Honda,Third Party,No,No,0.038693693334461224,Low
4393,Nov,Toyota,Policy Holder,No,No,0.4667255253333234,Medium
4394,Nov,Toyota,Policy Holder,No,No,0.5766053491356288,Medium
4395,Sep,Mazda,Policy Holder,Yes,No,0.5890327284888807,Medium
4396,Jun,Pontiac,Policy Holder,No,No,0.6448300353574621,High
4397,Dec,Honda,Policy Holder,No,No,0.5396970852483705,Medium
4398,Jun,Toyota,Policy Holder,No,No,0.7403073241631978,High
4399,Oct,Chevrolet,Policy Holder,No,No,0.6072053811776593,High
4400,Oct,Honda,Policy Holder,No,No,0.6090256088808481,High
4401,Dec,VW,Policy Holder,No,No,0.030370953605057604,Low
4402,Dec,Toyota,Third Party,No,No,0.10341834621281294,Low
4403,Jan,Pontiac,Policy Holder,No,No,0.811516116805684,High
4404,Oct,Mazda,Policy Holder,No,No,0.12250034699587799,Low
4405,Dec,Toyota,Policy Holder,No,No,0.5679912180344793,Medium
4406,Aug,Honda,Policy Holder,No,No,0.5500917561178403,Medium
4407,Mar,Honda,Third Party,No,No,0.005844881338142874,Low
4408,Feb,Pontiac,Policy Holder,No,No,0.1658328854746652,Low
4409,Feb,Honda,Policy Holder,No,No,0.15231748195112205,Low
4410,Feb,Honda,Third Party,No,No,0.04864248823169145,Low
4411,Feb,Pontiac,Policy Holder,No,No,0.043382888999101143,Low
4412,Mar,Mazda,Policy Holder,No,No,0.6216302777535094,High
4413,Mar,Honda,Policy Holder,No,No,0.8362575325578695,High
4414,Feb,Chevrolet,Policy Holder,No,No,0.21531186998773694,Low
4415,Mar,Honda,Policy Holder,No,No,0.7985915985647791,High
4416,Mar,Accura,Third Party,No,No,0.10895919238477934,Low
4417,Jun,Pontiac,Policy Holder,No,No,0.6707161906797069,High
4418,Dec,Mazda,Third Party,No,No,0.03531443294537973,Low
4419,Aug,Pontiac,Policy Holder,No,No,0.1228901194387113,Low
4420,Mar,Saab,Third Party,No,No,0.13091203430923462,Low
4421,Mar,Pontiac,Policy Holder,No,No,0.7754353384872981,High
4422,Apr,Mazda,Third Party,No,No,0.0704571947978731,Low
4423,Jun,Chevrolet,Third Party,No,No,0.06696615632791904,Low
4424,May,Honda,Policy Holder,No,No,0.08762279762054465,Low
4425,Apr,Accura,Policy Holder,No,No,0.8626606377316407,High
4426,Jun,Toyota,Policy Holder,No,No,0.16379843733293112,Low
4427,Jun,Pontiac,Policy Holder,No,No,0.10132028882750702,Low
4428,Jul,Honda,Third Party,No,No,0.026799458653546573,Low
4429,Jul,Pontiac,Policy Holder,No,No,0.0893805375616134,Low
4430,Jun,Toyota,Third Party,No,No,0.07510241490834088,Low
4431,Aug,Pontiac,Policy Holder,No,No,0.5581316833410486,Medium
4432,Jul,Honda,Policy Holder,No,No,0.3938898385264178,Medium
4433,Oct,Mazda,Policy Holder,No,No,0.09864574828256703,Low
4434,Oct,Honda,Third Party,No,No,0.060830790257704326,Low
4435,Apr,Chevrolet,Policy Holder,No,No,0.5761158640088713,Medium
4436,Jun,Pontiac,Third Party,No,No,0.014804336589063435,Low
4437,Apr,Mazda,Policy Holder,No,No,0.8475348526462813,High
4438,Jun,Honda,Policy Holder,No,No,0.9958327322587459,High
4439,Nov,Toyota,Third Party,No,No,0.027853406099915965,Low
4440,Oct,Pontiac,Policy Holder,No,No,0.5815986513773767,Medium
4441,Oct,Mazda,Policy Holder,No,No,0.11082878874848656,Low
4442,Aug,Mazda,Policy Holder,No,No,0.8063079044514427,High
4443,Jul,Chevrolet,Policy Holder,No,No,0.4887761696065768,Medium
4444,Jul,Mazda,Policy Holder,No,No,0.5678521411461688,Medium
4445,Jun,Mazda,Policy Holder,No,No,0.5586331121799409,Medium
4446,Mar,Pontiac,Policy Holder,No,No,0.6910790065997576,High
4447,Mar,Pontiac,Policy Holder,No,No,0.6800155878310795,High
4448,Mar,Toyota,Third Party,No,No,0.3331774668218307,Medium
4449,Jun,Accura,Policy Holder,No,No,0.8198822492449142,High
4450,Oct,Honda,Policy Holder,No,No,0.3405956280856655,Medium
4451,Oct,Mazda,Third Party,No,No,0.043949631156421996,Low
4452,Oct,Toyota,Third Party,No,No,0.056750218205481776,Low
4453,Sep,Pontiac,Third Party,No,No,0.016589146128153157,Low
4454,Jul,Accura,Policy Holder,No,No,0.06472870387192989,Low
4455,Jun,Chevrolet,Policy Holder,No,No,0.6761231478927736,High
4456,May,Accura,Policy Holder,No,No,0.8433942770826417,High
4457,May,Honda,Policy Holder,No,No,0.6649582602834393,High
4458,Apr,Pontiac,Policy Holder,No,No,0.1036211132597961,Low
4459,Apr,Saab,Policy Holder,No,No,0.7256571819022527,High
4460,Apr,Toyota,Third Party,No,No,0.00537328818667448,Low
4461,Nov,Toyota,Third Party,No,No,0.024583198932023646,Low
4462,Jun,Mazda,Policy Holder,No,No,0.04869417874180963,Low
4463,Jun,Toyota,Policy Holder,No,No,0.5536609563457839,Medium
4464,Apr,Pontiac,Policy Holder,No,No,0.7961561976876982,High
4465,Mar,Dodge,Third Party,No,No,0.06750949306284756,Low
4466,Mar,Chevrolet,Policy Holder,No,No,0.7416984322582291,High
4467,Mar,Mazda,Third Party,No,No,0.05494569214961763,Low
4468,Jun,Pontiac,Policy Holder,No,No,0.7567460023372822,High
4469,Jun,VW,Policy Holder,No,No,0.3717812548066544,Medium
4470,Mar,Chevrolet,Policy Holder,No,No,0.827818771881453,High
4471,Jul,Toyota,Policy Holder,No,No,0.48733391324825104,Medium
4472,Aug,Mazda,Policy Holder,No,No,0.14266253081060912,Low
4473,Nov,Pontiac,Policy Holder,No,No,0.4382365634097439,Medium
4474,Nov,Honda,Policy Holder,No,No,0.2810022889333548,Low
4475,Dec,Pontiac,Policy Holder,No,No,0.5897069664209577,Medium
4476,May,Toyota,Policy Holder,No,No,0.13289716202261406,Low
4477,Jun,Toyota,Policy Holder,No,No,0.7656707868108807,High
4478,Aug,Pontiac,Policy Holder,No,No,0.07852606251659473,Low
4479,Aug,Chevrolet,Policy Holder,Yes,No,0.6369611950458851,High
4480,Aug,Pontiac,Policy Holder,No,No,0.10552377525484391,Low
4481,Sep,Pontiac,Third Party,No,No,0.03112234356270462,Low
4482,Oct,Toyota,Policy Holder,No,No,0.7667105426010382,High
4483,Nov,Honda,Third Party,No,No,0.032056967297017215,Low
4484,Nov,VW,Policy Holder,No,No,0.011878842787413788,Low
4485,Nov,Toyota,Third Party,No,No,0.03279987602992337,Low
4486,Nov,Honda,Policy Holder,No,No,0.0530240942847909,Low
4487,Nov,Dodge,Policy Holder,No,No,0.013677831264489695,Low
4488,Dec,Pontiac,Policy Holder,No,No,0.43877650369322674,Medium
4489,Dec,Mazda,Policy Holder,No,No,0.9833112772899657,High
4490,Dec,Chevrolet,Third Party,No,No,0.0022720551105258487,Low
4491,Nov,Pontiac,Policy Holder,No,No,0.2960726423214692,Low
4492,Oct,Pontiac,Policy Holder,No,No,0.07697957472628948,Low
4493,Oct,Toyota,Policy Holder,No,No,0.11466074878035014,Low
4494,Sep,Honda,Policy Holder,No,No,0.10981029065770372,Low
4495,Jun,Honda,Policy Holder,No,No,0.09075123165170841,Low
4496,Sep,Pontiac,Policy Holder,No,No,0.13373604481765053,Low
4497,Aug,Pontiac,Policy Holder,No,No,0.55499803957933,Medium
4498,Aug,Chevrolet,Policy Holder,Yes,No,0.26612399377122964,Low
4499,Jun,Toyota,Third Party,No,No,0.07301563988229495,Low
4500,Aug,Toyota,Policy Holder,No,No,0.8019290164183995,High
4501,Aug,VW,Third Party,Yes,No,0.02459873310559646,Low
4502,Mar,Pontiac,Policy Holder,No,No,0.6578981605345596,High
4503,Mar,Honda,Policy Holder,No,No,0.7940684126657593,High
4504,Feb,Pontiac,Third Party,No,No,0.046351671328616235,Low
4505,Dec,Mazda,Policy Holder,No,No,0.4379488255690168,Medium
4506,Dec,Mazda,Policy Holder,No,No,0.5777223355911147,Medium
4507,Dec,Ford,Policy Holder,No,No,0.7201291001495574,High
4508,Nov,Honda,Policy Holder,No,No,0.3681232262182939,Medium
4509,Nov,Accura,Policy Holder,No,No,0.09729041788740475,Low
4510,Nov,Mazda,Third Party,No,No,0.0334696259408222,Low
4511,Jul,Pontiac,Third Party,No,No,0.030982009977706802,Low
4512,Jul,Toyota,Third Party,No,No,0.03327514501249755,Low
4513,Feb,Accura,Policy Holder,No,No,0.1484741673966214,Low
4514,Jan,Chevrolet,Third Party,No,No,0.05310410197561305,Low
4515,Jan,Toyota,Policy Holder,No,No,0.6898871748386857,High
4516,Jan,Mazda,Policy Holder,No,No,0.021379785376590178,Low
4517,Jan,Pontiac,Policy Holder,No,No,0.08509693353545189,Low
4518,Feb,Honda,Policy Holder,No,No,0.07534990816323461,Low
4519,Feb,Chevrolet,Third Party,No,No,0.04643236131789745,Low
4520,Mar,Mazda,Policy Holder,No,No,0.7338741078866332,High
4521,Mar,Chevrolet,Policy Holder,No,No,0.14825707867150123,Low
4522,Apr,Pontiac,Third Party,No,No,0.05885283260033965,Low
4523,Feb,Toyota,Policy Holder,No,No,0.7861609671114395,High
4524,Mar,Honda,Third Party,No,No,0.00254407202412613,Low
4525,Mar,Honda,Policy Holder,No,No,0.12551501295147588,Low
4526,Jun,Chevrolet,Policy Holder,No,No,0.18458719606500565,Low
4527,Nov,Dodge,Third Party,No,No,0.019506597607211684,Low
4528,Oct,Mazda,Third Party,No,No,0.002141424340025816,Low
4529,Mar,Mazda,Third Party,No,No,0.030609316906053646,Low
4530,Apr,Toyota,Policy Holder,No,No,0.8057507280852477,High
4531,May,Mazda,Policy Holder,No,No,0.7200517880163216,High
4532,Apr,Pontiac,Policy Holder,No,No,0.7744772725588758,High
4533,Jun,Mazda,Policy Holder,No,No,0.09653826272265303,Low
4534,Jun,Pontiac,Policy Holder,No,No,0.7626089018119301,High
4535,Jul,Pontiac,Policy Holder,No,No,0.07797563379043516,Low
4536,Jun,Honda,Policy Holder,No,No,0.76440672598169,High
4537,Jun,Toyota,Policy Holder,No,No,0.5850277012497657,Medium
4538,Aug,Toyota,Policy Holder,No,No,0.12256894042438464,Low
4539,Jul,Accura,Third Party,No,No,0.08203441455805074,Low
4540,Jul,Pontiac,Policy Holder,No,No,0.9872651761813588,High
4541,Aug,Toyota,Policy Holder,Yes,No,0.630641481590454,High
4542,Jun,Honda,Policy Holder,No,No,0.5663726559980635,Medium
4543,Jun,Mazda,Third Party,No,No,0.1016069435069956,Low
4544,Mar,Pontiac,Policy Holder,No,No,0.08711519503007088,Low
4545,Mar,Honda,Third Party,No,No,0.003406708558745877,Low
4546,Jun,Honda,Policy Holder,No,No,0.901265739709351,High
4547,Apr,Pontiac,Policy Holder,No,No,0.7539172480933515,High
4548,Apr,Toyota,Policy Holder,No,No,0.1585831785353134,Low
4549,Jul,Honda,Third Party,No,No,0.0018363171694259336,Low
4550,Nov,Toyota,Policy Holder,No,No,0.58595494174882,Medium
4551,Jun,Accura,Policy Holder,No,No,0.8365579965468641,High
4552,Nov,Mazda,Policy Holder,No,No,0.5947513999691231,Medium
4553,Nov,Toyota,Policy Holder,No,No,0.5532111024160842,Medium
4554,Jun,Mazda,Policy Holder,No,No,0.652354738963596,High
4555,May,Honda,Third Party,No,No,0.04811275939084117,Low
4556,Jun,Mazda,Policy Holder,No,No,0.6698852209664793,High
4557,Jul,Pontiac,Policy Holder,No,No,0.5822337069728314,Medium
4558,Jun,Mazda,Third Party,Yes,No,0.09513542758321751,Low
4559,Jul,Pontiac,Third Party,No,No,0.03788436847274585,Low
4560,Jun,Pontiac,Third Party,No,No,0.06882172470181909,Low
4561,Aug,Mercury,Third Party,No,No,0.09555376572941283,Low
4562,Jun,Mazda,Policy Holder,No,No,0.7133860346687264,High
4563,Aug,Saturn,Policy Holder,No,No,0.8506498097448831,High
4564,Sep,Mazda,Policy Holder,No,No,0.7038537029952213,High
4565,Sep,Pontiac,Policy Holder,No,No,0.6809348371641658,High
4566,Oct,Pontiac,Policy Holder,No,No,0.13155979657024539,Low
4567,Oct,Pontiac,Third Party,No,No,0.05052647038463489,Low
4568,Nov,Mercury,Policy Holder,No,No,0.7216433561236418,High
4569,Nov,Mazda,Third Party,No,No,0.02406490223958006,Low
4570,Nov,Toyota,Policy Holder,No,No,0.722551562412843,High
4571,Dec,Pontiac,Third Party,No,No,0.020170287008726823,Low
4572,Dec,Pontiac,Third Party,No,No,0.0032114804250651134,Low
4573,Apr,Honda,Policy Holder,No,No,0.6132756607669706,High
4574,Jun,Toyota,Third Party,No,No,0.09399746966472837,Low
4575,May,Toyota,Policy Holder,No,No,0.5794836955324505,Medium
4576,May,Toyota,Policy Holder,No,No,0.7296268828857325,High
4577,Jul,Accura,Third Party,No,Yes,0.07535653258577092,Low
4578,Sep,Pontiac,Policy Holder,No,No,0.07297344788199431,Low
4579,Jun,Mazda,Policy Holder,No,No,0.6936392809008662,High
4580,Sep,Pontiac,Policy Holder,No,No,0.12497296305082435,Low
4581,Aug,Chevrolet,Policy Holder,No,No,0.20975017151550665,Low
4582,Nov,Mazda,Policy Holder,No,No,0.04636620641665465,Low
4583,Nov,Pontiac,Policy Holder,No,No,0.07998474167485106,Low
4584,Jun,Mazda,Third Party,No,No,0.031055974317356835,Low
4585,Oct,Honda,Policy Holder,No,No,0.14409195491274768,Low
4586,Aug,Honda,Policy Holder,No,No,0.7168132524919881,High
4587,Aug,Toyota,Third Party,No,No,0.004572085921763423,Low
4588,Jul,Mazda,Policy Holder,No,No,0.43353697804857777,Medium
4589,Jul,Mazda,Policy Holder,No,No,0.119203318225284,Low
4590,Jun,Pontiac,Policy Holder,No,No,0.7562434750925449,High
4591,May,Chevrolet,Policy Holder,No,No,0.9120579406480566,High
4592,Apr,Toyota,Policy Holder,No,No,0.6687826770406408,High
4593,Apr,Pontiac,Policy Holder,No,No,0.11618727879747122,Low
4594,Apr,Mazda,Third Party,No,No,0.0023228235753724037,Low
4595,Dec,Honda,Policy Holder,No,No,0.09880224839579216,Low
4596,Dec,Honda,Policy Holder,No,No,0.42180440457025203,Medium
4597,Jun,Accura,Policy Holder,No,No,0.8105884831602094,High
4598,Dec,Honda,Policy Holder,No,No,0.05214328025408305,Low
4599,Dec,Honda,Policy Holder,No,No,0.6546363845231019,High
4600,Nov,Mazda,Policy Holder,No,No,0.033565354086239875,Low
4601,Nov,Toyota,Policy Holder,No,No,0.07444231118044912,Low
4602,Nov,Toyota,Policy Holder,Yes,No,0.5532554704103717,Medium
4603,Oct,Mazda,Policy Holder,No,No,0.6028392462303528,High
4604,Sep,Honda,Third Party,No,No,0.0361418029156802,Low
4605,Jun,Saturn,Policy Holder,No,No,0.8003229529591861,High
4606,Jun,Ford,Policy Holder,No,No,0.20684318653603448,Low
4607,Aug,Toyota,Policy Holder,No,No,0.5367176801826069,Medium
4608,Aug,Toyota,Policy Holder,No,No,0.20200566680745838,Low
4609,Jul,Pontiac,Policy Holder,No,No,0.08396456572419723,Low
4610,Jun,Chevrolet,Third Party,No,No,0.08545616648278985,Low
4611,May,Honda,Policy Holder,No,No,0.6088084530293055,High
4612,May,Toyota,Policy Holder,No,No,0.6985913631240026,High
4613,May,Chevrolet,Policy Holder,No,No,0.1045829347616636,Low
4614,May,Honda,Policy Holder,No,No,0.6824845553644051,High
4615,Apr,Honda,Policy Holder,No,No,0.5691247719500839,Medium
4616,Apr,Honda,Policy Holder,No,No,0.6732045831686639,High
4617,Jan,Pontiac,Policy Holder,No,No,0.08262481896659375,Low
4618,Dec,Toyota,Third Party,No,No,0.024360794585221737,Low
4619,Sep,Toyota,Third Party,No,No,0.053013303860346216,Low
4620,Dec,VW,Third Party,No,No,0.007827983128338104,Low
4621,Oct,Toyota,Policy Holder,No,No,0.10346279885927442,Low
4622,Oct,Honda,Third Party,No,No,0.003045365224601028,Low
4623,Jul,Ford,Policy Holder,No,No,0.6805928882195548,High
4624,Jun,Honda,Policy Holder,No,No,0.610712455833842,High
4625,Jun,Toyota,Third Party,No,No,0.07266810915631158,Low
4626,Apr,Mazda,Policy Holder,No,No,0.14195134978148136,Low
4627,Apr,Toyota,Policy Holder,No,No,0.1263437546059428,Low
4628,Apr,Honda,Third Party,No,No,0.105494307323187,Low
4629,Apr,Toyota,Policy Holder,No,No,0.7174551526337178,High
4630,Nov,Pontiac,Policy Holder,No,No,0.37317129457117076,Medium
4631,Nov,Chevrolet,Policy Holder,No,No,0.5742619280751339,Medium
4632,Jul,Toyota,Policy Holder,No,No,0.7641903506055011,High
4633,Jul,Pontiac,Third Party,No,No,0.027465079878095242,Low
4634,May,Honda,Policy Holder,No,No,0.15346234813104928,Low
4635,May,Chevrolet,Policy Holder,No,No,0.12404272725296608,Low
4636,Apr,Chevrolet,Third Party,No,No,0.005427653993478436,Low
4637,Mar,Pontiac,Policy Holder,No,No,0.8158101113887006,High
4638,Jan,Toyota,Third Party,No,No,0.06994614867255473,Low
4639,Dec,Mazda,Policy Holder,No,No,0.5709565275000316,Medium
4640,Jun,Toyota,Third Party,No,No,0.08425631055272582,Low
4641,Nov,Chevrolet,Policy Holder,No,No,0.6561071434761446,High
4642,Feb,Mazda,Third Party,No,No,0.056818941578313624,Low
4643,Dec,Toyota,Policy Holder,No,No,0.050617844721278796,Low
4644,Feb,Toyota,Policy Holder,No,No,0.12155998887043586,Low
4645,Mar,Honda,Policy Holder,No,No,0.610942256908195,High
4646,Jun,Pontiac,Third Party,No,No,0.06976276622129234,Low
4647,Apr,Pontiac,Policy Holder,Yes,No,0.5514096888611654,Medium
4648,Sep,Chevrolet,Policy Holder,No,No,0.09798052773384726,Low
4649,Jun,Mazda,Third Party,No,No,0.05765543311981805,Low
4650,Jun,Toyota,Policy Holder,No,No,0.49718654045436467,Medium
4651,Dec,Mazda,Policy Holder,No,No,0.15186611679331416,Low
4652,Dec,Toyota,Third Party,No,No,0.06608715248588613,Low
4653,Dec,Toyota,Policy Holder,No,No,0.08978764650618024,Low
4654,Dec,Pontiac,Policy Holder,No,No,0.6020468222547891,High
4655,Dec,Chevrolet,Policy Holder,No,No,0.09510753224694428,Low
4656,Jun,Honda,Policy Holder,No,No,0.7064851927662099,High
4657,Dec,Pontiac,Policy Holder,No,No,0.5502757101358048,Medium
4658,Dec,Chevrolet,Policy Holder,No,No,0.10041295064239042,Low
4659,Dec,Chevrolet,Policy Holder,No,No,0.49397162102935044,Medium
4660,Nov,Honda,Policy Holder,No,No,0.7422208803488802,High
4661,Jun,Toyota,Policy Holder,No,No,0.7462554302361257,High
4662,Sep,Honda,Policy Holder,No,No,0.11326982143817768,Low
4663,Apr,Toyota,Policy Holder,No,No,0.12717789479477526,Low
4664,Mar,Mazda,Policy Holder,No,No,0.20526619086614975,Low
4665,Dec,Chevrolet,Third Party,No,No,0.049299530770969935,Low
4666,Dec,Toyota,Policy Holder,Yes,No,0.6255591008157495,High
4667,Jun,Pontiac,Policy Holder,No,No,0.720166169354829,High
4668,Apr,Pontiac,Policy Holder,No,No,0.7026341883943859,High
4669,Mar,Mazda,Policy Holder,No,No,0.10832202999086298,Low
4670,Mar,Honda,Policy Holder,No,No,0.12163883076777773,Low
4671,Feb,Chevrolet,Policy Holder,No,No,0.1528761332749087,Low
4672,Nov,Honda,Policy Holder,No,No,0.37309801924098795,Medium
4673,Jan,Honda,Policy Holder,No,No,0.6688525798389353,High
4674,May,Accura,Policy Holder,No,No,0.9100614057972054,High
4675,May,Honda,Policy Holder,No,No,0.8032798732766545,High
4676,Jun,Honda,Third Party,No,No,0.18410675010333374,Low
4677,May,Ford,Policy Holder,No,No,0.14046386943454545,Low
4678,Jun,Accura,Policy Holder,No,No,0.7090752769383531,High
4679,Jun,Accura,Policy Holder,No,No,0.7315311687810316,High
4680,Jun,Honda,Third Party,No,No,0.046209392134516546,Low
4681,Sep,Toyota,Policy Holder,No,No,0.11170513887988119,Low
4682,Sep,Toyota,Policy Holder,No,No,0.08378663631167439,Low
4683,Aug,Honda,Third Party,No,No,0.09085039676774906,Low
4684,Oct,Pontiac,Policy Holder,No,No,0.0735603902467473,Low
4685,Dec,Dodge,Policy Holder,No,No,0.05527308555211006,Low
4686,Dec,Honda,Policy Holder,No,No,0.08804221950108049,Low
4687,Oct,Pontiac,Third Party,No,No,0.04656186020028097,Low
4688,Oct,Honda,Policy Holder,No,No,0.05799837715362588,Low
4689,Dec,Toyota,Third Party,No,No,0.032553202059723355,Low
4690,Dec,Pontiac,Third Party,No,No,0.03807254073671295,Low
4691,May,Mazda,Third Party,No,No,0.0034873946794086097,Low
4692,May,Mazda,Policy Holder,No,No,0.10054100303128641,Low
4693,May,Toyota,Policy Holder,No,No,0.8662299271237919,High
4694,Jul,Mazda,Policy Holder,No,No,0.5028863818279391,Medium
4695,Jul,Chevrolet,Third Party,No,No,0.036997828702209426,Low
4696,Jul,Saab,Policy Holder,No,No,0.7397596044954583,High
4697,Jul,Ford,Third Party,No,No,0.049688207503518704,Low
4698,Sep,Pontiac,Policy Holder,No,No,0.4701338032135171,Medium
4699,Sep,Pontiac,Third Party,No,No,0.03626285981999195,Low
4700,Sep,Chevrolet,Policy Holder,No,No,0.6319307551080363,High
4701,Sep,Accura,Policy Holder,No,No,0.7103427078988293,High
4702,Oct,Toyota,Third Party,No,No,0.07330123680507458,Low
4703,Oct,Toyota,Policy Holder,No,No,0.7429274160289174,High
4704,Dec,Toyota,Policy Holder,No,No,0.12997688096806345,Low
4705,Dec,Ford,Policy Holder,No,No,0.5781727204846986,Medium
4706,Apr,Mazda,Policy Holder,No,No,0.12238763463699692,Low
4707,Dec,Pontiac,Third Party,No,No,0.038177304321586246,Low
4708,Dec,Honda,Policy Holder,No,No,0.11566540246196015,Low
4709,Apr,Toyota,Policy Holder,No,No,0.7366006424480696,High
4710,Jun,Honda,Policy Holder,No,No,0.12020813843048969,Low
4711,Sep,Chevrolet,Policy Holder,No,No,0.10567629478129609,Low
4712,Nov,Honda,Policy Holder,No,No,0.18104989210383418,Low
4713,Jul,Toyota,Policy Holder,No,No,0.6570329708259275,High
4714,Nov,Accura,Policy Holder,No,No,0.09741667230020498,Low
4715,Nov,Honda,Policy Holder,No,No,0.03735647793894322,Low
4716,Nov,Toyota,Policy Holder,No,No,0.6075389050603869,High
4717,Jun,Honda,Policy Holder,No,No,0.8371346593940456,High
4718,May,Mazda,Policy Holder,Yes,No,0.6034588343835988,High
4719,Mar,Honda,Policy Holder,No,No,0.1312586243916014,Low
4720,Oct,Honda,Third Party,No,No,0.015079726494781216,Low
4721,Dec,Honda,Policy Holder,Yes,No,0.4423813622820631,Medium
4722,Nov,Mazda,Policy Holder,No,No,0.37470209568373575,Medium
4723,Oct,Honda,Policy Holder,No,No,0.5142563975050539,Medium
4724,Oct,Mazda,Policy Holder,No,No,0.5311545212225135,Medium
4725,Sep,Pontiac,Third Party,No,No,0.07868480732362004,Low
4726,Sep,Mazda,Third Party,No,No,0.02875919917582448,Low
4727,Jun,Toyota,Policy Holder,No,No,0.7732748532900817,High
4728,Sep,Pontiac,Policy Holder,No,No,0.0887824734730166,Low
4729,Sep,Honda,Third Party,No,No,0.040818091348460456,Low
4730,Jun,Pontiac,Third Party,No,No,0.050407215282742446,Low
4731,Aug,Mazda,Policy Holder,No,No,0.7366509448070808,High
4732,Dec,Pontiac,Third Party,No,No,0.04908928346048885,Low
4733,Jun,Honda,Policy Holder,No,No,0.8383833061193773,High
4734,Dec,Ford,Policy Holder,No,No,0.09406845221131,Low
4735,Dec,Mazda,Policy Holder,No,No,0.21931828611019763,Low
4736,Aug,Chevrolet,Third Party,No,No,0.0669030797599511,Low
4737,Feb,Mazda,Policy Holder,No,No,0.6006155497801452,High
4738,Feb,Pontiac,Policy Holder,No,No,0.09592610349985833,Low
4739,Feb,Mazda,Policy Holder,No,No,0.6097058025345188,High
4740,Jun,Toyota,Third Party,No,No,0.10204640278255071,Low
4741,May,Chevrolet,Policy Holder,No,No,0.8081752617719837,High
4742,Aug,Mazda,Policy Holder,No,No,0.09163291328305423,Low
4743,Aug,Mazda,Third Party,No,No,0.04576389609697436,Low
4744,Jul,Toyota,Policy Holder,No,No,0.97676936740797,High
4745,May,Toyota,Policy Holder,No,No,0.7412459403444477,High
4746,Apr,Mazda,Policy Holder,No,No,0.13310758961496955,Low
4747,Apr,Pontiac,Policy Holder,No,No,0.6926577623693302,High
4748,Apr,Honda,Policy Holder,No,No,0.04913865535841129,Low
4749,Apr,Toyota,Policy Holder,No,No,0.7663638328085148,High
4750,Apr,Mazda,Third Party,No,No,0.03999832538281678,Low
4751,Apr,Pontiac,Policy Holder,No,No,0.6168376381354491,High
4752,Dec,Honda,Third Party,No,No,0.04327934865892845,Low
4753,Nov,Pontiac,Policy Holder,No,No,0.517452557740932,Medium
4754,Nov,Pontiac,Policy Holder,No,No,0.04358254451965647,Low
4755,Sep,Toyota,Third Party,No,No,0.12502841045359994,Low
4756,Sep,Toyota,Policy Holder,No,No,0.11748129054325138,Low
4757,Sep,Pontiac,Policy Holder,No,No,0.5866350468212662,Medium
4758,Sep,Chevrolet,Policy Holder,No,No,0.6829066393703137,High
4759,Aug,Honda,Policy Holder,No,No,0.4898311461076493,Medium
4760,Aug,Chevrolet,Policy Holder,No,No,0.5482375593787687,Medium
4761,Aug,Accura,Policy Holder,No,No,0.8741597387179095,High
4762,Aug,Mazda,Policy Holder,No,No,0.1360525472139881,Low
4763,Aug,Mazda,Third Party,No,No,0.003328464757418492,Low
4764,Jul,Pontiac,Policy Holder,No,No,0.07246641398673082,Low
4765,Jun,Accura,Policy Holder,No,No,0.1697357035105471,Low
4766,Jun,Chevrolet,Policy Holder,No,No,0.12151502930829605,Low
4767,Jun,Honda,Policy Holder,No,No,0.16739998829635439,Low
4768,Jun,Toyota,Policy Holder,No,No,0.6437770422848409,High
4769,May,Toyota,Policy Holder,No,No,0.8202105725856578,High
4770,Apr,Ford,Third Party,No,No,0.04639666995441268,Low
4771,Apr,Honda,Policy Holder,No,No,0.7041199233798621,High
4772,Nov,Pontiac,Policy Holder,No,No,0.3821968929057283,Medium
4773,Nov,Mazda,Policy Holder,No,No,0.0468531495812577,Low
4774,Apr,Honda,Policy Holder,No,No,0.500304539135775,Medium
4775,Oct,Honda,Policy Holder,No,No,0.11752410605233654,Low
4776,Jun,Mazda,Policy Holder,No,No,0.4783735219681747,Medium
4777,Mar,Mazda,Policy Holder,No,No,0.684819867915537,High
4778,Feb,Mazda,Policy Holder,No,No,0.11007810938916114,Low
4779,Mar,Mazda,Policy Holder,No,No,0.6599865203229702,High
4780,May,Honda,Policy Holder,No,No,0.09215683680970847,Low
4781,Jun,Pontiac,Policy Holder,No,No,0.07819701154515976,Low
4782,Jul,Toyota,Policy Holder,No,No,0.6997356339368533,High
4783,Nov,Toyota,Third Party,No,No,0.0169114245215145,Low
4784,Dec,Ford,Policy Holder,No,No,0.7848762014069021,High
4785,Dec,Toyota,Policy Holder,No,No,0.6160565641021724,High
4786,Oct,Mazda,Policy Holder,No,No,0.07874554830216311,Low
4787,Nov,Honda,Policy Holder,No,No,0.04834304029605,Low
4788,Dec,Toyota,Policy Holder,No,No,0.6974061013411569,High
4789,Dec,Pontiac,Policy Holder,No,No,0.039346231685051795,Low
4790,Dec,Accura,Policy Holder,No,No,0.5015190365145574,Medium
4791,Dec,Mazda,Policy Holder,No,No,0.6778606295153483,High
4792,Dec,Nisson,Policy Holder,No,No,0.6096820030826714,High
4793,Dec,Honda,Policy Holder,No,No,0.4782701294157621,Medium
4794,Dec,Pontiac,Policy Holder,Yes,No,0.4552568354262332,Medium
4795,Dec,Chevrolet,Third Party,No,No,0.6424129835808161,High
4796,Dec,Pontiac,Policy Holder,No,No,0.11579837345990614,Low
4797,Nov,Mazda,Third Party,No,No,0.02714069290561956,Low
4798,Nov,Honda,Policy Holder,No,No,0.34430611556942214,Medium
4799,Oct,Toyota,Policy Holder,No,No,0.6429722957264324,High
4800,Sep,Pontiac,Policy Holder,No,No,0.5566559550988708,Medium
4801,Sep,Toyota,Policy Holder,No,No,0.13315827893500806,Low
4802,Jul,Pontiac,Policy Holder,No,No,0.5420953410958645,Medium
4803,Apr,Ford,Policy Holder,No,No,0.745445660762047,High
4804,Mar,Dodge,Policy Holder,No,No,0.058658314402753424,Low
4805,Dec,Toyota,Policy Holder,No,No,0.11310237859355757,Low
4806,Dec,Toyota,Third Party,No,No,0.04935243764162963,Low
4807,Jun,Pontiac,Third Party,No,No,0.05364792451923192,Low
4808,Aug,Pontiac,Policy Holder,No,No,0.664205845894152,High
4809,Jul,Chevrolet,Policy Holder,No,No,0.062181902177811436,Low
4810,Jun,Mazda,Policy Holder,No,Yes,0.41214677270067857,Medium
4811,May,Pontiac,Third Party,No,No,0.0679742222236993,Low
4812,Jul,Mazda,Policy Holder,No,No,0.6956180540233594,High
4813,Apr,Honda,Policy Holder,No,No,0.1691480283462182,Low
4814,Mar,Toyota,Policy Holder,No,No,0.7078684493998291,High
4815,Feb,Mazda,Policy Holder,No,No,0.1782226692665859,Low
4816,Oct,Mazda,Third Party,No,No,0.07822469073575011,Low
4817,Oct,Ford,Third Party,No,No,0.057681765411603476,Low
4818,Jul,Chevrolet,Policy Holder,No,No,0.5633393661057301,Medium
4819,Feb,Honda,Policy Holder,No,No,0.6039479349580793,High
4820,May,Toyota,Policy Holder,No,No,0.22760347538582934,Low
4821,Jun,Mazda,Policy Holder,No,No,0.16011690309078536,Low
4822,Jul,Honda,Third Party,No,No,0.014408262561795893,Low
4823,Jul,Pontiac,Third Party,No,No,0.028265502035507005,Low
4824,Jul,Mazda,Policy Holder,No,No,0.568634732924754,Medium
4825,Jul,Pontiac,Policy Holder,No,No,0.7009623401112228,High
4826,Aug,Honda,Third Party,No,No,0.05261655107715645,Low
4827,Sep,Chevrolet,Policy Holder,No,No,0.2216700065859811,Low
4828,Oct,Pontiac,Policy Holder,No,No,0.6413127215999816,High
4829,Oct,Honda,Policy Holder,No,No,0.565758748064663,Medium
4830,Oct,Chevrolet,Policy Holder,No,No,0.7145173340730547,High
4831,Nov,Jaguar,Policy Holder,No,No,0.10620077098209044,Low
4832,Jul,Toyota,Policy Holder,No,No,0.7259833015260663,High
4833,Dec,Honda,Third Party,No,No,0.11498686857532277,Low
4834,May,Chevrolet,Policy Holder,No,No,0.7321178237285427,High
4835,Jul,Dodge,Third Party,No,No,0.007178850123597351,Low
4836,Jun,Honda,Policy Holder,No,No,0.5557743008665229,Medium
4837,Feb,Mazda,Policy Holder,No,No,0.15214883113692915,Low
4838,Nov,Toyota,Third Party,No,No,0.0017822065536321845,Low
4839,Sep,Accura,Policy Holder,No,No,0.866126460989379,High
4840,Feb,Pontiac,Policy Holder,No,No,0.7177469641444071,High
4841,Aug,Pontiac,Policy Holder,No,No,0.09185869861039181,Low
4842,Oct,Chevrolet,Policy Holder,No,No,0.6557645099854322,High
4843,Sep,Pontiac,Policy Holder,No,No,0.6293611261093669,High
4844,Sep,Toyota,Policy Holder,No,No,0.60364816712054,High
4845,Jan,Chevrolet,Third Party,Yes,No,0.06902314300387197,Low
4846,Jul,Ford,Policy Holder,No,No,0.9921345158203417,High
4847,Jul,Chevrolet,Policy Holder,No,No,0.6301876461878401,High
4848,Jul,Toyota,Third Party,Yes,Yes,0.023425134341496078,Low
4849,Apr,Toyota,Third Party,No,No,0.11589213185792467,Low
4850,Dec,Toyota,Third Party,No,No,0.1271856622415977,Low
4851,Mar,Mazda,Policy Holder,No,No,0.11745530399651083,Low
4852,Dec,Toyota,Third Party,No,No,0.021502535895297627,Low
4853,Dec,Chevrolet,Policy Holder,No,No,0.5188132256227751,Medium
4854,Jul,Honda,Third Party,No,No,0.061586610876382376,Low
4855,Dec,Chevrolet,Policy Holder,No,No,0.5308400982743942,Medium
4856,Dec,Accura,Policy Holder,No,No,0.27048821480039054,Low
4857,Dec,Toyota,Policy Holder,No,No,0.06063608300227638,Low
4858,Apr,Chevrolet,Policy Holder,No,No,0.7079362555386924,High
4859,Jan,Chevrolet,Policy Holder,No,No,0.1492199139850595,Low
4860,Jan,Pontiac,Policy Holder,No,No,0.8564742612620628,High
4861,Mar,Toyota,Policy Holder,No,No,0.8901437417960611,High
4862,Jul,Pontiac,Third Party,No,No,0.002552308457556732,Low
4863,May,Pontiac,Policy Holder,No,No,0.7873575584983055,High
4864,Sep,Accura,Policy Holder,No,No,0.8341651539049985,High
4865,Jul,Ford,Third Party,No,No,0.06825963520818425,Low
4866,Sep,Toyota,Third Party,No,No,0.004977495896736892,Low
4867,Dec,Toyota,Policy Holder,No,No,0.7602257393784138,High
4868,Dec,Toyota,Policy Holder,No,No,0.6214033642244682,High
4869,Dec,Ford,Third Party,No,No,0.06744887313046428,Low
4870,Nov,Toyota,Third Party,No,No,0.01557127877910206,Low
4871,Dec,Mazda,Policy Holder,No,No,0.5170652981981387,Medium
4872,Sep,Pontiac,Policy Holder,No,No,0.17380901452381928,Low
4873,Sep,Chevrolet,Policy Holder,No,No,0.5729936285992328,Medium
4874,May,Toyota,Third Party,No,No,0.0043953981776072735,Low
4875,May,Chevrolet,Third Party,No,No,0.08808155402915685,Low
4876,May,Mazda,Policy Holder,No,No,0.7160067627535113,High
4877,May,Chevrolet,Policy Holder,No,No,0.12740389687947157,Low
4878,May,Honda,Policy Holder,No,No,0.5549679248640755,Medium
4879,Sep,Chevrolet,Policy Holder,No,No,0.05990185796376479,Low
4880,Sep,Toyota,Third Party,No,No,0.05978090500297939,Low
4881,Sep,Chevrolet,Policy Holder,No,No,0.5920210737176483,Medium
4882,Sep,Pontiac,Policy Holder,No,No,0.5308708008605517,Medium
4883,Sep,Pontiac,Third Party,No,No,0.04501948976900033,Low
4884,Jun,Honda,Third Party,No,No,0.003317507526946478,Low
4885,May,Mazda,Third Party,No,No,0.048152585448947696,Low
4886,Jan,Chevrolet,Policy Holder,No,No,0.6886999507747122,High
4887,Apr,Ford,Policy Holder,No,No,0.20954693823801748,Low
4888,Apr,Chevrolet,Third Party,No,Yes,0.09178950174410896,Low
4889,Apr,Pontiac,Policy Holder,No,No,0.11727103370087513,Low
4890,Jul,Accura,Policy Holder,No,No,0.7548116487407015,High
4891,Aug,Toyota,Third Party,No,No,0.06798905946057486,Low
4892,Sep,Honda,Policy Holder,No,No,0.48932054986429085,Medium
4893,Sep,Pontiac,Policy Holder,No,No,0.4897082179649848,Medium
4894,Oct,Chevrolet,Policy Holder,No,No,0.0980167506648431,Low
4895,Oct,Toyota,Policy Holder,No,No,0.16596553111845036,Low
4896,Dec,Toyota,Third Party,No,No,0.041123636220963516,Low
4897,Dec,Pontiac,Third Party,No,No,0.6869747999459599,High
4898,Jan,Toyota,Policy Holder,No,No,0.7541471788610355,High
4899,Jul,Honda,Policy Holder,No,No,0.47723046770227123,Medium
4900,Jan,Toyota,Policy Holder,No,No,0.1496915927653092,Low
4901,May,Mazda,Policy Holder,No,No,0.09142224158091833,Low
4902,Aug,Honda,Policy Holder,No,No,0.515923238981464,Medium
4903,Sep,Mercury,Policy Holder,Yes,No,0.7333861529267792,High
4904,Oct,Toyota,Third Party,No,No,0.038483759111447545,Low
4905,Dec,Ford,Policy Holder,No,No,0.7219487625241109,High
4906,Jul,Chevrolet,Third Party,No,No,0.04189021571770121,Low
4907,Nov,Pontiac,Third Party,No,No,0.033249033532570305,Low
4908,Oct,Toyota,Policy Holder,No,No,0.12436955630861432,Low
4909,Sep,Chevrolet,Policy Holder,No,No,0.14234638806368427,Low
4910,Jul,Honda,Policy Holder,No,No,0.5289356871317102,Medium
4911,Sep,Honda,Third Party,No,No,0.06104647411938994,Low
4912,Jul,Honda,Policy Holder,No,No,0.04271772363597243,Low
4913,Jun,Pontiac,Policy Holder,No,No,0.7646415130442812,High
4914,Jun,Toyota,Policy Holder,No,No,0.19299941648115934,Low
4915,May,Mazda,Third Party,No,No,0.07885453996328022,Low
4916,May,Pontiac,Policy Holder,No,No,0.1718427271681592,Low
4917,Apr,Chevrolet,Policy Holder,No,No,0.3242139489158785,Medium
4918,Jan,Pontiac,Policy Holder,No,No,0.566635310307189,Medium
4919,Dec,Mazda,Policy Holder,No,No,0.10752988195658968,Low
4920,Nov,Honda,Policy Holder,No,No,0.5335242447225284,Medium
4921,Nov,Mazda,Policy Holder,No,No,0.055606130773245416,Low
4922,Nov,Mazda,Policy Holder,No,No,0.048720290529597234,Low
4923,Oct,Toyota,Policy Holder,No,No,0.13008761634401583,Low
4924,Oct,Pontiac,Policy Holder,No,No,0.8073827354507594,High
4925,Oct,Pontiac,Third Party,No,No,0.0016312791840677188,Low
4926,Oct,Mazda,Policy Holder,No,No,0.5829795648288915,Medium
4927,Oct,Toyota,Policy Holder,No,No,0.11187675344642672,Low
4928,Sep,Chevrolet,Third Party,No,No,0.022107103595543683,Low
4929,Sep,Pontiac,Third Party,No,No,0.04094987030923492,Low
4930,Sep,Pontiac,Policy Holder,No,No,0.1613731333072453,Low
4931,Aug,Ford,Policy Holder,No,No,0.7022386233579193,High
4932,Aug,Pontiac,Policy Holder,No,No,0.7087515566905872,High
4933,Aug,Chevrolet,Policy Holder,No,No,0.7793332844183247,High
4934,Jul,Mercury,Policy Holder,No,No,0.13275097892770552,Low
4935,Jun,Chevrolet,Policy Holder,No,No,0.12707019466440647,Low
4936,Jun,Mazda,Policy Holder,No,No,0.11491071177980293,Low
4937,Apr,Honda,Third Party,No,No,0.06785175180986719,Low
4938,Mar,Pontiac,Third Party,No,No,0.08544609459348694,Low
4939,May,VW,Policy Holder,No,No,0.32965312512262773,Medium
4940,Sep,Toyota,Policy Holder,No,No,0.10930755546917477,Low
4941,Oct,Toyota,Policy Holder,No,No,0.10368708362345584,Low
4942,Sep,Mazda,Policy Holder,No,No,0.07274971166155124,Low
4943,May,Pontiac,Third Party,No,No,0.03308515820952171,Low
4944,Jul,Chevrolet,Policy Holder,No,No,0.6513309078721583,High
4945,Sep,Toyota,Policy Holder,No,No,0.08205637143415578,Low
4946,Aug,Toyota,Third Party,No,No,0.003514961783006108,Low
4947,Mar,Pontiac,Policy Holder,No,No,0.7412193599547737,High
4948,Oct,Honda,Policy Holder,No,No,0.9932517485982791,High
4949,Jan,Mazda,Policy Holder,No,No,0.6454607029668347,High
4950,Jan,Ford,Policy Holder,No,No,0.1344944360473959,Low
4951,Apr,Pontiac,Policy Holder,No,No,0.021825429662348045,Low
4952,Dec,Toyota,Policy Holder,Yes,No,0.5193948177577039,Medium
4953,Nov,Toyota,Policy Holder,No,No,0.4890862197231063,Medium
4954,Oct,Pontiac,Policy Holder,No,No,0.6961478695092022,High
4955,Oct,Mazda,Third Party,No,No,0.039189956007113794,Low
4956,Mar,Chevrolet,Policy Holder,No,No,0.6996881787264561,High
4957,Mar,Saab,Policy Holder,No,No,0.9312263306736529,High
4958,May,Pontiac,Policy Holder,No,No,0.5718502478978995,Medium
4959,Jan,Mazda,Policy Holder,No,No,0.5882846486596307,Medium
4960,Jun,Mazda,Policy Holder,No,No,0.5621563898711613,Medium
4961,May,Toyota,Third Party,No,No,0.12584855010454285,Low
4962,Jun,Pontiac,Policy Holder,No,No,0.18327588833188282,Low
4963,Aug,Toyota,Policy Holder,No,No,0.13839420436992145,Low
4964,Nov,Toyota,Third Party,No,No,0.04159841503270158,Low
4965,Nov,Mazda,Third Party,No,No,0.0016930484357969334,Low
4966,Oct,Honda,Third Party,No,No,0.10540781483640954,Low
4967,Dec,Pontiac,Policy Holder,No,No,0.6026814245872226,High
4968,Jun,Toyota,Third Party,No,No,0.0424829303609054,Low
4969,Jul,Pontiac,Policy Holder,No,Yes,0.4628940453413626,Medium
4970,Dec,Ford,Third Party,No,No,0.0505183328023744,Low
4971,Nov,Honda,Policy Holder,No,No,0.3731216691235604,Medium
4972,Nov,Mazda,Policy Holder,No,No,0.467040084927494,Medium
4973,Jul,Toyota,Third Party,No,No,0.036849008907845114,Low
4974,Jul,Ford,Policy Holder,No,No,0.101921845489449,Low
4975,Aug,Chevrolet,Policy Holder,No,No,0.15523314409482342,Low
4976,Oct,Chevrolet,Policy Holder,No,No,0.6118473283447898,High
4977,Dec,Honda,Policy Holder,No,No,0.589374074158764,Medium
4978,Dec,Pontiac,Policy Holder,No,No,0.06949068905138708,Low
4979,Apr,Chevrolet,Policy Holder,No,No,0.7025190804920511,High
4980,Mar,Chevrolet,Policy Holder,No,No,0.7378991581638985,High
4981,Sep,Dodge,Policy Holder,No,No,0.09385793691405493,Low
4982,May,Toyota,Policy Holder,No,No,0.08543278133157658,Low
4983,May,Toyota,Policy Holder,No,No,0.6475340774440818,High
4984,Jul,Honda,Policy Holder,No,No,0.07224634093122233,Low
4985,Jul,Saab,Policy Holder,No,No,0.1447854701125896,Low
4986,Sep,Pontiac,Third Party,No,No,0.045354711804888856,Low
4987,Sep,Chevrolet,Third Party,No,No,0.022287885987527227,Low
4988,Oct,Toyota,Policy Holder,No,No,0.11919233410417583,Low
4989,Dec,Mazda,Third Party,No,No,0.03877722905137307,Low
4990,Dec,Toyota,Third Party,No,No,0.0038948998625992124,Low
4991,Jan,Honda,Policy Holder,No,No,0.6912190119825691,High
4992,Jan,Honda,Policy Holder,No,No,0.5212810487722458,Medium
4993,May,Ford,Policy Holder,No,No,0.8823408094070958,High
4994,May,Honda,Policy Holder,No,No,0.10721880794882865,Low
4995,Sep,Pontiac,Policy Holder,No,No,0.07814370149418169,Low
4996,Sep,Chevrolet,Policy Holder,No,No,0.4601265634553147,Medium
4997,Oct,Toyota,Policy Holder,No,No,0.12023937813611019,Low
4998,Dec,Honda,Third Party,No,No,0.002613431379316314,Low
4999,Dec,Saab,Policy Holder,No,No,0.830344761052354,High
5000,Oct,Accura,Policy Holder,No,No,0.7777946177270143,High
5001,Oct,Mazda,Third Party,No,No,0.003040351522989797,Low
5002,Oct,Toyota,Policy Holder,No,No,0.1637043686496777,Low
5003,Sep,Honda,Policy Holder,No,No,0.5277764280362142,Medium
5004,Sep,Pontiac,Policy Holder,No,No,0.41112244055232994,Medium
5005,Sep,Toyota,Policy Holder,Yes,No,0.2545923154720938,Low
5006,Jul,Mazda,Policy Holder,No,No,0.11312626201328659,Low
5007,Jun,Accura,Policy Holder,No,No,0.8189696723516606,High
5008,Jun,Pontiac,Policy Holder,No,No,0.06798082897742674,Low
5009,Jun,Pontiac,Policy Holder,No,No,0.11305546726934157,Low
5010,Jul,Toyota,Third Party,No,No,0.002342883913255358,Low
5011,May,Chevrolet,Policy Holder,No,No,0.09532802415844009,Low
5012,May,Chevrolet,Policy Holder,No,No,0.1053870491759246,Low
5013,Apr,Toyota,Policy Holder,No,No,0.8205378159581228,High
5014,Jan,Toyota,Policy Holder,No,No,0.06951467068089329,Low
5015,Jan,Pontiac,Third Party,No,No,0.033167637839256414,Low
5016,Jan,Pontiac,Policy Holder,No,No,0.6732624721224524,High
5017,Nov,Pontiac,Policy Holder,No,No,0.04350052781367743,Low
5018,Nov,Honda,Policy Holder,No,No,0.40666310004184264,Medium
5019,Jul,Honda,Policy Holder,No,No,0.6857029096352875,High
5020,Oct,Pontiac,Policy Holder,No,No,0.5356958618645568,Medium
5021,Oct,Toyota,Policy Holder,No,No,0.6958227016280629,High
5022,Jul,Pontiac,Third Party,No,No,0.04290739057500793,Low
5023,Jul,Pontiac,Policy Holder,No,No,0.46880528352973644,Medium
5024,May,Mazda,Policy Holder,No,No,0.664889976974992,High
5025,Oct,Chevrolet,Policy Holder,No,No,0.708443488041615,High
5026,Mar,Honda,Third Party,No,No,0.04612487613421384,Low
5027,Jul,Chevrolet,Policy Holder,No,No,0.08594922637278894,Low
5028,Jul,Mazda,Third Party,No,No,0.017727110643200712,Low
5029,Jan,Chevrolet,Policy Holder,No,No,0.5604475502722067,Medium
5030,Dec,Honda,Third Party,No,No,0.018714377764575223,Low
5031,May,Honda,Third Party,No,No,0.003827605293684729,Low
5032,May,Honda,Policy Holder,No,No,0.6504609878584644,High
5033,Jun,Chevrolet,Policy Holder,No,No,0.756608593523398,High
5034,Oct,Mazda,Policy Holder,No,No,0.6929259786300429,High
5035,Aug,Pontiac,Policy Holder,No,No,0.6312112795347454,High
5036,Jul,Pontiac,Third Party,No,No,0.035682421130574196,Low
5037,Jul,Toyota,Third Party,No,No,0.0015863339834754978,Low
5038,Jun,Pontiac,Policy Holder,No,No,0.5843267290584218,Medium
5039,Sep,Chevrolet,Policy Holder,No,No,0.7098327796414183,High
5040,Aug,Pontiac,Third Party,No,No,0.032995773772095394,Low
5041,Jun,Toyota,Third Party,No,No,0.004378833455574659,Low
5042,Feb,Honda,Policy Holder,No,No,0.631111058035408,High
5043,May,Honda,Policy Holder,No,No,0.05241805687740126,Low
5044,Jun,Ford,Policy Holder,No,No,0.19727992284704138,Low
5045,Jul,Toyota,Third Party,No,No,0.0382132509110093,Low
5046,Aug,Toyota,Policy Holder,No,No,0.1936313724386885,Low
5047,Sep,VW,Policy Holder,No,No,0.02752854341188616,Low
5048,Sep,Pontiac,Third Party,No,No,0.0490287335413159,Low
5049,Sep,Pontiac,Policy Holder,No,No,0.4525103950687592,Medium
5050,Nov,Toyota,Third Party,No,No,0.5103616297558762,Medium
5051,Nov,Chevrolet,Policy Holder,No,No,0.04704816192913034,Low
5052,Feb,Chevrolet,Policy Holder,No,No,0.06724190849186992,Low
5053,Jul,Toyota,Third Party,No,No,0.04360771953623094,Low
5054,Jan,Pontiac,Third Party,No,No,0.024185289875826774,Low
5055,Jul,Pontiac,Third Party,No,No,0.03938324369297859,Low
5056,Jul,Pontiac,Policy Holder,No,No,0.542589327200491,Medium
5057,Oct,Pontiac,Policy Holder,No,No,0.09531243660825257,Low
5058,Jun,Pontiac,Policy Holder,No,No,0.12415665728170047,Low
5059,Jan,Toyota,Third Party,No,No,0.057474986492360346,Low
5060,Dec,Toyota,Policy Holder,No,No,0.08658962063385671,Low
5061,Jul,Honda,Policy Holder,No,No,0.7689565705920393,High
5062,Sep,Mazda,Policy Holder,No,No,0.47436626258248005,Medium
5063,May,VW,Policy Holder,No,No,0.3084333749423585,Medium
5064,Jun,Honda,Policy Holder,No,No,0.2018202708806277,Low
5065,Nov,Chevrolet,Policy Holder,No,No,0.07104206259494322,Low
5066,Jan,Toyota,Policy Holder,No,No,0.5678622616280398,Medium
5067,Feb,Pontiac,Policy Holder,No,No,0.5815080922865571,Medium
5068,Nov,Chevrolet,Policy Holder,No,No,0.37209603532079094,Medium
5069,Mar,Honda,Policy Holder,No,No,0.2321606850969196,Low
5070,Dec,Pontiac,Third Party,No,No,0.05446159646354359,Low
5071,Oct,Pontiac,Policy Holder,No,No,0.49562110164120704,Medium
5072,Dec,Toyota,Third Party,No,No,0.03399111069745053,Low
5073,Jun,Pontiac,Third Party,No,No,0.060968133983309296,Low
5074,Sep,Toyota,Policy Holder,No,No,0.7655384926707813,High
5075,Nov,Pontiac,Policy Holder,Yes,No,0.060158305231565,Low
5076,Jan,Pontiac,Policy Holder,Yes,Yes,0.6299850500669828,High
5077,Feb,Ford,Policy Holder,No,No,0.12102874511132738,Low
5078,Jun,Toyota,Policy Holder,No,No,0.09563942661194173,Low
5079,Jul,Honda,Third Party,No,No,0.018233430712710674,Low
5080,Jul,Toyota,Policy Holder,No,No,0.4863909105596725,Medium
5081,Oct,Pontiac,Third Party,No,No,0.03777762421488538,Low
5082,Oct,Pontiac,Policy Holder,No,No,0.6116117407354866,High
5083,Jul,Mazda,Third Party,No,No,0.022474810315315147,Low
5084,Jul,Mercury,Policy Holder,No,No,0.7335798492209509,High
5085,Oct,VW,Policy Holder,No,No,0.2969608357509403,Low
5086,Oct,Pontiac,Third Party,No,No,0.04960040247327613,Low
5087,Jun,Mazda,Policy Holder,No,No,0.6553699786362224,High
5088,Jun,Ford,Policy Holder,No,No,0.8495856523078154,High
5089,Jun,Chevrolet,Third Party,No,No,0.008236944645468322,Low
5090,Feb,Pontiac,Third Party,No,No,0.054072062204103655,Low
5091,Feb,Mazda,Third Party,No,No,0.0029452179919849677,Low
5092,Feb,Pontiac,Third Party,No,No,0.05399789929782695,Low
5093,Jul,Pontiac,Policy Holder,No,No,0.6787808044496162,High
5094,Jan,Chevrolet,Policy Holder,No,No,0.7988132667299832,High
5095,Jan,Toyota,Policy Holder,No,No,0.5646014694393018,Medium
5096,Jan,Chevrolet,Policy Holder,No,No,0.5506213755299679,Medium
5097,Jan,Toyota,Policy Holder,No,No,0.8134032087059402,High
5098,Jan,Chevrolet,Policy Holder,No,No,0.07156869626865064,Low
5099,Jan,VW,Policy Holder,No,No,0.41098596813146304,Medium
5100,Jan,Mazda,Policy Holder,No,No,0.08746997334037597,Low
5101,Jan,Accura,Policy Holder,No,No,0.9940121635233482,High
5102,Jul,Mazda,Policy Holder,No,No,0.5589849686163009,Medium
5103,Oct,Honda,Policy Holder,No,No,0.44615176225614095,Medium
5104,Sep,Mazda,Policy Holder,No,No,0.6393100319745751,High
5105,Jul,Chevrolet,Policy Holder,No,No,0.6198087211714675,High
5106,Jun,Chevrolet,Policy Holder,No,No,0.6536816682357774,High
5107,Jun,Mazda,Policy Holder,Yes,No,0.6246273893482749,High
5108,May,Saturn,Policy Holder,No,No,0.889643737333649,High
5109,Jan,Toyota,Policy Holder,No,No,0.6682630647984826,High
5110,Jan,Nisson,Policy Holder,No,No,0.11398619140687943,Low
5111,Jan,Honda,Policy Holder,No,No,0.8229414240374016,High
5112,Jan,Pontiac,Policy Holder,No,No,0.10113061390991075,Low
5113,Jul,Toyota,Policy Holder,No,No,0.577187694025417,Medium
5114,Jan,Mazda,Policy Holder,No,No,0.10076334532408829,Low
5115,Jan,Honda,Third Party,No,No,0.09317765051306716,Low
5116,Feb,Toyota,Third Party,No,No,0.0594826379013284,Low
5117,Feb,Honda,Policy Holder,No,No,0.06590470083192214,Low
5118,Feb,Pontiac,Policy Holder,No,No,0.7730143351513636,High
5119,Jul,Mazda,Third Party,No,No,0.029457433643664748,Low
5120,Feb,Toyota,Third Party,No,No,0.09005116973924088,Low
5121,Nov,Toyota,Policy Holder,No,No,0.6574666948613531,High
5122,Jan,VW,Policy Holder,No,No,0.2841615021844696,Low
5123,Jul,Mazda,Third Party,No,No,0.04529443689368022,Low
5124,Aug,Mazda,Policy Holder,No,No,0.5854325066138699,Medium
5125,Jul,Chevrolet,Policy Holder,No,No,0.435558650018755,Medium
5126,Jun,Mazda,Policy Holder,No,No,0.6626941490783781,High
5127,Apr,Toyota,Third Party,No,No,0.05311716527335584,Low
5128,Apr,Chevrolet,Third Party,No,No,0.03986669967411895,Low
5129,Feb,Toyota,Policy Holder,No,No,0.6913418650360664,High
5130,Feb,Mazda,Third Party,No,No,0.05363967977455191,Low
5131,Jan,Honda,Third Party,No,No,0.06174238659870336,Low
5132,Apr,Toyota,Policy Holder,No,No,0.7705097537847782,High
5133,Sep,Honda,Third Party,No,No,0.09157274027666758,Low
5134,Sep,Toyota,Policy Holder,No,No,0.6294393539082974,High
5135,Sep,Mazda,Policy Holder,No,No,0.5150905414068297,Medium
5136,Sep,Mazda,Policy Holder,No,No,0.4860445565561613,Medium
5137,Sep,Toyota,Policy Holder,No,No,0.6260274717152329,High
5138,Oct,Toyota,Policy Holder,No,No,0.11748200420479574,Low
5139,Dec,Mazda,Policy Holder,No,No,0.7205882901147189,High
5140,Dec,Toyota,Policy Holder,No,No,0.6789511823492864,High
5141,Dec,Ford,Policy Holder,No,No,0.10313698219816284,Low
5142,Jan,VW,Policy Holder,No,No,0.1897709861476076,Low
5143,Jan,Honda,Policy Holder,No,No,0.4899144498598173,Medium
5144,Jan,Honda,Third Party,No,No,0.032910788945539046,Low
5145,Jul,Pontiac,Policy Holder,Yes,No,0.3492004240950376,Medium
5146,Jun,Honda,Policy Holder,No,No,0.6608268394539318,High
5147,Aug,Toyota,Third Party,No,No,0.06840947134594376,Low
5148,Aug,Honda,Policy Holder,No,No,0.5534157692675103,Medium
5149,Oct,Toyota,Policy Holder,Yes,No,0.18362236902184387,Low
5150,Dec,Chevrolet,Third Party,No,No,0.0006648093861976435,Low
5151,May,Pontiac,Third Party,No,No,0.002704925086737487,Low
5152,May,Accura,Policy Holder,No,No,0.996313411601252,High
5153,Jun,Pontiac,Policy Holder,No,No,0.5548192341864991,Medium
5154,May,Toyota,Policy Holder,No,No,0.7263592301091922,High
5155,Jun,Toyota,Third Party,No,No,0.12191392489413919,Low
5156,Aug,Chevrolet,Third Party,No,No,0.0320435987371466,Low
5157,Jul,Chevrolet,Third Party,No,No,0.05033913451374555,Low
5158,Apr,Mazda,Policy Holder,No,No,0.08669358142915154,Low
5159,Apr,Pontiac,Policy Holder,No,No,0.6672491073952325,High
5160,May,Pontiac,Policy Holder,No,No,0.11285796755873895,Low
5161,Jun,Chevrolet,Policy Holder,No,No,0.15468136011880737,Low
5162,May,Mazda,Third Party,No,No,0.0692267070083053,Low
5163,May,Toyota,Policy Holder,No,No,0.8164240238305559,High
5164,Aug,Pontiac,Policy Holder,No,No,0.06867120826558247,Low
5165,Oct,Toyota,Third Party,No,No,0.04437848536674134,Low
5166,Jul,Mazda,Third Party,No,No,0.0427004024944224,Low
5167,Jul,Chevrolet,Policy Holder,No,No,0.635926466906451,High
5168,Oct,Mazda,Policy Holder,No,No,0.5652782235086535,Medium
5169,Jun,Honda,Policy Holder,Yes,No,0.10376781943940834,Low
5170,Jun,Mazda,Policy Holder,No,No,0.7849871336202805,High
5171,Jan,Honda,Policy Holder,No,No,0.5783507404148648,Medium
5172,Jan,Mazda,Policy Holder,No,No,0.10346819569597707,Low
5173,Jan,Toyota,Policy Holder,No,No,0.7357621123444904,High
5174,Jan,Toyota,Third Party,No,No,0.04122363661814722,Low
5175,Jan,Pontiac,Policy Holder,No,No,0.6647380656616296,High
5176,Jan,Saab,Policy Holder,No,No,0.7359462045793016,High
5177,Jan,Toyota,Policy Holder,No,No,0.09855649278020567,Low
5178,Jul,Toyota,Policy Holder,No,No,0.6350809139153165,High
5179,Jan,Toyota,Policy Holder,No,No,0.7796007284966029,High
5180,Jan,Mazda,Policy Holder,No,No,0.10539924635147577,Low
5181,Jul,Pontiac,Policy Holder,No,No,0.7423826202580331,High
5182,Dec,Chevrolet,Third Party,No,No,0.020464596502695036,Low
5183,Dec,Pontiac,Third Party,No,No,0.049111891271540004,Low
5184,Oct,Mazda,Policy Holder,No,No,0.0836383712147084,Low
5185,Oct,Pontiac,Policy Holder,No,No,0.09654145313172427,Low
5186,Sep,Pontiac,Policy Holder,No,No,0.13594330503886526,Low
5187,Aug,Pontiac,Policy Holder,No,No,0.09184295375630674,Low
5188,Aug,BMW,Third Party,No,No,0.1385826046298283,Low
5189,May,Pontiac,Third Party,No,No,0.04315415955300132,Low
5190,May,Honda,Policy Holder,No,No,0.6086909560326849,High
5191,Jul,Pontiac,Third Party,No,No,0.045330439401773094,Low
5192,Mar,Pontiac,Policy Holder,No,No,0.7310732480691918,High
5193,Mar,Pontiac,Policy Holder,No,No,0.6698518079878361,High
5194,Mar,Pontiac,Policy Holder,No,No,0.09016386814663337,Low
5195,Mar,Pontiac,Policy Holder,No,No,0.7312248045413615,High
5196,Mar,Pontiac,Policy Holder,No,No,0.7097123530529641,High
5197,Apr,Mazda,Policy Holder,No,No,0.6262103193861558,High
5198,Jun,Mazda,Policy Holder,No,No,0.7420550249542375,High
5199,Mar,Pontiac,Policy Holder,Yes,Yes,0.7687954343130491,High
5200,Jun,Honda,Third Party,No,No,0.03750072485356623,Low
5201,Jul,Honda,Third Party,No,No,0.028447395182326765,Low
5202,Jul,VW,Policy Holder,No,No,0.018815034632201643,Low
5203,Oct,Mazda,Policy Holder,No,No,0.8377984927476556,High
5204,Aug,Pontiac,Policy Holder,No,No,0.7709586094906264,High
5205,Nov,Toyota,Policy Holder,No,No,0.613488681766659,High
5206,Apr,Mercury,Policy Holder,No,No,0.11933647594544863,Low
5207,May,Pontiac,Policy Holder,No,No,0.06600068876674288,Low
5208,May,Pontiac,Policy Holder,No,No,0.09018386414863028,Low
5209,Oct,Pontiac,Policy Holder,No,No,0.1370874112990361,Low
5210,Jul,Pontiac,Third Party,No,No,0.031830797779865576,Low
5211,Sep,Pontiac,Policy Holder,No,No,0.0991078898173482,Low
5212,Jun,Pontiac,Policy Holder,No,No,0.09099231954554003,Low
5213,Jun,Pontiac,Policy Holder,No,No,0.09420934740157946,Low
5214,Jun,Chevrolet,Policy Holder,No,No,0.7136007646339674,High
5215,Jun,Pontiac,Third Party,No,No,0.0628785578301023,Low
5216,Jun,Chevrolet,Policy Holder,No,No,0.10348530723443664,Low
5217,May,Saab,Policy Holder,No,No,0.17053466257888716,Low
5218,Apr,Toyota,Policy Holder,No,No,0.12927527741533912,Low
5219,Apr,Honda,Policy Holder,No,No,0.13099867872049462,Low
5220,Jul,Accura,Policy Holder,No,No,0.7421331415942578,High
5221,Feb,Pontiac,Third Party,No,No,0.030386021902158635,Low
5222,Feb,Mazda,Policy Holder,No,No,0.7702744800103299,High
5223,Jan,Pontiac,Policy Holder,No,No,0.729627666557657,High
5224,Jan,Pontiac,Policy Holder,No,No,0.5424450789737851,Medium
5225,Jan,Pontiac,Policy Holder,No,No,0.09856981848281185,Low
5226,Jan,Chevrolet,Third Party,No,No,0.03651582796253266,Low
5227,Jan,Toyota,Policy Holder,No,No,0.7007285903727977,High
5228,Dec,Toyota,Policy Holder,No,No,0.622163980503327,High
5229,Jul,Toyota,Policy Holder,No,No,0.7379623530038844,High
5230,Jan,Mazda,Policy Holder,No,No,0.6084857698211703,High
5231,Dec,Pontiac,Policy Holder,No,No,0.08187679502026782,Low
5232,Nov,Toyota,Policy Holder,No,No,0.7046843139233046,High
5233,Jul,Mercury,Policy Holder,No,No,0.7449821797882852,High
5234,Aug,Honda,Policy Holder,No,No,0.49740008443207656,Medium
5235,Aug,Toyota,Policy Holder,No,No,0.15452945309184762,Low
5236,Aug,Chevrolet,Policy Holder,No,No,0.7393026386167667,High
5237,Jun,Mazda,Policy Holder,No,No,0.729296161984644,High
5238,May,Honda,Policy Holder,No,No,0.11295378478424407,Low
5239,Apr,Saturn,Policy Holder,No,No,0.7243625146961326,High
5240,Feb,Toyota,Policy Holder,No,No,0.8256400559826749,High
5241,Jul,Pontiac,Third Party,No,No,0.04540344190187741,Low
5242,Feb,Chevrolet,Policy Holder,No,No,0.6787214813776314,High
5243,Jan,Honda,Third Party,No,No,0.032992584752610576,Low
5244,Jan,Pontiac,Third Party,No,No,0.03711129414984925,Low
5245,Jan,Mazda,Third Party,No,No,0.08384986188499458,Low
5246,Jan,Pontiac,Policy Holder,No,No,0.7382550079585388,High
5247,Nov,Ford,Policy Holder,No,No,0.13277449832524674,Low
5248,Sep,Pontiac,Policy Holder,No,No,0.6686952447282049,High
5249,Jul,Pontiac,Third Party,No,No,0.06812432279141237,Low
5250,Nov,Pontiac,Policy Holder,No,No,0.6773127699713943,High
5251,Jan,Honda,Policy Holder,No,No,0.7871446999817096,High
5252,Jan,Mazda,Policy Holder,No,No,0.13319035981732785,Low
5253,Jan,Chevrolet,Third Party,No,No,0.057219289356501356,Low
5254,Jan,Toyota,Third Party,No,No,0.08954548524945322,Low
5255,Jan,Honda,Policy Holder,No,No,0.7272105089755602,High
5256,Dec,Pontiac,Policy Holder,No,No,0.09110782093143976,Low
5257,Dec,Mazda,Third Party,No,No,0.02883482041790759,Low
5258,Nov,Pontiac,Third Party,No,No,0.03441338432259931,Low
5259,Jul,Toyota,Third Party,No,No,0.02907899476176647,Low
5260,Jul,Pontiac,Policy Holder,No,No,0.6092092051385456,High
5261,Jul,Mazda,Policy Holder,No,No,0.14098367497502007,Low
5262,Mar,Mazda,Policy Holder,No,No,0.1382400891607161,Low
5263,Mar,Mazda,Policy Holder,No,No,0.7410377464683693,High
5264,Mar,Toyota,Policy Holder,No,No,0.12923147540426735,Low
5265,Feb,Honda,Policy Holder,No,No,0.524750278442837,Medium
5266,Feb,Honda,Third Party,No,No,0.11687770821174581,Low
5267,Feb,Honda,Policy Holder,No,No,0.5067470615913688,Medium
5268,Feb,Chevrolet,Third Party,No,No,0.0847618651759516,Low
5269,Jul,Pontiac,Policy Holder,No,No,0.6384097025436893,High
5270,Nov,Mazda,Third Party,No,No,0.035862201718879515,Low
5271,Aug,Chevrolet,Third Party,No,No,0.0334585881649187,Low
5272,Aug,Chevrolet,Policy Holder,No,No,0.15528528830812885,Low
5273,May,Saturn,Policy Holder,No,No,0.2336663000299104,Low
5274,Jul,Accura,Policy Holder,No,No,0.734693460995295,High
5275,Apr,Mazda,Policy Holder,No,No,0.6049713614505007,High
5276,Apr,Honda,Third Party,No,No,0.004568459032046101,Low
5277,Apr,Honda,Policy Holder,No,No,0.09383181974444835,Low
5278,Mar,Chevrolet,Policy Holder,No,No,0.0854842929405009,Low
5279,Mar,Toyota,Policy Holder,No,No,0.7267599022319146,High
5280,Feb,Toyota,Policy Holder,No,No,0.6636477009827508,High
5281,Feb,Mazda,Policy Holder,No,No,0.6722195022591622,High
5282,Feb,Pontiac,Third Party,No,No,0.0801925189311844,Low
5283,Jan,Honda,Third Party,No,No,0.09706140021349015,Low
5284,Jan,Pontiac,Policy Holder,No,No,0.584155829191081,Medium
5285,Apr,Honda,Third Party,No,No,0.0575647479458379,Low
5286,Mar,Toyota,Policy Holder,No,No,0.6638289022863938,High
5287,Mar,Chevrolet,Third Party,No,No,0.1037992344023404,Low
5288,Feb,Mazda,Policy Holder,No,No,0.6249493279018452,High
5289,Feb,Ford,Policy Holder,No,No,0.9131645982619123,High
5290,Jul,Accura,Policy Holder,No,No,0.7553907724369883,High
5291,Feb,Ford,Policy Holder,No,No,0.23222250515813397,Low
5292,Mar,Honda,Third Party,No,No,0.035954801695227495,Low
5293,Mar,Honda,Policy Holder,No,No,0.6478152210960624,High
5294,Mar,Mazda,Policy Holder,No,No,0.08261976415245535,Low
5295,Jul,Honda,Policy Holder,No,No,0.8439070127157965,High
5296,Feb,Mazda,Third Party,No,No,0.0032883425086024476,Low
5297,Feb,Honda,Policy Holder,No,No,0.16070074559982175,Low
5298,Feb,Toyota,Policy Holder,No,No,0.12243051009224759,Low
5299,Feb,Mazda,Third Party,No,No,0.07299375820248866,Low
5300,Mar,Mercury,Policy Holder,No,No,0.18199259621142794,Low
5301,Mar,Honda,Policy Holder,No,No,0.7234366062486584,High
5302,Feb,Chevrolet,Policy Holder,No,No,0.7898012233147889,High
5303,Jul,Honda,Policy Holder,No,No,0.7049993084004725,High
5304,Jan,Honda,Policy Holder,No,No,0.13505161676600586,Low
5305,Jan,Chevrolet,Third Party,No,No,0.7771303148096719,High
5306,Jan,Mazda,Policy Holder,No,No,0.6203277617444919,High
5307,Jul,Toyota,Policy Holder,Yes,No,0.1062353273946566,Low
5308,Jan,VW,Policy Holder,No,No,0.35360238152310475,Medium
5309,Jan,Toyota,Policy Holder,No,No,0.7306951447813144,High
5310,Nov,Pontiac,Policy Holder,No,No,0.6772562104792526,High
5311,Dec,Accura,Third Party,No,No,0.052608173950840206,Low
5312,Feb,Honda,Policy Holder,Yes,No,0.20206148695094484,Low
5313,Feb,Chevrolet,Policy Holder,No,No,0.5429308029340304,Medium
5314,Jan,Pontiac,Policy Holder,No,No,0.0789880945905823,Low
5315,Jan,Honda,Third Party,No,No,0.08550882840380598,Low
5316,Jan,Honda,Policy Holder,No,No,0.7167961105117117,High
5317,Jan,Ford,Third Party,No,No,0.004740943773600038,Low
5318,Jan,Pontiac,Policy Holder,No,No,0.08464330760791008,Low
5319,Dec,Toyota,Policy Holder,No,No,0.4974727361250984,Medium
5320,Dec,Toyota,Policy Holder,No,No,0.49341174582342623,Medium
5321,Jul,Toyota,Third Party,No,No,0.043801280474919095,Low
5322,Dec,Mazda,Policy Holder,No,No,0.09535094365793502,Low
5323,Dec,Toyota,Policy Holder,No,No,0.7050526734312573,High
5324,Dec,Pontiac,Policy Holder,No,No,0.5345623428887094,Medium
5325,Dec,Mazda,Policy Holder,No,No,0.6297811661404159,High
5326,Dec,Toyota,Policy Holder,No,No,0.06207300041393627,Low
5327,Jan,Mazda,Policy Holder,No,No,0.16424121655065677,Low
5328,Jan,Honda,Policy Holder,No,No,0.13288312588875076,Low
5329,Jan,Chevrolet,Policy Holder,No,No,0.7285233100809669,High
5330,Dec,Toyota,Policy Holder,No,No,0.48432068365538655,Medium
5331,Jul,Saturn,Policy Holder,No,No,0.8123538054517714,High
5332,Jan,Honda,Policy Holder,No,No,0.6792648363048315,High
5333,Jan,Chevrolet,Third Party,No,No,0.12023248819001586,Low
5334,Jan,Honda,Policy Holder,No,No,0.06818439070514765,Low
5335,Jan,VW,Policy Holder,No,No,0.41319384401254644,Medium
5336,Jan,Mazda,Policy Holder,No,No,0.5361764022331812,Medium
5337,Jan,Honda,Policy Holder,No,No,0.13412996556009987,Low
5338,Jan,Honda,Policy Holder,No,No,0.7099862001477671,High
5339,Jan,Toyota,Policy Holder,No,No,0.5081979587833537,Medium
5340,Jan,Toyota,Third Party,No,No,0.033485057920131685,Low
5341,Jan,Toyota,Policy Holder,No,No,0.12907737880899992,Low
5342,Jan,Ford,Policy Holder,No,No,0.7338756353535981,High
5343,Jan,Pontiac,Policy Holder,No,No,0.6461302315764569,High
5344,Jan,Toyota,Policy Holder,No,No,0.9131717685787492,High
5345,Jan,Toyota,Policy Holder,No,No,0.6715675393289213,High
5346,Jan,Mazda,Policy Holder,No,No,0.08342129968057603,Low
5347,Feb,Toyota,Policy Holder,No,No,0.21543612110438884,Low
5348,Feb,Pontiac,Policy Holder,No,No,0.08465106884802555,Low
5349,Dec,Honda,Third Party,No,No,0.028164443917021505,Low
5350,Dec,Mazda,Policy Holder,No,No,0.09724722956935328,Low
5351,Dec,Mazda,Policy Holder,No,No,0.07335088439229769,Low
5352,Dec,Honda,Policy Holder,No,No,0.5188539968167428,Medium
5353,Jan,Dodge,Policy Holder,No,No,0.23593290308814457,Low
5354,Jan,Toyota,Policy Holder,No,No,0.16426555435499204,Low
5355,Jan,Honda,Policy Holder,No,No,0.5263021353966382,Medium
5356,Jan,Honda,Third Party,No,No,0.8865141705439579,High
5357,Jan,Pontiac,Third Party,No,No,0.06466721498642843,Low
5358,Jan,Mazda,Policy Holder,No,No,0.5471498735654495,Medium
5359,Jul,Accura,Third Party,No,No,0.06181425620829265,Low
5360,Jan,Pontiac,Policy Holder,No,No,0.5240467143746731,Medium
5361,Jul,Pontiac,Policy Holder,No,No,0.6950990655261082,High
5362,Jan,Toyota,Third Party,No,No,0.05428988105804554,Low
5363,Jul,Honda,Policy Holder,No,No,0.4832790185605147,Medium
5364,Feb,Honda,Third Party,No,No,0.09444844477746397,Low
5365,Feb,Chevrolet,Policy Holder,No,No,0.5556152163804324,Medium
5366,Feb,Mazda,Third Party,No,No,0.039961251635020775,Low
5367,Sep,Mazda,Policy Holder,No,No,0.05382223956229916,Low
5368,Feb,Chevrolet,Third Party,No,No,0.003915849616641345,Low
5369,Feb,Pontiac,Policy Holder,No,No,0.08420508125277838,Low
5370,Feb,Pontiac,Policy Holder,No,No,0.8742682517028134,High
5371,Feb,Pontiac,Policy Holder,No,No,0.7545440890243377,High
5372,Feb,Ford,Third Party,No,No,0.09516522277558152,Low
5373,Feb,Mazda,Policy Holder,No,No,0.5669592729441765,Medium
5374,Feb,Honda,Policy Holder,No,No,0.1760137404660183,Low
5375,Feb,Ford,Policy Holder,No,No,0.7350070424925803,High
5376,Feb,Toyota,Policy Holder,No,No,0.1062603926442005,Low
5377,Jan,Chevrolet,Policy Holder,No,No,0.7417815039124179,High
5378,Jan,Pontiac,Policy Holder,No,No,0.5370377911302361,Medium
5379,Jan,VW,Policy Holder,No,No,0.1622018607032655,Low
5380,Feb,Chevrolet,Policy Holder,No,No,0.6478520337378096,High
5381,Feb,Toyota,Policy Holder,No,No,0.16612712173326494,Low
5382,Feb,Accura,Policy Holder,No,No,0.7735267952731815,High
5383,Feb,Toyota,Policy Holder,No,No,0.10824695462567925,Low
5384,Feb,Mazda,Third Party,No,No,0.02319827787014408,Low
5385,Jan,Mazda,Policy Holder,No,No,0.0941806585777628,Low
5386,Feb,Toyota,Third Party,No,No,0.0033720862688115263,Low
5387,Feb,Chevrolet,Policy Holder,No,No,0.752239355801873,High
5388,Jan,Toyota,Policy Holder,No,No,0.730424786877332,High
5389,Jan,Mazda,Policy Holder,No,No,0.4549831278311162,Medium
5390,Jan,Honda,Policy Holder,No,No,0.7172076188367938,High
5391,Jan,Honda,Policy Holder,No,No,0.7511215593361981,High
5392,Jan,Toyota,Policy Holder,No,No,0.6659329654847765,High
5393,Jan,Mazda,Policy Holder,No,No,0.6984571422710796,High
5394,Jan,Honda,Policy Holder,No,No,0.15498781589929353,Low
5395,Jan,Toyota,Third Party,No,No,0.04273925532271716,Low
5396,Jan,Pontiac,Policy Holder,No,No,0.6310016294337605,High
5397,Jan,Accura,Policy Holder,No,No,0.8431664994804361,High
5398,Jan,Mercury,Policy Holder,No,No,0.7626120620466659,High
5399,Dec,Pontiac,Third Party,No,No,0.028292474493393806,Low
5400,Dec,Toyota,Policy Holder,No,No,0.7619062976292476,High
5401,May,Honda,Policy Holder,No,No,0.8433818481446042,High
5402,Feb,VW,Third Party,No,No,0.014227921792664817,Low
5403,Mar,Chevrolet,Policy Holder,No,No,0.131254711612762,Low
5404,Apr,Mazda,Policy Holder,No,No,0.706220110154266,High
5405,Jul,Honda,Policy Holder,No,No,0.09822028987508555,Low
5406,Jul,Pontiac,Policy Holder,No,No,0.05944059467810315,Low
5407,Feb,Mazda,Policy Holder,No,No,0.7990366078820593,High
5408,Feb,Toyota,Policy Holder,No,No,0.1502812058961228,Low
5409,Apr,Toyota,Policy Holder,No,No,0.7899790875900244,High
5410,Feb,Pontiac,Policy Holder,No,No,0.5375023218643974,Medium
5411,Feb,Honda,Policy Holder,No,No,0.09447176693038548,Low
5412,Aug,Honda,Policy Holder,No,No,0.7172067394595351,High
5413,Apr,Jaguar,Policy Holder,No,No,0.21282403620767726,Low
5414,Jun,Pontiac,Policy Holder,No,No,0.6544299096673841,High
5415,Jun,Pontiac,Policy Holder,No,No,0.5927967362095176,Medium
5416,Jun,Toyota,Policy Holder,No,No,0.10699516305857498,Low
5417,Jun,Honda,Policy Holder,No,No,0.7225499140670272,High
5418,Feb,Honda,Policy Holder,No,No,0.6057036453020155,High
5419,Feb,Toyota,Third Party,No,No,0.0028582027185055908,Low
5420,Feb,Pontiac,Policy Holder,No,No,0.11091645152543372,Low
5421,Apr,Pontiac,Policy Holder,No,No,0.601586660440212,High
5422,Jul,Chevrolet,Policy Holder,No,No,0.04661091721965596,Low
5423,Aug,Chevrolet,Third Party,No,No,0.07314568111424492,Low
5424,Jul,Honda,Third Party,No,No,0.029228629080776898,Low
5425,Jul,Toyota,Policy Holder,No,No,0.6572320400764132,High
5426,Oct,Toyota,Third Party,No,No,0.0625852026522884,Low
5427,Oct,Mazda,Third Party,No,No,0.03644845068862116,Low
5428,Nov,Mazda,Third Party,No,No,0.024165514996608125,Low
5429,Mar,Toyota,Third Party,No,No,0.05688966374332054,Low
5430,Mar,Honda,Policy Holder,No,No,0.9000886701107785,High
5431,Mar,Toyota,Policy Holder,No,No,0.6546319426560084,High
5432,Feb,Pontiac,Third Party,No,No,0.07459881420000333,Low
5433,Jun,Honda,Policy Holder,No,No,0.12372412789711906,Low
5434,Jun,Pontiac,Policy Holder,No,No,0.1260109813811819,Low
5435,Aug,Pontiac,Policy Holder,No,No,0.7371566867981857,High
5436,Sep,Mazda,Policy Holder,No,No,0.154055253765662,Low
5437,Sep,Pontiac,Third Party,Yes,No,0.028325129929031342,Low
5438,Sep,Honda,Policy Holder,No,No,0.6706524688883183,High
5439,Sep,Saab,Third Party,No,No,0.08321625918231908,Low
5440,Sep,Pontiac,Policy Holder,No,No,0.4717416252216903,Medium
5441,Oct,Honda,Policy Holder,No,No,0.07312561969827287,Low
5442,Oct,Mazda,Policy Holder,No,No,0.06807221341522161,Low
5443,Oct,Mazda,Third Party,No,No,0.03426815071436186,Low
5444,Oct,Pontiac,Third Party,No,No,0.054832279485374655,Low
5445,Nov,Toyota,Third Party,No,No,0.022916868982454378,Low
5446,Nov,Honda,Policy Holder,No,No,0.03168838024192661,Low
5447,Dec,Accura,Policy Holder,No,No,0.6857994242260113,High
5448,Mar,Pontiac,Third Party,No,No,0.07600853345195457,Low
5449,Mar,Pontiac,Policy Holder,No,No,0.03291435058418208,Low
5450,May,Pontiac,Third Party,No,No,0.056390735598338994,Low
5451,Aug,Accura,Policy Holder,No,No,0.8527916918911126,High
5452,May,Accura,Policy Holder,No,No,0.6986983396659425,High
5453,May,Toyota,Policy Holder,No,No,0.13528004227547688,Low
5454,Oct,Pontiac,Policy Holder,No,No,0.593840024143627,Medium
5455,Sep,Toyota,Policy Holder,No,No,0.5640274694834739,Medium
5456,Sep,Chevrolet,Policy Holder,No,No,0.123656041587333,Low
5457,Aug,Pontiac,Third Party,No,No,0.055865412320018244,Low
5458,Aug,Saab,Policy Holder,No,No,0.9956669604164473,High
5459,Jun,Honda,Third Party,No,No,0.10172060523070314,Low
5460,May,Mazda,Policy Holder,No,No,0.17006686051764952,Low
5461,May,Honda,Third Party,No,No,0.09261664213443419,Low
5462,Sep,Chevrolet,Third Party,No,No,0.1428584540559878,Low
5463,Aug,Chevrolet,Third Party,No,No,0.003770837249850899,Low
5464,Aug,Toyota,Policy Holder,No,No,0.13778066933737632,Low
5465,Oct,Chevrolet,Policy Holder,No,No,0.10129509005687445,Low
5466,Oct,Pontiac,Policy Holder,Yes,No,0.6372401118535513,High
5467,May,Mazda,Third Party,No,No,0.06318284040945325,Low
5468,Apr,Toyota,Third Party,No,No,0.05162569600907903,Low
5469,May,Honda,Third Party,No,No,0.01893826266493816,Low
5470,May,VW,Policy Holder,No,No,0.1868886429759665,Low
5471,Aug,Toyota,Policy Holder,No,No,0.7834026141552736,High
5472,Aug,Toyota,Third Party,No,No,0.0027314767000134604,Low
5473,Oct,Mazda,Policy Holder,No,No,0.5035537994189302,Medium
5474,Aug,Pontiac,Policy Holder,No,No,0.8254473551922827,High
5475,Oct,Honda,Policy Holder,No,No,0.07780804505434,Low
5476,Sep,Toyota,Policy Holder,No,No,0.0946319557048844,Low
5477,May,Pontiac,Policy Holder,No,No,0.6748411727878649,High
5478,May,Mazda,Policy Holder,No,No,0.10368108581171252,Low
5479,Aug,VW,Policy Holder,No,No,0.3883625005699103,Medium
5480,Jun,Toyota,Third Party,No,No,0.05177777753480749,Low
5481,Oct,Honda,Third Party,No,No,0.001969051419962738,Low
5482,Jul,Chevrolet,Policy Holder,Yes,No,0.040874910486906266,Low
5483,Jul,Toyota,Policy Holder,No,No,0.603237256611447,High
5484,Aug,Chevrolet,Policy Holder,No,No,0.6510055948289143,High
5485,Jun,Toyota,Policy Holder,No,No,0.0950533507252749,Low
5486,Jan,Honda,Third Party,No,No,0.10176305056566724,Low
5487,Sep,Chevrolet,Third Party,No,No,0.06855994531631543,Low
5488,Jul,Toyota,Policy Holder,No,No,0.6681264732008971,High
5489,Jul,Honda,Policy Holder,No,No,0.6491287707649601,High
5490,May,Pontiac,Policy Holder,No,No,0.1815994515166535,Low
5491,May,Toyota,Policy Holder,No,No,0.12656387748512682,Low
5492,Jul,Mazda,Third Party,No,No,0.012441757516566721,Low
5493,Jul,Pontiac,Third Party,No,No,0.027393528319013254,Low
5494,Dec,Chevrolet,Policy Holder,No,No,0.5328342034489821,Medium
5495,Aug,Toyota,Policy Holder,No,No,0.728966926669303,High
5496,Aug,Toyota,Policy Holder,No,No,0.1319578497928061,Low
5497,Aug,Mazda,Third Party,No,No,0.03978292801518969,Low
5498,Aug,Pontiac,Policy Holder,No,No,0.7278300295953186,High
5499,Aug,Honda,Third Party,No,No,0.03524640215260015,Low
5500,Dec,Pontiac,Policy Holder,No,No,0.5431653972181343,Medium
5501,Oct,Toyota,Policy Holder,No,No,0.6018318807620936,High
5502,Sep,Pontiac,Third Party,No,No,0.028040602770357293,Low
5503,Aug,Chevrolet,Policy Holder,No,No,0.13300625768213442,Low
5504,Jun,Toyota,Policy Holder,No,No,0.11729424359992877,Low
5505,Jun,Ford,Third Party,No,No,0.07506173965206749,Low
5506,Aug,Mazda,Policy Holder,No,No,0.5866606544769075,Medium
5507,Apr,Chevrolet,Policy Holder,No,No,0.7546083933201,High
5508,Dec,Pontiac,Third Party,No,No,0.03717914195255663,Low
5509,Oct,Toyota,Policy Holder,No,No,0.9826628329314924,High
5510,Oct,Honda,Policy Holder,No,No,0.09902758729861622,Low
5511,Oct,Mazda,Third Party,No,No,0.0031227958005620323,Low
5512,Jul,Pontiac,Policy Holder,No,No,0.05750026448746599,Low
5513,Aug,Chevrolet,Policy Holder,No,No,0.6593733340343878,High
5514,Apr,Toyota,Policy Holder,No,No,0.7642308354425619,High
5515,Mar,Toyota,Policy Holder,No,No,0.15634533880767015,Low
5516,Mar,Toyota,Policy Holder,No,No,0.18104610949742525,Low
5517,Mar,Mazda,Policy Holder,No,No,0.6216366511173668,High
5518,Oct,Mazda,Policy Holder,No,No,0.052449986423201214,Low
5519,Aug,Toyota,Policy Holder,No,No,0.7934072602596772,High
5520,Sep,Honda,Policy Holder,No,No,0.5720698644361389,Medium
5521,Sep,Accura,Policy Holder,No,No,0.5737509128450945,Medium
5522,Aug,Honda,Policy Holder,No,No,0.5153596435592791,Medium
5523,Jul,Accura,Policy Holder,No,No,0.47751455054795716,Medium
5524,Jul,Pontiac,Policy Holder,No,No,0.6003976723365411,High
5525,Jun,Mazda,Policy Holder,No,No,0.7174167144666643,High
5526,Jun,Pontiac,Policy Holder,No,No,0.5592614400428602,Medium
5527,Jun,Pontiac,Policy Holder,No,No,0.07710462571239649,Low
5528,Jun,BMW,Policy Holder,No,No,0.5917024875474741,Medium
5529,May,Pontiac,Policy Holder,No,No,0.7765705799214588,High
5530,May,Pontiac,Policy Holder,No,No,0.20950090551486594,Low
5531,Apr,Mazda,Policy Holder,No,No,0.6325287554612621,High
5532,Apr,Pontiac,Policy Holder,No,No,0.08559323326071688,Low
5533,Apr,Mazda,Policy Holder,No,No,0.5202698600271733,Medium
5534,Oct,Chevrolet,Policy Holder,No,No,0.6776374740034571,High
5535,Oct,Mazda,Third Party,No,No,0.1055046246751542,Low
5536,Sep,Pontiac,Third Party,No,No,0.06479642285912139,Low
5537,Aug,Honda,Policy Holder,No,No,0.5572730436338971,Medium
5538,Jul,Pontiac,Third Party,No,No,0.0758514960667274,Low
5539,May,Pontiac,Third Party,No,No,0.004361758940526506,Low
5540,Aug,Chevrolet,Policy Holder,No,No,0.7856266894620202,High
5541,Apr,Chevrolet,Policy Holder,Yes,No,0.782866396376085,High
5542,Aug,Toyota,Policy Holder,No,No,0.15218419280664922,Low
5543,Apr,Pontiac,Policy Holder,No,No,0.6662657679311714,High
5544,Feb,Chevrolet,Policy Holder,No,No,0.12013440841076486,Low
5545,Nov,Honda,Policy Holder,No,No,0.031248298427003603,Low
5546,Nov,Pontiac,Policy Holder,No,No,0.3918355364120128,Medium
5547,Jun,Chevrolet,Third Party,No,No,0.012401900621104913,Low
5548,Jun,Toyota,Policy Holder,No,No,0.11758175333774211,Low
5549,Aug,Pontiac,Policy Holder,No,No,0.7242680514804007,High
5550,Apr,Ford,Policy Holder,No,No,0.8098420737670178,High
5551,Mar,Mazda,Policy Holder,No,No,0.6351657138819743,High
5552,Mar,Chevrolet,Policy Holder,No,No,0.8792235547820423,High
5553,Mar,Pontiac,Policy Holder,No,No,0.14954396481526022,Low
5554,Mar,Chevrolet,Policy Holder,No,No,0.5960005230318088,Medium
5555,Aug,Ford,Policy Holder,No,No,0.741190452035041,High
5556,Oct,Mazda,Policy Holder,No,No,0.1253395569144545,Low
5557,Aug,Honda,Policy Holder,No,No,0.5459027062215466,Medium
5558,Jun,Mazda,Policy Holder,No,No,0.15947369643146955,Low
5559,Jun,Mazda,Third Party,No,No,0.03386844514318722,Low
5560,May,Pontiac,Policy Holder,No,No,0.9861382198684064,High
5561,May,Mazda,Policy Holder,No,No,0.6192610954729841,High
5562,Apr,Toyota,Third Party,No,No,0.06661987016302667,Low
5563,Apr,Chevrolet,Policy Holder,No,No,0.17586243222957784,Low
5564,Mar,Toyota,Third Party,No,No,0.14693147903172513,Low
5565,Mar,Pontiac,Policy Holder,No,No,0.737759000680675,High
5566,Mar,Toyota,Third Party,No,No,0.004581029897411004,Low
5567,Mar,Toyota,Third Party,No,No,0.1036403326694115,Low
5568,Mar,Chevrolet,Third Party,No,No,0.005244297042886191,Low
5569,Mar,Pontiac,Policy Holder,No,No,0.7475449641525734,High
5570,Aug,Chevrolet,Policy Holder,No,No,0.8450543800607996,High
5571,Mar,Mazda,Policy Holder,No,No,0.09060949602371486,Low
5572,Jun,Mazda,Third Party,No,No,0.03941823619934043,Low
5573,Aug,Toyota,Third Party,No,No,0.055697362484562474,Low
5574,May,Pontiac,Third Party,No,No,0.0045347637022682,Low
5575,Jan,Accura,Policy Holder,No,No,0.8125343928589085,High
5576,Jan,Mazda,Policy Holder,No,No,0.5853559213107484,Medium
5577,Jan,Toyota,Policy Holder,No,No,0.6522972405878178,High
5578,Feb,Pontiac,Policy Holder,No,No,0.09444190477645213,Low
5579,Feb,Honda,Policy Holder,No,No,0.6818044485708262,High
5580,Feb,Chevrolet,Policy Holder,No,No,0.8430822443324483,High
5581,Feb,Toyota,Third Party,No,No,0.10062301397554556,Low
5582,Feb,Toyota,Policy Holder,No,No,0.633289239172459,High
5583,Feb,Pontiac,Policy Holder,No,No,0.6938210309339229,High
5584,Aug,Pontiac,Third Party,No,No,0.021048654010914738,Low
5585,Feb,Mazda,Policy Holder,No,No,0.1305982504375928,Low
5586,Feb,Mazda,Policy Holder,No,No,0.7442559717923027,High
5587,Mar,Chevrolet,Policy Holder,No,No,0.5415244856527084,Medium
5588,Aug,Accura,Policy Holder,No,No,0.72400815118182,High
5589,Mar,Pontiac,Policy Holder,No,No,0.6139539169808162,High
5590,Mar,VW,Policy Holder,No,No,0.02746116762772029,Low
5591,Oct,Pontiac,Policy Holder,No,No,0.08008602796884226,Low
5592,Aug,Toyota,Policy Holder,No,No,0.8157624053721722,High
5593,Jan,Chevrolet,Third Party,No,No,0.054504552387310314,Low
5594,Feb,Pontiac,Policy Holder,No,No,0.6843902938539154,High
5595,Feb,Toyota,Third Party,No,No,0.0029984531978683115,Low
5596,Feb,Toyota,Policy Holder,No,No,0.7002318266983469,High
5597,Feb,Pontiac,Policy Holder,No,No,0.5945719504325226,Medium
5598,Feb,Pontiac,Third Party,No,No,0.02412020559369519,Low
5599,Feb,Pontiac,Third Party,No,No,0.03528362842855827,Low
5600,Feb,Pontiac,Third Party,No,No,0.043570391823807904,Low
5601,Feb,Mazda,Policy Holder,No,No,0.6299276375026954,High
5602,Feb,Toyota,Policy Holder,No,No,0.7560462617535435,High
5603,Feb,Toyota,Third Party,No,No,0.06962717866379144,Low
5604,Mar,Mazda,Policy Holder,No,No,0.10426411601901936,Low
5605,Mar,Pontiac,Third Party,No,No,0.004939193915956104,Low
5606,Mar,Mazda,Policy Holder,No,No,0.14537271343396604,Low
5607,Apr,Mazda,Policy Holder,No,No,0.12313632149848688,Low
5608,Jun,Mazda,Policy Holder,No,No,0.1092263477895481,Low
5609,Jun,Toyota,Policy Holder,No,No,0.11122871837187157,Low
5610,Jun,Mazda,Third Party,No,No,0.03827768618397008,Low
5611,Oct,Toyota,Policy Holder,No,No,0.8863299151077634,High
5612,Oct,Toyota,Policy Holder,No,No,0.5610280149644247,Medium
5613,Nov,Toyota,Policy Holder,No,No,0.6346210199451798,High
5614,Nov,Pontiac,Third Party,No,No,0.0166754529121225,Low
5615,Nov,Pontiac,Third Party,No,No,0.0340450975074357,Low
5616,Oct,Toyota,Policy Holder,No,No,0.6738667045271498,High
5617,Oct,Pontiac,Policy Holder,No,No,0.4717906000648733,Medium
5618,Oct,Honda,Policy Holder,No,No,0.7996855808356911,High
5619,Jul,Mazda,Policy Holder,No,No,0.45350375750907324,Medium
5620,Jul,Chevrolet,Policy Holder,No,No,0.4754106318671582,Medium
5621,Jun,Mazda,Policy Holder,No,No,0.6740235845036634,High
5622,Jun,Toyota,Third Party,No,No,0.02640730430855101,Low
5623,Jun,Chevrolet,Policy Holder,No,No,0.12838745218404368,Low
5624,Apr,Pontiac,Third Party,No,No,0.0025993488314731347,Low
5625,Apr,Toyota,Policy Holder,No,No,0.6579007033464023,High
5626,Apr,Mazda,Third Party,No,No,0.0038516428956276803,Low
5627,Mar,Pontiac,Third Party,No,No,0.04814834254066865,Low
5628,Mar,Pontiac,Policy Holder,No,No,0.6108737036468658,High
5629,Mar,Pontiac,Policy Holder,No,No,0.08825887396162035,Low
5630,Mar,Mazda,Third Party,No,No,0.06330352063873239,Low
5631,Mar,Toyota,Policy Holder,No,No,0.6743570956425701,High
5632,Mar,Ford,Policy Holder,No,No,0.6841134205902177,High
5633,Aug,Chevrolet,Third Party,No,No,0.07163033398836631,Low
5634,Mar,Pontiac,Policy Holder,No,No,0.16566844509877598,Low
5635,Mar,Chevrolet,Policy Holder,No,No,0.8285249542938757,High
5636,Mar,Pontiac,Policy Holder,No,No,0.15984775844232457,Low
5637,Mar,Ford,Policy Holder,No,No,0.8178901192723728,High
5638,Mar,Toyota,Policy Holder,No,No,0.8645000665902581,High
5639,Aug,Toyota,Policy Holder,No,No,0.7602452448667528,High
5640,Mar,Toyota,Policy Holder,No,No,0.7758751597812421,High
5641,Feb,Saab,Policy Holder,No,No,0.9154051159158738,High
5642,Feb,Honda,Policy Holder,No,No,0.0807553431400934,Low
5643,Feb,Toyota,Policy Holder,No,No,0.2879170393383285,Low
5644,Oct,Pontiac,Policy Holder,No,No,0.36470220506172235,Medium
5645,Aug,Pontiac,Policy Holder,No,No,0.11533050772737906,Low
5646,Apr,Accura,Policy Holder,No,No,0.14215599201057308,Low
5647,Apr,Honda,Policy Holder,No,No,0.8278593485652322,High
5648,Apr,Pontiac,Policy Holder,No,No,0.0970719895131562,Low
5649,Apr,Toyota,Third Party,No,No,0.17782133496396546,Low
5650,Apr,Mazda,Policy Holder,No,No,0.10027748434727349,Low
5651,Mar,Honda,Policy Holder,No,No,0.18735160415489988,Low
5652,Mar,Pontiac,Third Party,No,No,0.05043414965125851,Low
5653,Mar,Mazda,Policy Holder,No,No,0.6449186815474596,High
5654,Mar,Chevrolet,Policy Holder,No,No,0.7837446465924544,High
5655,Mar,Toyota,Third Party,No,No,0.07239589015254516,Low
5656,Mar,Honda,Third Party,No,No,0.07026704835457454,Low
5657,Mar,Mazda,Third Party,No,No,0.0753631429957173,Low
5658,Feb,Toyota,Policy Holder,No,No,0.09315844540067951,Low
5659,Feb,Toyota,Third Party,No,No,0.09877852573532635,Low
5660,Feb,Pontiac,Third Party,No,No,0.05826309828700231,Low
5661,Feb,Chevrolet,Policy Holder,No,No,0.15044571741098048,Low
5662,Feb,Chevrolet,Policy Holder,No,No,0.984467562615184,High
5663,Feb,Pontiac,Policy Holder,No,No,0.06617860282289889,Low
5664,Feb,Toyota,Policy Holder,No,No,0.639285798459448,High
5665,Feb,Chevrolet,Third Party,No,No,0.004392285973199492,Low
5666,Feb,Pontiac,Third Party,No,No,0.03583415837262617,Low
5667,Jan,Toyota,Third Party,No,No,0.004380790128534148,Low
5668,Jan,Honda,Policy Holder,No,No,0.6732311491228619,High
5669,Dec,Pontiac,Policy Holder,No,No,0.7692783875590946,High
5670,Nov,Honda,Third Party,No,No,0.0021131595560063576,Low
5671,Jul,Toyota,Third Party,No,No,0.021487867180706832,Low
5672,Dec,Chevrolet,Policy Holder,No,No,0.0677790245174275,Low
5673,Mar,Pontiac,Policy Holder,No,No,0.6780860939512597,High
5674,Jun,Honda,Third Party,No,No,0.16390363505583944,Low
5675,Aug,Accura,Policy Holder,No,No,0.747873336504118,High
5676,May,Honda,Policy Holder,No,No,0.11774430681634389,Low
5677,Jun,Mazda,Third Party,No,No,0.05600685654759309,Low
5678,Jun,Toyota,Policy Holder,No,No,0.5672870802566291,Medium
5679,Aug,Pontiac,Policy Holder,No,No,0.11782300785265407,Low
5680,Aug,Honda,Policy Holder,No,No,0.5394930756338762,Medium
5681,Dec,Pontiac,Policy Holder,No,No,0.10128532115763528,Low
5682,Aug,Mazda,Policy Holder,No,No,0.7180079869036967,High
5683,Nov,Toyota,Policy Holder,No,No,0.0445671087258788,Low
5684,Apr,Mazda,Third Party,No,No,0.04147700826122304,Low
5685,Aug,Toyota,Policy Holder,No,No,0.815092996646891,High
5686,Jul,Pontiac,Policy Holder,No,No,0.5680271477075928,Medium
5687,Jul,Toyota,Policy Holder,No,No,0.5367579771941334,Medium
5688,Nov,Pontiac,Third Party,No,No,0.0022183422784160063,Low
5689,Aug,Toyota,Policy Holder,No,No,0.7497196372055543,High
5690,Apr,Pontiac,Policy Holder,No,No,0.08242149138951044,Low
5691,Apr,Honda,Policy Holder,No,No,0.8023945938652417,High
5692,Aug,Chevrolet,Policy Holder,No,No,0.44708405129188367,Medium
5693,Apr,Toyota,Third Party,No,No,0.04481673924688147,Low
5694,Jun,Toyota,Policy Holder,No,No,0.6432749681020715,High
5695,Jun,Honda,Policy Holder,No,No,0.5795457426426893,Medium
5696,Jul,Honda,Policy Holder,No,No,0.05941786779848774,Low
5697,Jul,Pontiac,Third Party,No,No,0.05670784952605352,Low
5698,Aug,Toyota,Policy Holder,No,No,0.8518918404178694,High
5699,Aug,Pontiac,Policy Holder,No,No,0.7800972938308404,High
5700,Sep,Pontiac,Policy Holder,No,No,0.8267948451330862,High
5701,Oct,Chevrolet,Policy Holder,No,No,0.62605732808798,High
5702,Nov,Mazda,Policy Holder,No,No,0.5255788692465032,Medium
5703,Nov,Honda,Policy Holder,No,No,0.06918011573384437,Low
5704,Apr,Toyota,Policy Holder,No,No,0.659936565059431,High
5705,Mar,Pontiac,Policy Holder,No,No,0.7048706793428245,High
5706,May,Toyota,Third Party,No,No,0.09021749113780966,Low
5707,Aug,Mazda,Policy Holder,No,No,0.10562879896681716,Low
5708,Aug,Pontiac,Third Party,No,No,0.10832639027818679,Low
5709,Sep,Honda,Policy Holder,No,No,0.07789211231087763,Low
5710,Apr,Honda,Policy Holder,No,No,0.09981037007021697,Low
5711,Mar,Chevrolet,Policy Holder,No,No,0.7471813120334347,High
5712,May,Toyota,Third Party,No,No,0.004429540135121693,Low
5713,May,Toyota,Policy Holder,No,No,0.9876889889412045,High
5714,May,Pontiac,Policy Holder,No,No,0.5778602790953281,Medium
5715,Jul,Mazda,Policy Holder,No,No,0.04843432241136065,Low
5716,Jul,Toyota,Policy Holder,No,No,0.6631191506860252,High
5717,Aug,Honda,Policy Holder,No,No,0.571458774519311,Medium
5718,Dec,Honda,Policy Holder,No,No,0.06756422974553088,Low
5719,Apr,Pontiac,Policy Holder,No,No,0.8620104447834348,High
5720,Apr,Pontiac,Policy Holder,No,No,0.5522858723951779,Medium
5721,May,Toyota,Third Party,Yes,Yes,0.056865218200223576,Low
5722,Aug,Mazda,Third Party,No,No,0.09014492527722785,Low
5723,Aug,Mazda,Policy Holder,No,No,0.452760771615993,Medium
5724,Aug,Pontiac,Policy Holder,No,No,0.15103671078379055,Low
5725,Sep,Pontiac,Policy Holder,No,No,0.6956543658929469,High
5726,Dec,Honda,Policy Holder,No,No,0.09091430495966411,Low
5727,May,Toyota,Policy Holder,No,No,0.15242255566698296,Low
5728,Aug,Toyota,Policy Holder,No,No,0.7508311909351821,High
5729,Nov,Pontiac,Third Party,No,No,0.017574248660805203,Low
5730,Jul,Mazda,Third Party,No,No,0.028253838738752143,Low
5731,Jul,Pontiac,Policy Holder,No,No,0.06251511426040929,Low
5732,Sep,Mazda,Policy Holder,No,No,0.6574807724005375,High
5733,May,Honda,Third Party,No,No,0.007756769184807747,Low
5734,May,Mazda,Third Party,No,No,0.09728444211907974,Low
5735,Aug,Toyota,Policy Holder,No,No,0.4881913580313205,Medium
5736,Jul,Toyota,Policy Holder,No,No,0.09708799119730452,Low
5737,Dec,Toyota,Policy Holder,No,No,0.530450445473921,Medium
5738,Dec,Honda,Third Party,Yes,Yes,0.02455403348388078,Low
5739,Dec,Toyota,Third Party,No,No,0.052721963738449944,Low
5740,Jan,Toyota,Policy Holder,No,Yes,0.7027886732491343,High
5741,Jan,Honda,Policy Holder,No,No,0.10443815253474147,Low
5742,Jan,Ford,Policy Holder,No,No,0.7106471504646782,High
5743,Sep,Mazda,Third Party,No,No,0.00392510758351294,Low
5744,Aug,Mazda,Policy Holder,No,No,0.8292629030249528,High
5745,Jan,Toyota,Policy Holder,No,No,0.7278390178266038,High
5746,Jan,Honda,Policy Holder,No,No,0.5713842201668543,Medium
5747,Jan,Mazda,Third Party,No,No,0.06472287609617512,Low
5748,Nov,Mazda,Third Party,No,No,0.011525126111706769,Low
5749,Oct,Pontiac,Policy Holder,No,No,0.4979560975865179,Medium
5750,Nov,Toyota,Policy Holder,No,No,0.29736528690772407,Low
5751,Sep,Mazda,Policy Holder,No,No,0.5574984627406749,Medium
5752,Jul,Toyota,Policy Holder,No,No,0.6066811760317687,High
5753,Jun,Accura,Policy Holder,No,No,0.1285911465694164,Low
5754,Jun,Honda,Policy Holder,No,No,0.07950753620525342,Low
5755,Dec,Mazda,Third Party,No,No,0.02661832970564291,Low
5756,Jul,Chevrolet,Policy Holder,No,No,0.11364832487168988,Low
5757,Jul,Mazda,Third Party,Yes,No,0.031623918179788914,Low
5758,May,Toyota,Policy Holder,No,No,0.7248652987814999,High
5759,May,Toyota,Policy Holder,No,No,0.1360971458169046,Low
5760,May,Toyota,Third Party,No,No,0.07892411025234489,Low
5761,May,Mazda,Third Party,No,No,0.042038948462205565,Low
5762,Aug,Pontiac,Policy Holder,No,No,0.776620972984739,High
5763,Oct,Pontiac,Third Party,No,No,0.0024860378192368936,Low
5764,Nov,Toyota,Policy Holder,No,No,0.9759216642182879,High
5765,Sep,Toyota,Third Party,No,No,0.046848670320170885,Low
5766,Aug,Mazda,Third Party,No,No,0.0898901983663254,Low
5767,Aug,Accura,Policy Holder,No,No,0.8735057990540612,High
5768,May,Pontiac,Policy Holder,No,No,0.11325429862220965,Low
5769,May,Mazda,Policy Holder,No,No,0.1407798403823286,Low
5770,Nov,Pontiac,Third Party,No,No,0.013782579584262615,Low
5771,Nov,Pontiac,Policy Holder,No,No,0.3853709346756882,Medium
5772,Aug,Pontiac,Third Party,No,No,0.04898948590480201,Low
5773,Aug,Pontiac,Policy Holder,No,No,0.6548398931657413,High
5774,May,Mazda,Policy Holder,No,No,0.1054103320876368,Low
5775,Apr,Honda,Policy Holder,No,No,0.13103752833200885,Low
5776,Aug,Pontiac,Policy Holder,No,No,0.734746463216269,High
5777,Nov,Chevrolet,Policy Holder,No,No,0.42386191326730094,Medium
5778,Aug,Accura,Policy Holder,No,No,0.8074819904539028,High
5779,Oct,Toyota,Third Party,No,No,0.0029198888017595835,Low
5780,Oct,Honda,Third Party,No,No,0.04376988892606528,Low
5781,Aug,Toyota,Policy Holder,No,No,0.8581726570640007,High
5782,Jul,Toyota,Policy Holder,No,No,0.6895027675718373,High
5783,Jun,Honda,Policy Holder,No,No,0.8448744014022707,High
5784,Mar,Pontiac,Third Party,No,No,0.0966008236510723,Low
5785,Mar,Pontiac,Policy Holder,No,No,0.7047747413307232,High
5786,Mar,Pontiac,Third Party,No,No,0.010067761086528291,Low
5787,Apr,Saturn,Policy Holder,No,No,0.809640867097841,High
5788,Apr,Dodge,Third Party,No,No,0.039696922732267076,Low
5789,Apr,Honda,Third Party,No,No,0.0037276470228707996,Low
5790,Apr,Honda,Policy Holder,No,No,0.12654065097678527,Low
5791,Apr,Chevrolet,Third Party,No,No,0.07472968502732386,Low
5792,Apr,Honda,Policy Holder,No,No,0.10662069320032277,Low
5793,May,Honda,Policy Holder,No,No,0.13305205289974797,Low
5794,May,Honda,Policy Holder,No,No,0.12295638914369977,Low
5795,Jun,Mazda,Third Party,No,No,0.0585859905193235,Low
5796,Jun,Honda,Policy Holder,No,No,0.47173469097268456,Medium
5797,Jun,Toyota,Policy Holder,No,No,0.6720645006311399,High
5798,Jun,Toyota,Policy Holder,No,No,0.18423243722540025,Low
5799,Aug,Accura,Policy Holder,No,No,0.1060833237108636,Low
5800,Jun,Chevrolet,Third Party,No,No,0.07248795471580735,Low
5801,Jul,Toyota,Policy Holder,No,No,0.6369796944808901,High
5802,Aug,Pontiac,Policy Holder,No,No,0.7048216571634355,High
5803,Sep,Mazda,Policy Holder,No,No,0.686690502359623,High
5804,Sep,Pontiac,Policy Holder,No,No,0.06821025908878539,Low
5805,Sep,Pontiac,Policy Holder,No,No,0.0630373374177507,Low
5806,Oct,Toyota,Policy Holder,No,No,0.12548186949252177,Low
5807,Oct,Honda,Policy Holder,No,No,0.4593119928216177,Medium
5808,Aug,Ford,Third Party,No,No,0.05048128498325497,Low
5809,Nov,Toyota,Policy Holder,No,No,0.07502469762436126,Low
5810,Nov,Toyota,Policy Holder,No,No,0.49761506128318156,Medium
5811,Mar,Honda,Policy Holder,No,No,0.7100788951680159,High
5812,Mar,Honda,Policy Holder,No,No,0.6420305564609963,High
5813,Mar,Honda,Policy Holder,No,No,0.6023194031993938,High
5814,Apr,Mazda,Third Party,No,No,0.06376994134346795,Low
5815,Apr,Toyota,Policy Holder,No,No,0.8463488295810692,High
5816,May,Honda,Policy Holder,No,No,0.1371907041496455,Low
5817,Jul,Pontiac,Policy Holder,No,No,0.5675881855586765,Medium
5818,Jul,Honda,Third Party,No,No,0.039285058440310834,Low
5819,Jul,Toyota,Policy Holder,No,No,0.5195862451069863,Medium
5820,Jul,Mazda,Policy Holder,No,No,0.4976691866688397,Medium
5821,Jul,Chevrolet,Policy Holder,No,No,0.4946741263635567,Medium
5822,Aug,Honda,Third Party,No,No,0.05382580096250192,Low
5823,Oct,Mazda,Policy Holder,No,No,0.6490853342935698,High
5824,Nov,Pontiac,Policy Holder,No,No,0.5352262659218515,Medium
5825,Nov,Pontiac,Policy Holder,No,No,0.46242977134211505,Medium
5826,Nov,Toyota,Policy Holder,No,No,0.045466099054986074,Low
5827,Nov,Pontiac,Policy Holder,No,No,0.07747417277014748,Low
5828,Nov,Pontiac,Policy Holder,No,No,0.5856286932704403,Medium
5829,Nov,Honda,Policy Holder,No,No,0.03306236002207608,Low
5830,Nov,Honda,Third Party,Yes,No,0.040244516479097256,Low
5831,Oct,Toyota,Policy Holder,No,No,0.25210495348330075,Low
5832,Jul,Pontiac,Third Party,No,No,0.06433011019330682,Low
5833,Jul,Pontiac,Policy Holder,No,No,0.6319524812888062,High
5834,Jul,Pontiac,Policy Holder,No,No,0.5889158894500687,Medium
5835,Jul,VW,Policy Holder,No,No,0.011959998501337,Low
5836,Jul,Honda,Policy Holder,No,No,0.7568660357434067,High
5837,Jul,Toyota,Policy Holder,No,No,0.527346278625874,Medium
5838,Jul,Toyota,Third Party,No,No,0.022553272333100133,Low
5839,Aug,Saab,Policy Holder,No,No,0.7709142804610519,High
5840,Jul,Toyota,Third Party,No,No,0.031469022183252905,Low
5841,Jul,Mazda,Policy Holder,No,No,0.47206083763486306,Medium
5842,Jun,Pontiac,Third Party,Yes,No,0.021988552256951687,Low
5843,May,Pontiac,Policy Holder,No,No,0.8105607780741003,High
5844,May,Toyota,Policy Holder,No,No,0.2423024582702011,Low
5845,Aug,Pontiac,Policy Holder,No,No,0.7592360050305405,High
5846,May,Toyota,Third Party,No,No,0.007130336632922613,Low
5847,May,Pontiac,Third Party,No,No,0.06231826999466077,Low
5848,May,Pontiac,Third Party,No,No,0.04381180587631772,Low
5849,May,Mazda,Third Party,No,No,0.04317424712550511,Low
5850,May,Pontiac,Policy Holder,No,No,0.0775988534796911,Low
5851,Apr,Mazda,Policy Holder,No,No,0.16396949611689413,Low
5852,Apr,Pontiac,Policy Holder,No,No,0.6706319917132079,High
5853,Mar,Pontiac,Policy Holder,No,No,0.6328288615473168,High
5854,Mar,Honda,Policy Holder,No,No,0.11610520070760255,Low
5855,Dec,Honda,Policy Holder,No,No,0.11350563423802512,Low
5856,Dec,Ford,Policy Holder,No,No,0.10336369606167803,Low
5857,Aug,Mazda,Policy Holder,No,No,0.8231639822525175,High
5858,Nov,Honda,Policy Holder,No,No,0.3771534859219483,Medium
5859,Nov,Mazda,Third Party,No,No,0.02004775372607687,Low
5860,Nov,Mazda,Policy Holder,No,No,0.368722645985174,Medium
5861,Nov,Chevrolet,Third Party,No,No,0.023359475933983805,Low
5862,Oct,Pontiac,Policy Holder,No,No,0.5655282536987462,Medium
5863,Oct,Honda,Policy Holder,No,No,0.4836048192947581,Medium
5864,Aug,Toyota,Policy Holder,No,No,0.8242631394998939,High
5865,Oct,Toyota,Policy Holder,No,No,0.5871049086184564,Medium
5866,Oct,Toyota,Third Party,No,No,0.7871686397635039,High
5867,Oct,Toyota,Policy Holder,No,No,0.6959072957927446,High
5868,Aug,Pontiac,Third Party,No,No,0.06956478637769024,Low
5869,Sep,Mazda,Policy Holder,No,No,0.04542340202377411,Low
5870,Sep,Pontiac,Third Party,No,No,0.04318659668830067,Low
5871,Sep,Mazda,Policy Holder,No,No,0.6578650342463869,High
5872,Sep,Honda,Third Party,No,No,0.04905754165991767,Low
5873,Sep,Pontiac,Policy Holder,No,No,0.14992819734499166,Low
5874,Sep,Pontiac,Policy Holder,No,No,0.11129747071265457,Low
5875,Sep,Chevrolet,Third Party,Yes,No,0.06750197364068011,Low
5876,Sep,Pontiac,Policy Holder,No,No,0.6533442682304754,High
5877,Aug,Mazda,Policy Holder,No,No,0.6214479625041158,High
5878,Aug,Toyota,Policy Holder,No,No,0.15864815899141926,Low
5879,Jul,Chevrolet,Policy Holder,No,No,0.5363754114829473,Medium
5880,Jul,Mazda,Policy Holder,No,No,0.08324986554727219,Low
5881,Jul,Toyota,Policy Holder,No,No,0.05825785158342791,Low
5882,Jun,Pontiac,Policy Holder,No,No,0.09116072278786756,Low
5883,Jun,Mazda,Third Party,No,No,0.03436288547285676,Low
5884,Jun,Honda,Third Party,No,No,0.07427511760613967,Low
5885,Jun,Accura,Policy Holder,No,No,0.798541842385729,High
5886,Jun,Toyota,Policy Holder,No,No,0.11141985044670305,Low
5887,May,Mazda,Third Party,No,No,0.042993629524100976,Low
5888,May,Pontiac,Policy Holder,No,No,0.12773762906494948,Low
5889,May,Honda,Policy Holder,No,No,0.7274671100119612,High
5890,May,Toyota,Policy Holder,No,No,0.8665795328057736,High
5891,May,Accura,Third Party,No,No,0.009125869150526938,Low
5892,May,Chevrolet,Policy Holder,No,No,0.10200790436944839,Low
5893,May,Chevrolet,Policy Holder,No,No,0.07067334287177954,Low
5894,Apr,Chevrolet,Policy Holder,No,No,0.652280256613578,High
5895,Apr,Mazda,Third Party,No,No,0.03293958353719053,Low
5896,Apr,VW,Policy Holder,No,No,0.026592383116778476,Low
5897,Aug,Honda,Policy Holder,No,No,0.5791124846743911,Medium
5898,Apr,Honda,Third Party,No,No,0.08022401150377258,Low
5899,Apr,Honda,Third Party,No,No,0.18224427598121162,Low
5900,Aug,Chevrolet,Policy Holder,No,No,0.7327762849582667,High
5901,Apr,Pontiac,Policy Holder,No,No,0.6603200101279131,High
5902,Mar,Pontiac,Policy Holder,No,No,0.17111944911792332,Low
5903,Mar,Mazda,Policy Holder,No,No,0.5506468514421415,Medium
5904,Jul,Pontiac,Third Party,No,No,0.08234854359687842,Low
5905,Jul,Chevrolet,Third Party,No,No,0.07580170588056699,Low
5906,Nov,Pontiac,Policy Holder,No,No,0.012425775132380211,Low
5907,Nov,Pontiac,Third Party,No,No,0.0014466408368290814,Low
5908,Aug,Toyota,Policy Holder,No,No,0.7157012732274276,High
5909,Aug,Chevrolet,Policy Holder,No,No,0.6858021186723381,High
5910,Dec,Toyota,Third Party,No,No,0.0023662155880283206,Low
5911,Aug,Mazda,Third Party,No,No,0.1284734909137782,Low
5912,Dec,Honda,Policy Holder,No,No,0.06836865502506558,Low
5913,Jul,Pontiac,Policy Holder,No,No,0.4561370965251215,Medium
5914,Jul,Pontiac,Policy Holder,No,No,0.5188614613944454,Medium
5915,Aug,Pontiac,Policy Holder,No,No,0.7937823925508636,High
5916,Aug,Ford,Policy Holder,No,No,0.641571508728678,High
5917,Dec,Mazda,Policy Holder,No,No,0.9794009255745141,High
5918,Dec,Chevrolet,Policy Holder,No,No,0.46555398755548233,Medium
5919,Aug,Toyota,Policy Holder,No,No,0.36949995168350175,Medium
5920,Aug,Honda,Policy Holder,No,No,0.07192905347722958,Low
5921,Sep,Pontiac,Policy Holder,No,No,0.5637259585198974,Medium
5922,Nov,Toyota,Third Party,No,No,0.07817645096634694,Low
5923,Nov,Toyota,Third Party,No,No,0.017984733274332677,Low
5924,Dec,Honda,Policy Holder,No,No,0.058352174571314766,Low
5925,Jul,Honda,Policy Holder,No,No,0.0666348064574294,Low
5926,Jul,Accura,Policy Holder,No,No,0.10531240991266533,Low
5927,Jun,Pontiac,Policy Holder,No,No,0.8077192906950686,High
5928,Jun,Chevrolet,Policy Holder,No,No,0.5911118627077534,Medium
5929,Sep,Honda,Third Party,No,No,0.047680126832381924,Low
5930,Aug,Honda,Policy Holder,No,No,0.7466567622604579,High
5931,May,Honda,Policy Holder,No,No,0.09805489186659662,Low
5932,Nov,Honda,Policy Holder,No,No,0.03631417383732617,Low
5933,Nov,Accura,Policy Holder,No,No,0.5126985011872666,Medium
5934,Nov,Mazda,Policy Holder,No,No,0.36340219375463667,Medium
5935,Jun,Honda,Policy Holder,No,No,0.5308065712205036,Medium
5936,Jan,Chevrolet,Policy Holder,No,No,0.16035768833667488,Low
5937,Jan,Mazda,Policy Holder,No,No,0.17382593545169278,Low
5938,Feb,Honda,Policy Holder,No,No,0.13919802468686915,Low
5939,Jan,Saab,Policy Holder,No,No,0.6197740187921948,High
5940,Oct,Toyota,Policy Holder,No,No,0.6113745527206484,High
5941,Aug,Ford,Policy Holder,No,No,0.7228482049752776,High
5942,Feb,Ford,Policy Holder,No,No,0.7650151252992856,High
5943,Mar,Chevrolet,Policy Holder,No,No,0.14487204217162092,Low
5944,Mar,Chevrolet,Policy Holder,No,No,0.5615438504538462,Medium
5945,Mar,Honda,Policy Holder,No,No,0.626227677086726,High
5946,Oct,Pontiac,Policy Holder,No,No,0.6906906278859407,High
5947,Oct,Toyota,Policy Holder,No,No,0.722890545216627,High
5948,Oct,Pontiac,Policy Holder,No,No,0.7533735731477296,High
5949,Oct,Pontiac,Policy Holder,No,No,0.08102639562093229,Low
5950,Aug,Mecedes,Third Party,No,No,0.013654102811553579,Low
5951,Jan,Chevrolet,Policy Holder,No,No,0.049512810256092214,Low
5952,Mar,Accura,Policy Holder,No,No,0.7287355933116969,High
5953,Mar,Honda,Policy Holder,No,No,0.6552658824470682,High
5954,Aug,Chevrolet,Third Party,No,No,0.06520895911307735,Low
5955,Jun,Honda,Third Party,No,No,0.0030884618954682167,Low
5956,Apr,Pontiac,Third Party,No,No,0.02496970566920467,Low
5957,Aug,Chevrolet,Policy Holder,No,No,0.1918373953867152,Low
5958,Aug,Pontiac,Policy Holder,Yes,No,0.6878040893492561,High
5959,Oct,Pontiac,Third Party,No,No,0.0006092785491953467,Low
5960,Dec,Mazda,Policy Holder,No,No,0.4896574283180829,Medium
5961,Nov,Mazda,Third Party,Yes,No,0.026840401218473257,Low
5962,Nov,Mazda,Policy Holder,No,No,0.6514457344811849,High
5963,Jun,Pontiac,Policy Holder,No,No,0.7482362291720629,High
5964,Jun,Pontiac,Policy Holder,No,No,0.623882079365861,High
5965,Aug,Mazda,Third Party,No,No,0.13339122180339155,Low
5966,Mar,Accura,Policy Holder,No,No,0.6960302624915896,High
5967,Mar,Pontiac,Policy Holder,No,No,0.6281074124358513,High
5968,Aug,Honda,Policy Holder,No,No,0.9796608991097661,High
5969,Mar,Mazda,Policy Holder,No,No,0.6592613073873369,High
5970,Mar,Mazda,Third Party,No,No,0.043781968138428405,Low
5971,Feb,Mazda,Policy Holder,No,No,0.6045497169072336,High
5972,Feb,Toyota,Policy Holder,No,No,0.6575942868917412,High
5973,Apr,Mazda,Policy Holder,No,No,0.7859091321306682,High
5974,Mar,Pontiac,Policy Holder,No,No,0.18164235079731061,Low
5975,Mar,Toyota,Policy Holder,No,No,0.7829259976138039,High
5976,Mar,Honda,Policy Holder,No,No,0.7776447518405663,High
5977,Mar,Pontiac,Policy Holder,No,No,0.1559573709470749,Low
5978,Aug,Ford,Policy Holder,No,No,0.6185855798041503,High
5979,Mar,Mazda,Third Party,No,No,0.08526183070162972,Low
5980,Aug,Honda,Policy Holder,No,No,0.9273657512889595,High
5981,Feb,Honda,Third Party,No,No,0.029024000492735846,Low
5982,Feb,Chevrolet,Third Party,No,No,0.0541007383042956,Low
5983,Aug,Toyota,Policy Holder,No,No,0.6526548027362841,High
5984,Aug,Toyota,Third Party,No,No,0.0517259926302131,Low
5985,Jan,Honda,Policy Holder,No,No,0.08293651504802088,Low
5986,Aug,Mercury,Third Party,No,No,0.03310214453480631,Low
5987,Dec,Mazda,Policy Holder,No,No,0.07846595580405002,Low
5988,Aug,Mercury,Policy Holder,No,No,0.8070574916278349,High
5989,Jan,Toyota,Policy Holder,No,No,0.657878038156271,High
5990,Jan,Pontiac,Policy Holder,No,No,0.10604322843801237,Low
5991,Nov,Pontiac,Policy Holder,No,No,0.4545466334785294,Medium
5992,Nov,Honda,Third Party,No,No,0.03375927900897525,Low
5993,Nov,Honda,Policy Holder,No,No,0.32939369268480767,Medium
5994,Nov,Chevrolet,Policy Holder,No,No,0.07249243371674315,Low
5995,Nov,Chevrolet,Policy Holder,No,No,0.07193059032921635,Low
5996,Dec,Honda,Policy Holder,No,No,0.6514082700178719,High
5997,Jan,Honda,Policy Holder,No,No,0.08477829554690751,Low
5998,May,Toyota,Policy Holder,No,No,0.7649739879827252,High
5999,May,Toyota,Policy Holder,No,No,0.16547344179446866,Low
6000,May,Mazda,Third Party,No,No,0.0035587186375468025,Low
6001,May,Toyota,Policy Holder,No,No,0.783141169915547,High
6002,Aug,Toyota,Third Party,No,No,0.08310356830865953,Low
6003,May,Chevrolet,Third Party,No,No,0.03716348795991985,Low
6004,Aug,Toyota,Third Party,No,No,0.037252820517500874,Low
6005,Jun,Pontiac,Policy Holder,No,No,0.8221473162358257,High
6006,Jul,Pontiac,Policy Holder,No,No,0.05831483836371211,Low
6007,Aug,Mazda,Third Party,No,No,0.03582457432683007,Low
6008,Aug,Mazda,Policy Holder,No,No,0.7477802218072079,High
6009,Aug,Honda,Policy Holder,No,No,0.6311711174558324,High
6010,Aug,Honda,Policy Holder,No,No,0.09074462088461423,Low
6011,Aug,Ford,Policy Holder,No,No,0.15257247830985965,Low
6012,Sep,Pontiac,Policy Holder,No,No,0.06502894565479533,Low
6013,Oct,Mazda,Policy Holder,No,No,0.5770996684179159,Medium
6014,Oct,Mazda,Policy Holder,No,No,0.47318474915831094,Medium
6015,Nov,Mazda,Policy Holder,No,No,0.05390051561249626,Low
6016,Nov,Toyota,Policy Holder,No,No,0.04433311555798319,Low
6017,Dec,Pontiac,Policy Holder,No,No,0.5971618290597361,Medium
6018,Apr,Toyota,Policy Holder,No,No,0.15356830273474267,Low
6019,Apr,Mazda,Policy Holder,Yes,No,0.7501897882472081,High
6020,May,Pontiac,Policy Holder,No,No,0.07356542336247804,Low
6021,May,Toyota,Policy Holder,No,No,0.1590117938872227,Low
6022,May,Toyota,Policy Holder,No,No,0.7404308280750741,High
6023,May,Toyota,Third Party,No,No,0.04434409348109427,Low
6024,Jun,Mazda,Policy Holder,No,No,0.06439511948677773,Low
6025,Jul,Honda,Policy Holder,No,No,0.34447775638460065,Medium
6026,Jul,Honda,Third Party,No,No,0.030835662276927255,Low
6027,Jul,Toyota,Policy Holder,Yes,No,0.08220483280985844,Low
6028,Jul,Chevrolet,Policy Holder,No,No,0.6851107142987288,High
6029,Aug,Mazda,Policy Holder,No,No,0.5624572215503952,Medium
6030,Aug,Mazda,Policy Holder,No,No,0.5582645321839759,Medium
6031,Aug,Chevrolet,Policy Holder,No,No,0.7030324211147428,High
6032,Aug,Pontiac,Policy Holder,No,No,0.6705990489248013,High
6033,Nov,Pontiac,Policy Holder,No,No,0.048624127094836746,Low
6034,Nov,Honda,Policy Holder,No,No,0.039191029782841204,Low
6035,Aug,Toyota,Policy Holder,No,No,0.798470830130766,High
6036,Nov,Honda,Policy Holder,No,No,0.38187500105246003,Medium
6037,Nov,Chevrolet,Policy Holder,No,No,0.09074152894535291,Low
6038,Nov,Chevrolet,Third Party,No,No,0.034423908896374734,Low
6039,Sep,Chevrolet,Third Party,No,No,0.008606862381926246,Low
6040,Sep,Toyota,Policy Holder,No,No,0.12011041399005444,Low
6041,Aug,Toyota,Third Party,No,No,0.07084496683057499,Low
6042,Aug,Pontiac,Policy Holder,No,No,0.6267076575589886,High
6043,Aug,Chevrolet,Policy Holder,Yes,No,0.12567760586713528,Low
6044,Aug,Accura,Policy Holder,No,No,0.8275028204157572,High
6045,Aug,Toyota,Policy Holder,No,No,0.7155080106214708,High
6046,Jul,Ford,Policy Holder,Yes,No,0.7484885484753924,High
6047,Jun,Mazda,Policy Holder,No,No,0.08471988237299198,Low
6048,Apr,Honda,Third Party,No,No,0.0030932457494221763,Low
6049,Dec,Toyota,Policy Holder,No,No,0.09662955299168276,Low
6050,Dec,Honda,Third Party,No,No,0.03925885994152734,Low
6051,Nov,Toyota,Policy Holder,No,No,0.6075862278000743,High
6052,Nov,Toyota,Third Party,No,No,0.061217472914957514,Low
6053,Nov,Honda,Third Party,No,No,0.015749475537871635,Low
6054,Nov,Pontiac,Policy Holder,No,No,0.42664869666371696,Medium
6055,Nov,Chevrolet,Third Party,No,No,0.04562639662398226,Low
6056,Nov,Ford,Policy Holder,No,No,0.04419960122724052,Low
6057,Oct,Honda,Policy Holder,No,No,0.6648288135200928,High
6058,Oct,Accura,Policy Holder,No,No,0.8657387543125178,High
6059,Sep,Toyota,Policy Holder,No,No,0.06487446498619244,Low
6060,Sep,Accura,Policy Holder,No,No,0.7879373695114237,High
6061,Aug,Chevrolet,Policy Holder,No,No,0.7686444295234317,High
6062,Aug,Toyota,Policy Holder,No,No,0.6634525405039875,High
6063,Aug,Honda,Third Party,No,No,0.004469839754643533,Low
6064,Jul,Toyota,Policy Holder,No,No,0.5536236062973736,Medium
6065,Jul,Honda,Policy Holder,No,No,0.5943340870044823,Medium
6066,Jul,Honda,Policy Holder,No,No,0.04146661058312941,Low
6067,Jul,Toyota,Third Party,No,No,0.019496740989948032,Low
6068,Jul,Pontiac,Policy Holder,No,No,0.5528821847652133,Medium
6069,Jul,Toyota,Policy Holder,No,No,0.05353267488150993,Low
6070,Jul,Ford,Policy Holder,No,No,0.9816388417630664,High
6071,Jun,Nisson,Policy Holder,No,No,0.7560891953345534,High
6072,Jun,Pontiac,Policy Holder,No,No,0.13981166142198762,Low
6073,Sep,Honda,Policy Holder,No,No,0.7783453626027396,High
6074,May,Honda,Policy Holder,No,No,0.09599906926048894,Low
6075,May,Honda,Policy Holder,No,No,0.7667275528519907,High
6076,May,Mazda,Policy Holder,No,No,0.10743488874225882,Low
6077,Feb,Pontiac,Policy Holder,No,No,0.8652055905929292,High
6078,Nov,Honda,Policy Holder,No,No,0.7166696512932389,High
6079,Dec,Honda,Policy Holder,No,No,0.07239106503031895,Low
6080,Dec,Toyota,Third Party,No,No,0.04056412295216845,Low
6081,Dec,Toyota,Policy Holder,No,No,0.7320829748736045,High
6082,Oct,Pontiac,Third Party,No,No,0.05648326697946494,Low
6083,Dec,Honda,Third Party,No,No,0.0014282550986251911,Low
6084,Sep,Mazda,Third Party,No,No,0.04138031416673897,Low
6085,Sep,Honda,Third Party,No,No,0.04989324355137759,Low
6086,Jan,Pontiac,Third Party,No,No,0.07286820149593495,Low
6087,Jan,VW,Policy Holder,No,No,0.32714171822634186,Medium
6088,Sep,Toyota,Policy Holder,No,No,0.7626221874820083,High
6089,Sep,Mazda,Policy Holder,No,No,0.7061539554959375,High
6090,Apr,VW,Policy Holder,No,No,0.354875072994833,Medium
6091,Mar,Mazda,Policy Holder,No,No,0.022170162586598298,Low
6092,Oct,Mazda,Third Party,No,No,0.056146342137778214,Low
6093,Oct,Mercury,Third Party,No,No,0.12710530707657017,Low
6094,Sep,Toyota,Policy Holder,No,No,0.6919351555452535,High
6095,Mar,Pontiac,Third Party,No,No,0.03627425090734057,Low
6096,Mar,Toyota,Policy Holder,Yes,No,0.71184842401315,High
6097,Jun,Accura,Policy Holder,No,No,0.7951543268814132,High
6098,Mar,Honda,Policy Holder,No,No,0.24810193149719725,Low
6099,Jun,Toyota,Policy Holder,No,No,0.6245753590280344,High
6100,Jun,Toyota,Third Party,No,No,0.04520176121505297,Low
6101,Oct,Toyota,Third Party,No,No,0.05609220881443584,Low
6102,Aug,Honda,Policy Holder,No,No,0.5892018228911243,Medium
6103,Dec,Saab,Third Party,No,No,0.09349569300868764,Low
6104,Dec,Mazda,Policy Holder,No,No,0.5471512344687782,Medium
6105,Apr,Pontiac,Third Party,No,No,0.0025432044290209584,Low
6106,Sep,Accura,Policy Holder,No,No,0.6694178067960327,High
6107,Sep,Pontiac,Policy Holder,No,No,0.5237410046768332,Medium
6108,Jun,Chevrolet,Third Party,No,No,0.05616232050454337,Low
6109,Jun,Pontiac,Policy Holder,No,No,0.4070438979224422,Medium
6110,Sep,Mazda,Policy Holder,No,No,0.6234959055157703,High
6111,Jun,Honda,Policy Holder,No,No,0.6021348832803438,High
6112,Jun,Pontiac,Policy Holder,No,No,0.10485270598259404,Low
6113,Sep,Pontiac,Third Party,No,No,0.03110004299125688,Low
6114,Aug,Pontiac,Third Party,No,No,0.1300808342149282,Low
6115,Sep,Chevrolet,Third Party,No,No,0.0441776714271012,Low
6116,Sep,Pontiac,Policy Holder,No,No,0.10672578573279057,Low
6117,Oct,Honda,Policy Holder,No,No,0.018028369364888688,Low
6118,Oct,Honda,Policy Holder,No,No,0.11268243009801747,Low
6119,Sep,Toyota,Policy Holder,No,No,0.6399786808327663,High
6120,Nov,Honda,Policy Holder,No,No,0.017104834475819355,Low
6121,Dec,Pontiac,Third Party,No,No,0.10538186759070106,Low
6122,Nov,Mazda,Policy Holder,No,No,0.05385871723729349,Low
6123,Apr,Toyota,Policy Holder,No,No,0.15809080018462754,Low
6124,Apr,Mazda,Policy Holder,No,No,0.03678215313695855,Low
6125,May,Toyota,Policy Holder,No,No,0.14343184748966684,Low
6126,May,Pontiac,Policy Holder,No,No,0.5851320907557209,Medium
6127,Jun,Toyota,Policy Holder,No,No,0.7245143059525623,High
6128,Jun,Mazda,Policy Holder,No,No,0.6289396832982364,High
6129,Sep,Mazda,Policy Holder,Yes,No,0.603174916058005,High
6130,Jul,VW,Policy Holder,No,No,0.010449875434731996,Low
6131,Oct,Honda,Third Party,No,No,0.002324034076152405,Low
6132,Oct,Pontiac,Policy Holder,No,No,0.5622892879062757,Medium
6133,Sep,Toyota,Policy Holder,No,No,0.5752700369006549,Medium
6134,Sep,Honda,Third Party,No,No,0.05617674564474327,Low
6135,Sep,Saab,Policy Holder,No,No,0.8295864562901939,High
6136,Jul,Mazda,Policy Holder,No,No,0.4842442381345309,Medium
6137,Jul,Toyota,Policy Holder,No,No,0.5027789559349161,Medium
6138,Jul,Pontiac,Policy Holder,No,No,0.08272060315336592,Low
6139,Mar,Mazda,Policy Holder,No,No,0.7243531817505414,High
6140,Mar,Toyota,Policy Holder,No,No,0.13800040743052314,Low
6141,Nov,Chevrolet,Policy Holder,No,No,0.5327534876723452,Medium
6142,Nov,Accura,Policy Holder,No,No,0.5794115949297856,Medium
6143,Nov,Toyota,Policy Holder,No,No,0.07852531934892393,Low
6144,Nov,Toyota,Policy Holder,No,No,0.03598675742714696,Low
6145,Nov,Ford,Policy Holder,No,No,0.5144047515597953,Medium
6146,Sep,Mazda,Policy Holder,No,No,0.7324060268460366,High
6147,Oct,Honda,Policy Holder,No,No,0.07182761675658902,Low
6148,Oct,Toyota,Policy Holder,No,No,0.7554673649950975,High
6149,Sep,Pontiac,Policy Holder,No,No,0.6507529274508707,High
6150,Sep,Honda,Policy Holder,No,No,0.9139865227080461,High
6151,Jul,Toyota,Policy Holder,No,No,0.7334136603349054,High
6152,Jun,Toyota,Policy Holder,No,No,0.7793374722081153,High
6153,Jun,Honda,Policy Holder,No,No,0.6664998629125181,High
6154,Jun,Chevrolet,Policy Holder,No,No,0.7327311543452938,High
6155,Jun,Toyota,Third Party,No,No,0.08560952468970309,Low
6156,Jun,Pontiac,Third Party,No,No,0.0037686283440427526,Low
6157,Sep,Saab,Policy Holder,No,No,0.875854329814839,High
6158,May,Pontiac,Third Party,No,No,0.07225277498218921,Low
6159,May,Pontiac,Third Party,No,No,0.06524257849632834,Low
6160,May,Toyota,Policy Holder,No,No,0.6970724494374586,High
6161,Apr,Honda,Policy Holder,No,No,0.5476569948835717,Medium
6162,Apr,Toyota,Policy Holder,No,No,0.7515251387169682,High
6163,Apr,Chevrolet,Policy Holder,No,No,0.08686138385677768,Low
6164,Mar,Mazda,Third Party,No,No,0.09403959222491949,Low
6165,Mar,Chevrolet,Third Party,No,No,0.12172760405394835,Low
6166,Sep,Honda,Policy Holder,No,No,0.5822671036420879,Medium
6167,Dec,Mazda,Policy Holder,No,No,0.07195597111492262,Low
6168,Aug,Mazda,Policy Holder,No,No,0.0827551809322347,Low
6169,Sep,Honda,Third Party,No,No,0.006105001526767894,Low
6170,Sep,Pontiac,Third Party,No,No,0.0008778380108696808,Low
6171,Feb,Pontiac,Policy Holder,No,No,0.054854684432321985,Low
6172,Jun,Toyota,Third Party,No,No,0.7313825825620641,High
6173,Jun,Pontiac,Policy Holder,No,No,0.7345519932081785,High
6174,Jun,Mazda,Policy Holder,No,No,0.08307910172649731,Low
6175,Mar,Toyota,Policy Holder,No,No,0.0990002573842379,Low
6176,Mar,Toyota,Policy Holder,No,No,0.14922449241264255,Low
6177,Mar,Mazda,Policy Holder,No,No,0.10490460265181074,Low
6178,Sep,Honda,Policy Holder,No,No,0.7877530173452442,High
6179,Oct,Toyota,Third Party,No,No,0.0034171784678722183,Low
6180,Apr,Honda,Third Party,No,No,0.005355144277998797,Low
6181,Mar,Pontiac,Policy Holder,No,No,0.08351168674938955,Low
6182,Mar,Pontiac,Policy Holder,No,No,0.5381582500283455,Medium
6183,Feb,Mazda,Policy Holder,No,No,0.10158551565393956,Low
6184,Sep,Toyota,Policy Holder,No,No,0.7816800697030274,High
6185,Sep,Honda,Policy Holder,No,No,0.6256612756324401,High
6186,Nov,Pontiac,Third Party,No,No,0.030899713853394996,Low
6187,Nov,Pontiac,Policy Holder,No,No,0.41299108335286017,Medium
6188,Nov,Pontiac,Third Party,No,No,0.028056545582344224,Low
6189,Dec,VW,Policy Holder,No,No,0.03870574877666403,Low
6190,Mar,Pontiac,Policy Holder,No,No,0.10303909175058029,Low
6191,Aug,Pontiac,Third Party,No,No,0.04001934544559046,Low
6192,Aug,Pontiac,Policy Holder,No,No,0.6575622950076601,High
6193,Aug,Toyota,Third Party,No,No,0.07100205448247685,Low
6194,Aug,Mazda,Policy Holder,No,No,0.586820347914113,Medium
6195,Aug,Toyota,Policy Holder,No,No,0.061291891356096535,Low
6196,Sep,Pontiac,Policy Holder,No,No,0.06829128341970621,Low
6197,Nov,Toyota,Third Party,No,No,0.02736937052679845,Low
6198,Dec,Ford,Policy Holder,No,No,0.5418765802770471,Medium
6199,Dec,Mazda,Policy Holder,No,No,0.6802490148241306,High
6200,Dec,Mazda,Third Party,No,No,0.023182891857592113,Low
6201,Dec,Pontiac,Policy Holder,No,No,0.1338093123940913,Low
6202,Sep,Pontiac,Third Party,No,No,0.05340390431922858,Low
6203,Dec,Honda,Policy Holder,No,No,0.5088937371832873,Medium
6204,Dec,Chevrolet,Policy Holder,No,No,0.6121451223480248,High
6205,Oct,Pontiac,Third Party,No,No,0.01820797365131,Low
6206,Oct,Pontiac,Policy Holder,No,No,0.5350343474233742,Medium
6207,Sep,Pontiac,Policy Holder,No,No,0.5625650079926868,Medium
6208,Sep,Accura,Policy Holder,No,No,0.7763162680609115,High
6209,Sep,Mazda,Policy Holder,No,No,0.6109372351936033,High
6210,Aug,Pontiac,Policy Holder,No,No,0.6100683929312748,High
6211,Aug,Mazda,Policy Holder,No,No,0.024109175556174707,Low
6212,Mar,Toyota,Third Party,Yes,No,0.22295874808460855,Low
6213,Feb,Honda,Policy Holder,No,No,0.11002219625044322,Low
6214,Dec,Honda,Third Party,No,No,0.019545562741883543,Low
6215,Dec,Toyota,Policy Holder,No,No,0.683971323319102,High
6216,Dec,Chevrolet,Policy Holder,No,No,0.19175586137745138,Low
6217,Nov,Toyota,Third Party,No,No,0.001415631296763031,Low
6218,Sep,Toyota,Third Party,No,No,0.030637092031403454,Low
6219,Jun,Chevrolet,Policy Holder,No,No,0.7438889365731064,High
6220,Feb,Toyota,Policy Holder,No,No,0.8152998564619834,High
6221,Jan,Toyota,Policy Holder,No,No,0.5356179325054019,Medium
6222,Jan,Honda,Policy Holder,No,No,0.09556766293216629,Low
6223,Jan,Honda,Policy Holder,No,No,0.8949439603622756,High
6224,Feb,Honda,Policy Holder,No,No,0.24441551315192114,Low
6225,Feb,Pontiac,Policy Holder,No,No,0.13412962304239148,Low
6226,Mar,Mazda,Policy Holder,No,No,0.07458298503110036,Low
6227,Oct,Pontiac,Policy Holder,No,No,0.09414163159291328,Low
6228,Apr,Mazda,Policy Holder,No,No,0.14335079130617157,Low
6229,Jan,Toyota,Third Party,No,No,0.05469343192014663,Low
6230,Jan,Pontiac,Policy Holder,No,No,0.54736220105476,Medium
6231,Feb,Mazda,Policy Holder,No,No,0.5421228847585734,Medium
6232,Apr,Mazda,Third Party,No,No,0.03827042962717842,Low
6233,Oct,Chevrolet,Policy Holder,No,No,0.6708812485679772,High
6234,Oct,Chevrolet,Policy Holder,No,No,0.06851183907985661,Low
6235,Nov,Pontiac,Policy Holder,No,No,0.4732033368600178,Medium
6236,Nov,Accura,Policy Holder,No,No,0.6809762560610929,High
6237,Sep,Ford,Third Party,No,No,0.12628059755374835,Low
6238,Mar,Pontiac,Policy Holder,No,No,0.6932605934116769,High
6239,Mar,Pontiac,Third Party,Yes,Yes,0.056740373572299385,Low
6240,Apr,Ford,Policy Holder,No,No,0.8246902475905254,High
6241,Apr,Chevrolet,Third Party,No,No,0.07122508290997563,Low
6242,Apr,Honda,Policy Holder,No,No,0.08710021456350878,Low
6243,May,Toyota,Policy Holder,No,No,0.760018955728084,High
6244,May,Chevrolet,Third Party,No,No,0.14220395388040571,Low
6245,Sep,Mazda,Third Party,No,No,0.043749429953486844,Low
6246,Jun,Toyota,Policy Holder,No,No,0.12626887173154847,Low
6247,Jun,Mazda,Policy Holder,No,No,0.7465542029898952,High
6248,Jun,Pontiac,Policy Holder,No,No,0.1591207434524668,Low
6249,Sep,Toyota,Policy Holder,No,No,0.12932225063247732,Low
6250,Sep,Pontiac,Policy Holder,No,No,0.12647378280109595,Low
6251,Oct,Pontiac,Third Party,No,No,0.055326783168585345,Low
6252,Oct,Chevrolet,Policy Holder,No,No,0.730926345440274,High
6253,Nov,Chevrolet,Policy Holder,No,No,0.04886430787268842,Low
6254,Oct,Honda,Policy Holder,No,No,0.6304258473092361,High
6255,Nov,Mazda,Policy Holder,No,No,0.5240694829743152,Medium
6256,Nov,Mazda,Third Party,No,No,0.07686686045841203,Low
6257,Apr,Accura,Policy Holder,No,No,0.6573972201188609,High
6258,Jun,Honda,Policy Holder,No,No,0.10849012541089363,Low
6259,May,Honda,Policy Holder,No,No,0.5220018330197223,Medium
6260,Sep,Honda,Policy Holder,No,No,0.11489841155588414,Low
6261,Nov,Pontiac,Third Party,No,No,0.041923461800625984,Low
6262,Jan,Chevrolet,Policy Holder,No,No,0.13637384641782152,Low
6263,May,Toyota,Policy Holder,No,No,0.17450972081099078,Low
6264,Jun,Mercury,Policy Holder,No,No,0.7419127216092312,High
6265,Jul,Pontiac,Policy Holder,No,No,0.49432134250158133,Medium
6266,Aug,Toyota,Third Party,No,No,0.07763389821646006,Low
6267,Jul,Honda,Policy Holder,No,No,0.04657516497260063,Low
6268,Nov,Mazda,Policy Holder,No,No,0.4142265213084572,Medium
6269,Sep,Pontiac,Policy Holder,No,No,0.779885639410936,High
6270,Dec,Ford,Policy Holder,No,No,0.7165907527257896,High
6271,Nov,Pontiac,Policy Holder,Yes,Yes,0.4048714952867551,Medium
6272,Nov,Honda,Third Party,No,No,0.08221034690288977,Low
6273,Dec,Pontiac,Policy Holder,No,No,0.6043406974038691,High
6274,May,Honda,Policy Holder,No,No,0.8900886848650128,High
6275,Sep,BMW,Third Party,No,No,0.027885189988873026,Low
6276,Aug,Mazda,Policy Holder,No,No,0.07979249961344757,Low
6277,Aug,Honda,Third Party,No,No,0.002109688556209026,Low
6278,Aug,Mercury,Policy Holder,No,No,0.7393485425605943,High
6279,Sep,Accura,Policy Holder,No,No,0.7934746639524275,High
6280,Sep,Pontiac,Policy Holder,No,No,0.1744256677041039,Low
6281,Sep,Accura,Policy Holder,No,No,0.07807280709791545,Low
6282,Oct,Honda,Policy Holder,No,No,0.09849836142939238,Low
6283,Oct,Pontiac,Policy Holder,No,No,0.06910603819104016,Low
6284,Aug,VW,Policy Holder,No,No,0.004602116511304051,Low
6285,Sep,Mercury,Third Party,No,No,0.060025267272827934,Low
6286,Aug,Honda,Policy Holder,No,No,0.766109154205279,High
6287,Aug,Accura,Policy Holder,No,No,0.7924246854618096,High
6288,Aug,Chevrolet,Third Party,No,No,0.002880718069502451,Low
6289,Aug,Honda,Policy Holder,No,No,0.10884950868423703,Low
6290,Jul,Pontiac,Third Party,No,No,0.027767146044767595,Low
6291,Jul,Ford,Policy Holder,No,No,0.7394761771105025,High
6292,Jun,Toyota,Third Party,No,No,0.08313645553087126,Low
6293,Apr,Toyota,Policy Holder,No,No,0.6557911760450172,High
6294,Sep,Mazda,Policy Holder,No,No,0.7775466297611756,High
6295,Dec,Pontiac,Policy Holder,No,No,0.05245665624674071,Low
6296,Dec,Mazda,Policy Holder,No,No,0.7834222511943822,High
6297,Nov,Pontiac,Policy Holder,No,No,0.27894505386132007,Low
6298,Nov,Pontiac,Policy Holder,No,No,0.0959119198888646,Low
6299,Nov,Chevrolet,Policy Holder,No,No,0.06399585973677009,Low
6300,Oct,Mazda,Policy Holder,No,No,0.6195171044025326,High
6301,Sep,Toyota,Policy Holder,No,No,0.09416529705104815,Low
6302,Sep,Pontiac,Policy Holder,No,No,0.6916757799158424,High
6303,Aug,Chevrolet,Policy Holder,No,No,0.16403919183744128,Low
6304,Aug,Chevrolet,Policy Holder,No,No,0.17274315731366058,Low
6305,Aug,Mazda,Third Party,No,No,0.03055219989698821,Low
6306,Sep,Pontiac,Third Party,No,No,0.05370004232311481,Low
6307,Jul,Saab,Policy Holder,No,No,0.6860644708987264,High
6308,Jul,Mazda,Policy Holder,No,No,0.08764884720681924,Low
6309,Jul,Chevrolet,Policy Holder,No,No,0.07118887543769957,Low
6310,Jul,Pontiac,Third Party,No,No,0.04378783828010702,Low
6311,Jul,VW,Third Party,No,No,0.0006135796686758525,Low
6312,May,Toyota,Policy Holder,No,No,0.2714123511017669,Low
6313,Mar,Saab,Policy Holder,No,No,0.84327390662592,High
6314,Feb,Honda,Policy Holder,No,No,0.09114853039238198,Low
6315,Aug,Accura,Policy Holder,No,No,0.7227173384709605,High
6316,Jan,Pontiac,Policy Holder,No,No,0.08718976660154318,Low
6317,Jan,Toyota,Policy Holder,No,No,0.7366062689883821,High
6318,Feb,Ford,Policy Holder,No,No,0.10480802025990156,Low
6319,Mar,Mazda,Third Party,No,No,0.03625023017921301,Low
6320,Nov,Toyota,Policy Holder,No,No,0.04612505516866824,Low
6321,Jul,Pontiac,Policy Holder,No,No,0.04662328315908136,Low
6322,Jul,Mazda,Third Party,No,No,0.08403504273725453,Low
6323,Apr,Mazda,Policy Holder,No,No,0.8423447650071779,High
6324,Apr,Mazda,Policy Holder,Yes,No,0.48820548100724337,Medium
6325,Apr,Mazda,Policy Holder,No,No,0.9940370792661795,High
6326,Dec,Pontiac,Policy Holder,No,No,0.6762611533088104,High
6327,Dec,Pontiac,Policy Holder,No,No,0.5555894353853805,Medium
6328,Dec,Chevrolet,Third Party,No,No,0.0037208022310148193,Low
6329,Oct,Chevrolet,Policy Holder,No,No,0.6584989773574403,High
6330,Oct,Honda,Policy Holder,No,No,0.7258873150953994,High
6331,Sep,Toyota,Policy Holder,No,No,0.7865289488170591,High
6332,Sep,Mazda,Policy Holder,Yes,No,0.7242071387636763,High
6333,Jul,Pontiac,Policy Holder,No,No,0.7612624030300537,High
6334,Jul,Pontiac,Policy Holder,No,No,0.6136278415505532,High
6335,Jul,Honda,Policy Holder,No,No,0.4628819293069135,Medium
6336,May,Mazda,Policy Holder,No,No,0.10058775902630342,Low
6337,Apr,Chevrolet,Policy Holder,No,No,0.6725444138851279,High
6338,Apr,Toyota,Policy Holder,No,No,0.8397071636160784,High
6339,Mar,Chevrolet,Third Party,No,No,0.049699053466349445,Low
6340,Jan,Mazda,Policy Holder,No,No,0.5744172005884414,Medium
6341,Dec,Pontiac,Policy Holder,No,No,0.5236111356154614,Medium
6342,Oct,Honda,Policy Holder,No,No,0.10718608413737832,Low
6343,Jan,Honda,Policy Holder,No,No,0.7301693963380663,High
6344,Feb,Mazda,Policy Holder,No,No,0.12369949567619098,Low
6345,Mar,Ford,Third Party,No,No,0.06964313535108323,Low
6346,Apr,Chevrolet,Policy Holder,No,No,0.7153021849430128,High
6347,Apr,Honda,Third Party,No,No,0.00703938699490062,Low
6348,Aug,Honda,Policy Holder,No,No,0.06009486747631912,Low
6349,Dec,Pontiac,Policy Holder,No,No,0.5025502167458482,Medium
6350,Apr,Honda,Policy Holder,No,No,0.5941540136148609,Medium
6351,Apr,Chevrolet,Policy Holder,No,No,0.7032558213672977,High
6352,Jul,Honda,Third Party,No,No,0.001168137349253874,Low
6353,Sep,Mazda,Policy Holder,No,No,0.09170417266326511,Low
6354,Dec,Toyota,Third Party,No,No,0.044679528397809476,Low
6355,Dec,Chevrolet,Policy Holder,No,No,0.5787099139859603,Medium
6356,Dec,Chevrolet,Third Party,No,No,0.054951613017316235,Low
6357,Dec,Ford,Policy Holder,No,No,0.13132846970204504,Low
6358,Dec,Mazda,Policy Holder,No,No,0.5456410582480222,Medium
6359,Dec,Pontiac,Third Party,Yes,No,0.02377009769498238,Low
6360,Dec,Mazda,Policy Holder,No,No,0.3643263862852283,Medium
6361,Sep,Mercury,Policy Holder,No,No,0.7774619407861946,High
6362,Nov,Honda,Policy Holder,No,No,0.8225340134899316,High
6363,Nov,Pontiac,Policy Holder,No,No,0.41158927378385424,Medium
6364,Jul,Pontiac,Policy Holder,No,No,0.055973799064971706,Low
6365,Apr,Pontiac,Policy Holder,No,No,0.7869119162827858,High
6366,Sep,Pontiac,Third Party,No,No,0.028127722415384446,Low
6367,Feb,Toyota,Third Party,Yes,No,0.06759898656462521,Low
6368,Dec,Pontiac,Policy Holder,No,No,0.6153787371251354,High
6369,Dec,Mazda,Policy Holder,No,No,0.12337174842294021,Low
6370,Jun,Chevrolet,Policy Holder,No,No,0.10285299912972584,Low
6371,Apr,Pontiac,Third Party,No,No,0.07985989382152739,Low
6372,Mar,Chevrolet,Policy Holder,No,No,0.7354324719617682,High
6373,Feb,Toyota,Third Party,No,No,0.04539826770195024,Low
6374,Feb,Chevrolet,Policy Holder,No,No,0.11433636280224645,Low
6375,Jun,Pontiac,Third Party,No,No,0.06036799875259597,Low
6376,Jun,Toyota,Policy Holder,No,No,0.9909559772699653,High
6377,Apr,Honda,Policy Holder,No,No,0.7134436416604388,High
6378,May,Honda,Policy Holder,No,No,0.7156133640215666,High
6379,May,Pontiac,Policy Holder,No,No,0.6889700001972524,High
6380,May,Mazda,Third Party,No,Yes,0.09975361066190938,Low
6381,May,Mazda,Third Party,No,No,0.05773483119822698,Low
6382,May,Dodge,Policy Holder,No,No,0.0633313421017259,Low
6383,Jun,Accura,Policy Holder,No,No,0.6719754773396606,High
6384,Aug,Honda,Third Party,No,No,0.0025413958466559998,Low
6385,Jul,Mazda,Policy Holder,No,No,0.047709242952381783,Low
6386,Sep,Chevrolet,Policy Holder,No,No,0.10066671761441894,Low
6387,Sep,Chevrolet,Policy Holder,No,No,0.5970528909142329,Medium
6388,Oct,Accura,Policy Holder,No,No,0.1395411757641354,Low
6389,Apr,Toyota,Policy Holder,No,No,0.11661066915162095,Low
6390,Apr,Mazda,Third Party,No,No,0.022689489132125804,Low
6391,May,Pontiac,Policy Holder,No,No,0.12685645276760757,Low
6392,Sep,Chevrolet,Policy Holder,No,No,0.6095336358675546,High
6393,Nov,Honda,Policy Holder,No,No,0.04225651638100777,Low
6394,Dec,Toyota,Third Party,No,No,0.080541266212452,Low
6395,Jan,Toyota,Policy Holder,No,No,0.17350764598550802,Low
6396,Sep,Honda,Third Party,No,No,0.03655619022086289,Low
6397,Sep,Honda,Third Party,No,No,0.0876499319172739,Low
6398,May,Honda,Policy Holder,No,No,0.6685333124458415,High
6399,Sep,Toyota,Policy Holder,No,No,0.6695585293034149,High
6400,May,Honda,Policy Holder,No,No,0.12662327444730886,Low
6401,Jul,Pontiac,Third Party,No,No,0.03970986732857745,Low
6402,Jul,Pontiac,Policy Holder,No,No,0.4623605461516033,Medium
6403,Jul,Chevrolet,Policy Holder,No,No,0.5371346318905786,Medium
6404,Jul,Chevrolet,Policy Holder,No,No,0.0583212022420878,Low
6405,Jul,Toyota,Third Party,No,No,0.0391426779324909,Low
6406,Aug,Chevrolet,Policy Holder,No,No,0.12895791436128917,Low
6407,Aug,Pontiac,Policy Holder,No,No,0.15188971769970902,Low
6408,Aug,Mazda,Policy Holder,No,No,0.7002391431558473,High
6409,Oct,Pontiac,Policy Holder,No,No,0.06521549502232349,Low
6410,Sep,Pontiac,Third Party,No,No,0.04691041160403094,Low
6411,Feb,Pontiac,Policy Holder,No,No,0.0898254585511656,Low
6412,Sep,Ford,Third Party,No,No,0.05055783104750681,Low
6413,Apr,Pontiac,Third Party,No,No,0.058436306370522,Low
6414,Apr,Mazda,Policy Holder,No,No,0.6940973176967611,High
6415,Jul,Mazda,Policy Holder,No,No,0.05003012711398997,Low
6416,Oct,Toyota,Policy Holder,No,No,0.14414335614366083,Low
6417,Oct,Honda,Policy Holder,No,No,0.07333035923776413,Low
6418,Sep,Toyota,Third Party,No,No,0.0006625318176577584,Low
6419,Mar,Honda,Policy Holder,No,No,0.7334305137907332,High
6420,Dec,Pontiac,Policy Holder,No,No,0.7182302473304946,High
6421,Dec,Mazda,Policy Holder,Yes,No,0.6313664752955197,High
6422,Mar,Mercury,Policy Holder,No,No,0.8332724707468965,High
6423,Mar,Pontiac,Third Party,No,No,0.03287935741435039,Low
6424,Oct,Mazda,Policy Holder,No,No,0.6561186371076485,High
6425,Dec,Pontiac,Third Party,No,Yes,0.0347237302737415,Low
6426,Dec,Mazda,Policy Holder,No,No,0.5162173178509956,Medium
6427,Dec,Mazda,Policy Holder,No,No,0.738335879054373,High
6428,Sep,Accura,Third Party,No,No,0.07259469621243052,Low
6429,Dec,Toyota,Third Party,No,No,0.05757096098970295,Low
6430,Nov,Toyota,Third Party,No,No,0.04149536322858396,Low
6431,Sep,Toyota,Policy Holder,No,No,0.6598629000900985,High
6432,Sep,Toyota,Policy Holder,No,No,0.7445313414818868,High
6433,Sep,Saab,Third Party,No,No,0.19819659162629216,Low
6434,Sep,Toyota,Policy Holder,No,No,0.7679437250573032,High
6435,Aug,Mazda,Policy Holder,No,No,0.5928728704853724,Medium
6436,Aug,Pontiac,Policy Holder,No,No,0.5644400642820264,Medium
6437,Sep,Mazda,Policy Holder,No,No,0.6947697917453663,High
6438,Sep,Honda,Policy Holder,No,No,0.6454021067334911,High
6439,Sep,Mazda,Third Party,No,No,0.002186079457906061,Low
6440,Jun,Honda,Third Party,No,No,0.06094058581428673,Low
6441,Nov,Honda,Third Party,No,No,0.04155290598780943,Low
6442,Nov,Chevrolet,Policy Holder,No,No,0.0588013631668128,Low
6443,Sep,Chevrolet,Third Party,No,No,0.003513920114847421,Low
6444,Sep,VW,Policy Holder,No,No,0.014265324944774465,Low
6445,Sep,Toyota,Policy Holder,No,No,0.6397271884455404,High
6446,Sep,Pontiac,Policy Holder,No,No,0.498766574586972,Medium
6447,May,Mazda,Policy Holder,No,No,0.689417929411436,High
6448,May,Honda,Policy Holder,No,No,0.07301970620002002,Low
6449,Apr,Toyota,Policy Holder,No,No,0.14247986833860432,Low
6450,Apr,Chevrolet,Policy Holder,No,No,0.12411572613116331,Low
6451,Sep,Chevrolet,Policy Holder,No,No,0.13044620497678136,Low
6452,Dec,Pontiac,Policy Holder,No,No,0.06989608431365193,Low
6453,Dec,Mazda,Policy Holder,No,No,0.6124153562141792,High
6454,Nov,Dodge,Policy Holder,No,No,0.027014212054688173,Low
6455,Sep,Pontiac,Policy Holder,No,No,0.7290340500155672,High
6456,Sep,Honda,Policy Holder,No,No,0.6004374962716045,High
6457,Sep,Pontiac,Policy Holder,No,No,0.057588527993783584,Low
6458,Aug,Pontiac,Policy Holder,No,No,0.13494195536862666,Low
6459,Jun,Toyota,Third Party,No,No,0.00426335770241012,Low
6460,Oct,Honda,Policy Holder,No,No,0.11611217894714682,Low
6461,May,Toyota,Third Party,No,No,0.003105807350141175,Low
6462,Sep,Mazda,Third Party,No,No,0.2156545660997995,Low
6463,Apr,Chevrolet,Third Party,No,No,0.057062917528495474,Low
6464,Dec,Toyota,Third Party,No,No,0.0028267265131935327,Low
6465,Dec,Honda,Policy Holder,No,No,0.5432160417956007,Medium
6466,Dec,Chevrolet,Third Party,No,No,0.0028673326667930966,Low
6467,Dec,Chevrolet,Policy Holder,No,No,0.12254716904214911,Low
6468,Sep,Toyota,Policy Holder,No,No,0.13047718679023124,Low
6469,Aug,Pontiac,Policy Holder,No,No,0.716697709609513,High
6470,Aug,Toyota,Policy Holder,No,No,0.09562491807621988,Low
6471,Apr,Mazda,Policy Holder,No,No,0.15245314411064606,Low
6472,Apr,Honda,Policy Holder,No,No,0.8276205850446319,High
6473,Apr,VW,Third Party,No,No,0.01521377120001706,Low
6474,Sep,Mazda,Third Party,No,No,0.0449491003158869,Low
6475,Apr,Pontiac,Third Party,No,No,0.05941162593917496,Low
6476,May,Mazda,Third Party,No,No,0.06593088082233559,Low
6477,Jun,Honda,Policy Holder,No,No,0.723578798885139,High
6478,Aug,Toyota,Policy Holder,No,No,0.9827584661182779,High
6479,Aug,Pontiac,Third Party,No,No,0.05010031007209281,Low
6480,Dec,Toyota,Policy Holder,No,No,0.6208594238365579,High
6481,Dec,Mazda,Policy Holder,No,No,0.558452989199137,Medium
6482,Apr,Pontiac,Policy Holder,No,No,0.6529218056323823,High
6483,Apr,Toyota,Policy Holder,No,No,0.08851004628950981,Low
6484,Jun,Mazda,Policy Holder,No,No,0.7355133712675476,High
6485,Jul,Toyota,Policy Holder,No,No,0.5580599929191606,Medium
6486,Oct,Toyota,Third Party,No,No,0.08202180166371305,Low
6487,Dec,Dodge,Third Party,No,No,0.012973828919163924,Low
6488,Dec,VW,Policy Holder,Yes,No,0.14985495878605418,Low
6489,Dec,Pontiac,Policy Holder,No,No,0.5618524752876338,Medium
6490,Dec,Pontiac,Policy Holder,No,No,0.5787599997802896,Medium
6491,Nov,Mazda,Policy Holder,No,No,0.4284995074845687,Medium
6492,Nov,Honda,Policy Holder,No,No,0.08782162579198906,Low
6493,Nov,Toyota,Policy Holder,No,No,0.39104189374676035,Medium
6494,Aug,Chevrolet,Policy Holder,Yes,No,0.7346011518029658,High
6495,Aug,Chevrolet,Policy Holder,No,No,0.576449949469615,Medium
6496,Jul,Pontiac,Third Party,No,No,0.0020500168587942696,Low
6497,Jul,Toyota,Policy Holder,No,No,0.13392820746223516,Low
6498,Jun,Honda,Policy Holder,No,No,0.09378417880195486,Low
6499,Mar,Chevrolet,Policy Holder,Yes,No,0.8052607675627633,High
6500,Mar,Pontiac,Policy Holder,No,No,0.12315216278180512,Low
6501,Dec,Pontiac,Third Party,No,No,0.00968727049323862,Low
6502,Nov,Honda,Policy Holder,No,No,0.33501734941137445,Medium
6503,Oct,Accura,Policy Holder,No,No,0.8560666863965052,High
6504,Oct,Saab,Policy Holder,No,No,0.7364482869594785,High
6505,Sep,Toyota,Policy Holder,No,No,0.16476431986115825,Low
6506,Sep,Pontiac,Third Party,No,No,0.05696928690911781,Low
6507,Aug,Pontiac,Policy Holder,No,No,0.15480066318801275,Low
6508,Aug,Pontiac,Third Party,No,No,0.02159210996159711,Low
6509,Aug,Pontiac,Third Party,No,No,0.03829370648650349,Low
6510,Jul,Chevrolet,Third Party,No,No,0.035452742020144035,Low
6511,Jun,Chevrolet,Policy Holder,No,No,0.7811090713403043,High
6512,Jun,Pontiac,Policy Holder,No,No,0.15849636474967915,Low
6513,May,Pontiac,Policy Holder,No,No,0.6956626730354246,High
6514,May,Toyota,Policy Holder,No,No,0.7837745830258492,High
6515,Mar,Chevrolet,Policy Holder,No,No,0.17619898608068493,Low
6516,Dec,Mazda,Third Party,No,No,0.025245190100597666,Low
6517,Mar,Chevrolet,Policy Holder,No,No,0.19020256359707544,Low
6518,Sep,Mazda,Policy Holder,No,No,0.6184628855164208,High
6519,Sep,Pontiac,Policy Holder,No,No,0.05484798916338549,Low
6520,Sep,Pontiac,Policy Holder,No,No,0.6398778172733111,High
6521,May,Toyota,Policy Holder,No,No,0.24433833685820314,Low
6522,Oct,Toyota,Policy Holder,No,No,0.17185432784102866,Low
6523,Jan,Toyota,Policy Holder,No,No,0.1092771101079494,Low
6524,Jul,Pontiac,Third Party,No,No,0.018887908043818503,Low
6525,Jul,Chevrolet,Policy Holder,No,No,0.5408037186572197,Medium
6526,Sep,Toyota,Policy Holder,No,No,0.7433941200320721,High
6527,Jul,Chevrolet,Policy Holder,No,No,0.07934052280019067,Low
6528,Aug,Toyota,Policy Holder,No,No,0.7971040519977679,High
6529,Sep,Toyota,Policy Holder,No,No,0.7985336692082017,High
6530,Sep,VW,Policy Holder,No,No,0.338593875471153,Medium
6531,Sep,Pontiac,Policy Holder,No,No,0.7139740141598487,High
6532,Nov,Honda,Third Party,Yes,Yes,0.0009463072625933976,Low
6533,Nov,Chevrolet,Policy Holder,No,No,0.06732697739548582,Low
6534,Nov,Pontiac,Policy Holder,No,No,0.5609949044952739,Medium
6535,Sep,Toyota,Policy Holder,No,No,0.6303310305387565,High
6536,Oct,Ford,Policy Holder,No,No,0.5701017557459988,Medium
6537,Mar,Honda,Policy Holder,No,No,0.6938712531061861,High
6538,Sep,Pontiac,Third Party,No,No,0.023446220481594535,Low
6539,Dec,Toyota,Policy Holder,No,No,0.5599753855118643,Medium
6540,Dec,Pontiac,Policy Holder,No,No,0.03904504579711347,Low
6541,Aug,Pontiac,Policy Holder,No,No,0.589774812860692,Medium
6542,Sep,Accura,Policy Holder,No,No,0.7915124019570714,High
6543,Oct,Pontiac,Third Party,No,No,0.028177158852737326,Low
6544,Sep,Accura,Policy Holder,No,No,0.8318090978692632,High
6545,Oct,Toyota,Third Party,No,No,0.03060193301263595,Low
6546,Mar,Mazda,Policy Holder,No,No,0.6561041738941094,High
6547,Jun,Mazda,Policy Holder,No,No,0.11001114562978635,Low
6548,Apr,Chevrolet,Policy Holder,No,No,0.19895127230443826,Low
6549,Apr,Mazda,Policy Holder,No,No,0.7601837631616029,High
6550,Aug,Chevrolet,Third Party,No,No,0.030009533039681246,Low
6551,Jul,Mazda,Policy Holder,No,No,0.0896644258270047,Low
6552,Mar,Pontiac,Policy Holder,No,No,0.10107366005606092,Low
6553,Jul,Pontiac,Third Party,No,No,0.003075488966409252,Low
6554,Nov,Chevrolet,Third Party,No,No,0.024782036210028245,Low
6555,Nov,Toyota,Third Party,No,No,0.0015852470477723517,Low
6556,Nov,Toyota,Policy Holder,No,No,0.5705282996072435,Medium
6557,Dec,Honda,Policy Holder,No,No,0.5696134692518895,Medium
6558,Nov,Mazda,Policy Holder,No,No,0.019919576016937134,Low
6559,Mar,Mazda,Policy Holder,No,No,0.2441563862236443,Low
6560,Jan,Honda,Third Party,No,No,0.018855102054548805,Low
6561,Apr,Honda,Third Party,No,No,0.06888181807873554,Low
6562,Jan,Toyota,Policy Holder,No,No,0.71088564989014,High
6563,Jan,Mecedes,Policy Holder,No,No,0.709494055837135,High
6564,Jan,Pontiac,Third Party,Yes,No,0.03809669514868659,Low
6565,Apr,Pontiac,Policy Holder,No,No,0.8316820204725027,High
6566,Aug,Accura,Policy Holder,No,No,0.6990632485070706,High
6567,Mar,Toyota,Policy Holder,No,No,0.14626196409618275,Low
6568,May,Chevrolet,Policy Holder,No,No,0.14434107797769496,Low
6569,May,Pontiac,Policy Holder,No,No,0.7571315414232737,High
6570,Sep,Ford,Policy Holder,Yes,No,0.13129328826831724,Low
6571,Sep,Saab,Policy Holder,No,No,0.22464957376386446,Low
6572,Sep,Dodge,Third Party,No,No,0.01567120968597361,Low
6573,May,Ford,Third Party,No,No,0.1360816051973686,Low
6574,May,Mazda,Policy Holder,No,No,0.6178289080605504,High
6575,Mar,Toyota,Policy Holder,No,No,0.7285287610439892,High
6576,Nov,Toyota,Policy Holder,No,No,0.07145756279504056,Low
6577,Oct,Honda,Policy Holder,No,No,0.6954484853117306,High
6578,Sep,Toyota,Policy Holder,No,No,0.14795251574929788,Low
6579,May,VW,Policy Holder,No,No,0.04448114691406579,Low
6580,Mar,Mazda,Policy Holder,No,No,0.79478068525877,High
6581,Sep,Honda,Policy Holder,No,No,0.7087131212374107,High
6582,May,Honda,Policy Holder,No,No,0.1062600675246006,Low
6583,May,Pontiac,Policy Holder,No,No,0.6539577954823023,High
6584,Apr,Honda,Policy Holder,No,No,0.6818651656101977,High
6585,Apr,Pontiac,Third Party,No,No,0.038316663505285745,Low
6586,Jun,Pontiac,Policy Holder,No,No,0.12634427067929999,Low
6587,Jul,Toyota,Policy Holder,No,No,0.6236847040170249,High
6588,Jul,Dodge,Third Party,No,No,0.012565829532705249,Low
6589,Aug,Pontiac,Policy Holder,No,No,0.7763757869212496,High
6590,Sep,Chevrolet,Policy Holder,No,No,0.6369467493275739,High
6591,Oct,Honda,Policy Holder,No,No,0.08408342679115542,Low
6592,Oct,Chevrolet,Policy Holder,No,No,0.5545169871912513,Medium
6593,Nov,Chevrolet,Policy Holder,No,No,0.5164062582598727,Medium
6594,Nov,Honda,Policy Holder,No,No,0.03496183245478864,Low
6595,Sep,Mazda,Policy Holder,No,No,0.5514246026364753,Medium
6596,Dec,Mazda,Third Party,No,No,0.03351150690590757,Low
6597,Dec,Chevrolet,Policy Holder,No,No,0.5694869888400765,Medium
6598,Jan,Ford,Policy Holder,No,No,0.26456995630323066,Low
6599,Jan,Honda,Policy Holder,No,No,0.08717158641135116,Low
6600,Apr,Mazda,Third Party,No,No,0.0027247464887085256,Low
6601,May,Pontiac,Third Party,No,No,0.004621179892288589,Low
6602,Sep,Toyota,Policy Holder,No,No,0.31826996599447427,Medium
6603,May,Mazda,Policy Holder,No,No,0.1745479884476964,Low
6604,Sep,Honda,Policy Holder,No,No,0.8128837379572622,High
6605,Aug,Toyota,Policy Holder,Yes,No,0.4251287873168057,Medium
6606,Sep,Honda,Third Party,No,No,0.23326253564420368,Low
6607,Sep,Honda,Policy Holder,No,No,0.6445293308683844,High
6608,Sep,Chevrolet,Policy Holder,No,No,0.8006385836090348,High
6609,Sep,Chevrolet,Policy Holder,No,No,0.440670421604199,Medium
6610,Dec,Toyota,Policy Holder,No,No,0.6557061082990865,High
6611,Dec,Pontiac,Policy Holder,No,No,0.6361036142315752,High
6612,Dec,Chevrolet,Third Party,Yes,No,0.03286627781032649,Low
6613,Sep,Pontiac,Third Party,No,No,0.02789951648834663,Low
6614,Dec,Honda,Policy Holder,No,No,0.08532567906226879,Low
6615,Nov,Honda,Policy Holder,No,No,0.019197435301329835,Low
6616,Nov,Honda,Third Party,No,No,0.021171337934929042,Low
6617,Sep,Chevrolet,Policy Holder,No,No,0.5955547884046867,Medium
6618,Sep,VW,Policy Holder,No,No,0.33108969700619706,Medium
6619,Aug,Honda,Third Party,No,No,0.07268586778844498,Low
6620,May,Honda,Policy Holder,No,No,0.18261535522176003,Low
6621,Sep,Pontiac,Policy Holder,No,No,0.7534989284981848,High
6622,May,Pontiac,Policy Holder,No,No,0.7109296744923513,High
6623,Apr,Mazda,Policy Holder,No,No,0.5171202808303277,Medium
6624,Jan,Pontiac,Policy Holder,No,No,0.11147456676571187,Low
6625,Jan,Toyota,Policy Holder,No,No,0.12510817715990935,Low
6626,Dec,Mazda,Third Party,No,No,0.03784192536242888,Low
6627,Sep,Chevrolet,Policy Holder,No,No,0.7171285563213887,High
6628,Nov,Mazda,Policy Holder,No,No,0.47070708923462756,Medium
6629,Oct,Toyota,Policy Holder,No,No,0.737206687280081,High
6630,Oct,Honda,Policy Holder,No,No,0.5325332214781807,Medium
6631,Oct,Toyota,Policy Holder,No,No,0.9835339348944218,High
6632,Oct,Honda,Third Party,No,No,0.0487017645010209,Low
6633,Sep,Toyota,Policy Holder,No,No,0.5843890881372401,Medium
6634,Sep,Pontiac,Third Party,No,No,0.030219443093072906,Low
6635,Jun,Chevrolet,Policy Holder,No,No,0.7674754686299438,High
6636,Sep,Honda,Third Party,No,No,0.04555699528339539,Low
6637,Apr,Pontiac,Third Party,No,No,0.0015373259394232696,Low
6638,Apr,Mazda,Third Party,No,No,0.034757685059856935,Low
6639,May,Toyota,Policy Holder,No,No,0.12539242470465833,Low
6640,Jun,Pontiac,Policy Holder,No,No,0.09765639569815118,Low
6641,Oct,Mazda,Policy Holder,No,No,0.8460181080893685,High
6642,May,Pontiac,Policy Holder,No,No,0.14838601195215465,Low
6643,Apr,Chevrolet,Policy Holder,No,No,0.7989366690701449,High
6644,Dec,Pontiac,Policy Holder,No,No,0.11966041351831576,Low
6645,Oct,Toyota,Policy Holder,No,No,0.10723616904957614,Low
6646,Sep,Pontiac,Third Party,No,No,0.04997187839587034,Low
6647,Jan,Honda,Policy Holder,No,No,0.4257498563371572,Medium
6648,Jan,Mazda,Third Party,No,No,0.005019770963896232,Low
6649,Jun,Mazda,Policy Holder,No,No,0.10562456314423327,Low
6650,Apr,Honda,Policy Holder,No,No,0.1670469548247264,Low
6651,Jan,Toyota,Policy Holder,No,No,0.6394562814980556,High
6652,Jan,Accura,Policy Holder,No,No,0.6044244215367016,High
6653,Sep,Chevrolet,Policy Holder,No,No,0.6694278913018928,High
6654,Nov,Chevrolet,Policy Holder,No,No,0.043151765891508174,Low
6655,May,Dodge,Third Party,No,No,0.04543273357395274,Low
6656,Mar,Toyota,Policy Holder,No,No,0.8523599013581075,High
6657,Jun,Honda,Policy Holder,No,No,0.11782275787705657,Low
6658,Jun,Saab,Policy Holder,No,No,0.7261750549967405,High
6659,Jun,Saab,Policy Holder,No,No,0.8440420924918457,High
6660,Oct,Honda,Policy Holder,No,No,0.5582318508723377,Medium
6661,Oct,Mazda,Third Party,No,No,0.04628738368335083,Low
6662,Sep,Pontiac,Policy Holder,No,No,0.8069285815431247,High
6663,Dec,Toyota,Policy Holder,No,No,0.7371747303635592,High
6664,Dec,Mazda,Policy Holder,No,No,0.10626636591140891,Low
6665,Dec,Chevrolet,Third Party,No,No,0.028377121670252383,Low
6666,Dec,Mazda,Third Party,No,No,0.0035234800976564453,Low
6667,Jul,Pontiac,Policy Holder,No,No,0.06309278783499858,Low
6668,Sep,Honda,Policy Holder,No,No,0.657892673679845,High
6669,Jul,Mazda,Policy Holder,No,No,0.5149167605879434,Medium
6670,Jul,Mazda,Policy Holder,No,No,0.04323360630808452,Low
6671,Nov,Toyota,Policy Holder,No,No,0.4145684150278637,Medium
6672,Dec,Accura,Policy Holder,Yes,No,0.6219444681153105,High
6673,Dec,Chevrolet,Policy Holder,No,No,0.07730363013066249,Low
6674,Mar,Pontiac,Third Party,No,No,0.003494376217769924,Low
6675,Nov,Toyota,Policy Holder,No,No,0.515849276481667,Medium
6676,Oct,Toyota,Policy Holder,No,No,0.8072932091832967,High
6677,Oct,Toyota,Policy Holder,No,No,0.10076295986999383,Low
6678,Aug,Toyota,Third Party,No,No,0.004212744916046209,Low
6679,Aug,Toyota,Policy Holder,No,No,0.5828745250169001,Medium
6680,May,Accura,Policy Holder,No,No,0.7924686273454472,High
6681,Sep,Ford,Policy Holder,No,No,0.7528128698306944,High
6682,Jan,Toyota,Policy Holder,No,No,0.8711535183549055,High
6683,Jul,Toyota,Policy Holder,No,No,0.5336458900041079,Medium
6684,Aug,Pontiac,Policy Holder,No,No,0.8199440367023346,High
6685,Aug,Honda,Policy Holder,No,No,0.6821892354614739,High
6686,May,Chevrolet,Third Party,No,No,0.045035334820994574,Low
6687,May,Pontiac,Third Party,No,No,0.03700048359952477,Low
6688,Oct,Toyota,Policy Holder,No,No,0.09147321604208035,Low
6689,Mar,Mazda,Third Party,No,No,0.14671001612384726,Low
6690,Nov,Pontiac,Policy Holder,No,No,0.4205536875197161,Medium
6691,Aug,Saturn,Policy Holder,No,No,0.9188389299754623,High
6692,Oct,Accura,Policy Holder,No,No,0.7271253147820282,High
6693,Oct,Honda,Policy Holder,No,No,0.13179314540581114,Low
6694,May,Honda,Policy Holder,No,No,0.13394072287921288,Low
6695,May,Pontiac,Third Party,No,No,0.03929939636662241,Low
6696,Jul,Ford,Policy Holder,No,No,0.5297367097363936,Medium
6697,Sep,Pontiac,Policy Holder,No,No,0.14485182697409982,Low
6698,Sep,Ford,Third Party,No,No,0.12660757205105524,Low
6699,Oct,Mazda,Third Party,No,No,0.09954389150808297,Low
6700,Jan,Mazda,Policy Holder,No,No,0.41391971509141695,Medium
6701,Jan,Chevrolet,Third Party,No,No,0.0024469331646748108,Low
6702,May,Chevrolet,Third Party,Yes,No,0.05083151802882308,Low
6703,May,Pontiac,Policy Holder,No,No,0.5298346728209171,Medium
6704,May,Mazda,Policy Holder,No,No,0.7546085627895549,High
6705,May,Pontiac,Policy Holder,No,No,0.1067959147036161,Low
6706,Jul,Pontiac,Policy Holder,No,No,0.07552524551926622,Low
6707,Sep,Toyota,Policy Holder,No,No,0.6463739532390378,High
6708,Sep,Honda,Policy Holder,No,No,0.04278660681826726,Low
6709,Sep,Mazda,Third Party,No,No,0.02263179171705086,Low
6710,Sep,Mazda,Third Party,No,No,0.06651119558771977,Low
6711,Oct,Toyota,Policy Holder,No,No,0.6070024548853403,High
6712,Oct,Chevrolet,Policy Holder,No,No,0.13063939226288235,Low
6713,Sep,Toyota,Policy Holder,No,No,0.08931522790374077,Low
6714,Sep,Toyota,Policy Holder,No,No,0.7188580685841727,High
6715,Sep,Pontiac,Policy Holder,No,No,0.4701589748480517,Medium
6716,Jun,Honda,Policy Holder,No,No,0.07974226914273584,Low
6717,Jun,Mazda,Policy Holder,No,No,0.3818842404353063,Medium
6718,Jun,Pontiac,Policy Holder,No,No,0.6765375971958525,High
6719,May,Accura,Third Party,Yes,No,0.0036398585277336677,Low
6720,May,Chevrolet,Third Party,No,No,0.0032073289537270858,Low
6721,Jan,Pontiac,Policy Holder,No,No,0.07768233970318113,Low
6722,Jan,Mazda,Third Party,Yes,No,0.06577373188552416,Low
6723,Sep,Honda,Policy Holder,No,No,0.5471830843748821,Medium
6724,Dec,Toyota,Policy Holder,No,No,0.13045188515970713,Low
6725,Oct,Mazda,Third Party,No,No,0.029431903076683506,Low
6726,Oct,Honda,Third Party,Yes,No,0.04591596596712237,Low
6727,Sep,Pontiac,Third Party,No,No,0.05825165942979131,Low
6728,Sep,Pontiac,Policy Holder,No,No,0.12482803505360575,Low
6729,Sep,Honda,Policy Holder,No,No,0.6753229856380741,High
6730,Jul,Mazda,Policy Holder,No,No,0.07035553346279685,Low
6731,Jun,Honda,Policy Holder,No,No,0.5395498753250187,Medium
6732,May,Honda,Policy Holder,No,No,0.9141815163060488,High
6733,Mar,Pontiac,Policy Holder,No,No,0.9912540182624242,High
6734,Oct,Toyota,Policy Holder,No,No,0.6381664574784175,High
6735,Mar,Pontiac,Third Party,No,No,0.08983072746511135,Low
6736,Feb,Mazda,Third Party,No,No,0.0599964686704799,Low
6737,Sep,Pontiac,Policy Holder,No,No,0.6173715751870008,High
6738,Jun,Toyota,Policy Holder,No,No,0.8152374123162075,High
6739,Jul,Honda,Policy Holder,No,No,0.057979671917090435,Low
6740,Feb,Honda,Third Party,No,No,0.002432920218957573,Low
6741,Dec,Mazda,Third Party,No,No,0.04228831505337215,Low
6742,Feb,Pontiac,Third Party,No,No,0.0018665310033834526,Low
6743,Jan,Pontiac,Policy Holder,No,No,0.08758785057644866,Low
6744,May,Honda,Policy Holder,No,No,0.08621519376222246,Low
6745,Oct,Chevrolet,Policy Holder,No,No,0.7710858933994602,High
6746,Oct,Pontiac,Third Party,No,No,0.04590919483716297,Low
6747,Dec,Pontiac,Policy Holder,No,No,0.6375612734735625,High
6748,Nov,Mazda,Policy Holder,No,No,0.05918770292516607,Low
6749,Oct,Pontiac,Policy Holder,No,No,0.10964773914042704,Low
6750,Apr,Pontiac,Policy Holder,No,No,0.6024698274933782,High
6751,Jun,Toyota,Policy Holder,No,No,0.6482136129948743,High
6752,Sep,Toyota,Policy Holder,No,No,0.5201667661128319,Medium
6753,Apr,Pontiac,Policy Holder,No,No,0.6563461812233512,High
6754,Apr,Toyota,Policy Holder,No,No,0.2346306165838856,Low
6755,Oct,Toyota,Policy Holder,No,No,0.12528458209729212,Low
6756,Oct,Accura,Policy Holder,No,No,0.09914772912581783,Low
6757,Nov,Honda,Policy Holder,No,No,0.04574427250781123,Low
6758,Feb,Toyota,Third Party,No,No,0.006173263093808871,Low
6759,Jan,Chevrolet,Third Party,No,No,0.04771654586825172,Low
6760,Aug,Pontiac,Third Party,No,No,0.0033171635907554577,Low
6761,Jul,Honda,Policy Holder,No,No,0.42318207000949903,Medium
6762,Sep,Ford,Third Party,No,No,0.05911475043939488,Low
6763,Sep,Mazda,Policy Holder,Yes,No,0.39743163120795605,Medium
6764,Oct,Honda,Policy Holder,No,No,0.5029742747422052,Medium
6765,Oct,Accura,Policy Holder,No,No,0.42573467640321333,Medium
6766,Jun,Honda,Policy Holder,No,No,0.7422750223349565,High
6767,Jun,Pontiac,Policy Holder,No,No,0.7010344199568715,High
6768,Nov,Toyota,Third Party,No,No,0.022533133756003902,Low
6769,Sep,Chevrolet,Policy Holder,No,No,0.4946282931516117,Medium
6770,Sep,Pontiac,Policy Holder,No,No,0.6212434760883225,High
6771,Sep,Toyota,Policy Holder,No,No,0.08952874754702318,Low
6772,Jul,Honda,Policy Holder,No,No,0.718192927578522,High
6773,Mar,Toyota,Third Party,No,No,0.004168298443159577,Low
6774,Jun,Mazda,Policy Holder,No,No,0.09624904750019868,Low
6775,Jul,Toyota,Third Party,No,No,0.05877680157230281,Low
6776,Aug,Ford,Policy Holder,No,No,0.6283778215886481,High
6777,Sep,Toyota,Third Party,No,No,0.028779405355509605,Low
6778,Nov,Honda,Policy Holder,No,No,0.05738853603482403,Low
6779,Sep,Pontiac,Policy Holder,No,No,0.664152084045319,High
6780,Jun,Honda,Policy Holder,No,No,0.07336802193036289,Low
6781,Jun,Toyota,Policy Holder,No,No,0.19515766383475125,Low
6782,May,VW,Policy Holder,No,No,0.3811373718151102,Medium
6783,Jan,Mazda,Policy Holder,No,No,0.46523116101922224,Medium
6784,Jan,Mazda,Policy Holder,No,No,0.9659985831698992,High
6785,Jun,Pontiac,Policy Holder,No,No,0.11472562238220209,Low
6786,Jun,Mazda,Policy Holder,No,No,0.6004471206820012,High
6787,Feb,Chevrolet,Policy Holder,No,No,0.1403481874919527,Low
6788,Jan,Mazda,Policy Holder,No,No,0.5259971085114863,Medium
6789,Jun,Pontiac,Policy Holder,No,No,0.13791805946765961,Low
6790,Oct,Pontiac,Policy Holder,No,No,0.09497485128080886,Low
6791,Sep,Pontiac,Policy Holder,No,No,0.47013347456446203,Medium
6792,Oct,Ford,Policy Holder,No,No,0.586712736161207,Medium
6793,Oct,Mazda,Policy Holder,No,No,0.6211539346766073,High
6794,Jun,Pontiac,Policy Holder,No,No,0.769855674176004,High
6795,Jan,Toyota,Policy Holder,No,No,0.6615309808362112,High
6796,Jan,Toyota,Third Party,No,No,0.06262180852584749,Low
6797,Jan,Ford,Third Party,No,No,0.07627080654504392,Low
6798,Jan,VW,Policy Holder,No,No,0.029747095658217485,Low
6799,Jan,Toyota,Policy Holder,No,No,0.12556909999905874,Low
6800,Oct,Honda,Policy Holder,No,No,0.038597387641232175,Low
6801,Jul,Toyota,Policy Holder,No,No,0.03382804246343666,Low
6802,Jul,Toyota,Policy Holder,No,No,0.7572463884447075,High
6803,Jan,Toyota,Policy Holder,No,No,0.49764446158915426,Medium
6804,Dec,Pontiac,Policy Holder,No,No,0.045997903215105766,Low
6805,Dec,Mazda,Policy Holder,No,No,0.07312334480045456,Low
6806,Jan,Mazda,Policy Holder,No,No,0.06757881080335382,Low
6807,Oct,VW,Policy Holder,No,No,0.30958398213470545,Medium
6808,Jan,Honda,Policy Holder,No,No,0.1491565164951017,Low
6809,Jan,Pontiac,Third Party,No,No,0.025363514253184068,Low
6810,Oct,Pontiac,Policy Holder,No,No,0.6049610616411912,High
6811,Mar,Accura,Policy Holder,No,No,0.877285676870267,High
6812,Feb,Toyota,Policy Holder,No,No,0.20398776423963277,Low
6813,Feb,Honda,Policy Holder,No,No,0.09730316077341536,Low
6814,Feb,Pontiac,Policy Holder,No,No,0.08362003854600514,Low
6815,Aug,Pontiac,Policy Holder,No,No,0.7192218757028224,High
6816,Jun,Saturn,Third Party,No,No,0.11126423597080248,Low
6817,Jun,Honda,Third Party,No,No,0.10911868969156918,Low
6818,Feb,Mazda,Policy Holder,No,No,0.07992874282044489,Low
6819,Feb,Toyota,Policy Holder,No,No,0.7472608839743611,High
6820,Feb,Honda,Policy Holder,No,No,0.6123375774205407,High
6821,Jan,Mazda,Policy Holder,No,No,0.7119953157192219,High
6822,May,Chevrolet,Policy Holder,No,No,0.0878219564653762,Low
6823,Oct,Accura,Policy Holder,No,No,0.7813593467774358,High
6824,Jul,Pontiac,Policy Holder,No,No,0.46091235984700335,Medium
6825,Oct,Mazda,Third Party,No,No,0.048535136469918715,Low
6826,Dec,Pontiac,Policy Holder,No,No,0.4566921391836978,Medium
6827,Dec,Pontiac,Third Party,No,No,0.03155388018852223,Low
6828,Nov,Toyota,Policy Holder,No,No,0.4051585171519769,Medium
6829,Feb,Pontiac,Policy Holder,No,No,0.32009395826141734,Medium
6830,Feb,Toyota,Policy Holder,No,No,0.6756095308579289,High
6831,Feb,Toyota,Policy Holder,No,No,0.11319796644923365,Low
6832,Feb,Pontiac,Policy Holder,No,No,0.09577019173565625,Low
6833,Jul,Mazda,Policy Holder,No,No,0.6947247740069208,High
6834,Aug,Mazda,Third Party,No,No,0.05582714308777861,Low
6835,Oct,Mazda,Policy Holder,No,No,0.9863654504444354,High
6836,Oct,Pontiac,Third Party,No,No,0.07834007653941166,Low
6837,Apr,Mazda,Third Party,No,No,0.03132905045693545,Low
6838,Mar,Ford,Third Party,No,No,0.17620528423916418,Low
6839,Feb,Chevrolet,Policy Holder,No,No,0.13766212313876233,Low
6840,Apr,Honda,Third Party,No,No,0.03128076478825965,Low
6841,Mar,Pontiac,Policy Holder,No,No,0.7122697851963238,High
6842,Mar,Pontiac,Policy Holder,No,No,0.1857684413515135,Low
6843,Sep,Chevrolet,Third Party,No,No,0.0017601433367575076,Low
6844,Sep,Pontiac,Third Party,No,No,0.09581870816625311,Low
6845,Nov,Mazda,Policy Holder,No,No,0.5470525033719071,Medium
6846,Nov,Toyota,Policy Holder,No,No,0.6940151250056973,High
6847,Dec,Pontiac,Policy Holder,No,No,0.40660337046512046,Medium
6848,Feb,Toyota,Policy Holder,No,No,0.1679086535582303,Low
6849,Feb,Pontiac,Policy Holder,No,No,0.08728904444166133,Low
6850,Feb,Chevrolet,Third Party,No,No,0.02497991035901169,Low
6851,Jan,Toyota,Third Party,No,No,0.04872464514765456,Low
6852,Apr,Pontiac,Policy Holder,No,No,0.8152134579668092,High
6853,Apr,Mazda,Policy Holder,No,No,0.10825868848902842,Low
6854,May,Honda,Policy Holder,No,No,0.6809437085558341,High
6855,Oct,Chevrolet,Policy Holder,No,No,0.7289898013702096,High
6856,Jun,Honda,Policy Holder,No,No,0.6577006519145905,High
6857,Jun,Toyota,Policy Holder,No,No,0.71578367899568,High
6858,Aug,Toyota,Policy Holder,No,No,0.5168080394535468,Medium
6859,Oct,Honda,Policy Holder,No,No,0.5441039407829056,Medium
6860,Nov,Mazda,Policy Holder,No,No,0.03458167298979941,Low
6861,Oct,Toyota,Policy Holder,No,No,0.5815847010952021,Medium
6862,Nov,Pontiac,Policy Holder,No,No,0.33305066784710025,Medium
6863,Mar,Toyota,Policy Holder,No,No,0.7873370227210899,High
6864,Mar,Pontiac,Third Party,No,No,0.05940689027543696,Low
6865,May,Mazda,Policy Holder,No,No,0.15508310689169272,Low
6866,Apr,Toyota,Third Party,No,No,0.044565024153628535,Low
6867,Jun,Mazda,Policy Holder,No,No,0.6149192202453383,High
6868,May,Mazda,Third Party,No,No,0.023202023124115397,Low
6869,Oct,Chevrolet,Policy Holder,No,No,0.7133308522977905,High
6870,Aug,Mazda,Policy Holder,No,No,0.6081052435354556,High
6871,Aug,Ford,Third Party,No,No,0.09904144063040801,Low
6872,Sep,Pontiac,Third Party,No,No,0.0034258799859337354,Low
6873,Sep,VW,Third Party,No,No,0.007947155381865379,Low
6874,Oct,Chevrolet,Policy Holder,No,No,0.10401198983398513,Low
6875,Oct,Chevrolet,Policy Holder,No,No,0.11775168307445241,Low
6876,Jul,Mazda,Third Party,No,No,0.05000035440242809,Low
6877,Jun,Pontiac,Third Party,No,No,0.0041112297527835205,Low
6878,Dec,Pontiac,Policy Holder,No,No,0.5539155273098093,Medium
6879,Oct,Ford,Policy Holder,No,No,0.17873711377005427,Low
6880,Jun,Chevrolet,Policy Holder,No,No,0.23925025996200314,Low
6881,Jan,Accura,Policy Holder,No,No,0.7833475489548142,High
6882,Jan,Dodge,Policy Holder,No,No,0.1395285163365879,Low
6883,Jan,Chevrolet,Policy Holder,No,No,0.18280432611838107,Low
6884,Jan,Accura,Policy Holder,No,No,0.14417842674020778,Low
6885,Jan,Toyota,Policy Holder,No,No,0.5736086998210779,Medium
6886,Oct,Mazda,Policy Holder,No,No,0.9897199041580378,High
6887,Jan,Mazda,Policy Holder,No,No,0.07804247671721234,Low
6888,Jan,Mazda,Policy Holder,No,No,0.10136057877123097,Low
6889,Jan,Honda,Policy Holder,No,No,0.13386642268528637,Low
6890,Dec,Toyota,Policy Holder,No,No,0.08523077466146611,Low
6891,Dec,Pontiac,Policy Holder,No,No,0.6495891713712966,High
6892,Dec,Toyota,Third Party,No,No,0.05020151809949594,Low
6893,Dec,Pontiac,Policy Holder,No,No,0.08055532292782645,Low
6894,Sep,Toyota,Third Party,No,No,0.09010971968165811,Low
6895,Jul,Honda,Policy Holder,No,No,0.10178423373477542,Low
6896,Jul,Pontiac,Third Party,No,No,0.06110310528625744,Low
6897,Jul,Toyota,Policy Holder,No,No,0.6810696081639156,High
6898,Mar,Pontiac,Policy Holder,No,No,0.7914354347490239,High
6899,Mar,Pontiac,Policy Holder,No,No,0.7588961747325197,High
6900,Apr,Pontiac,Policy Holder,No,No,0.06895130879466498,Low
6901,Mar,Honda,Third Party,No,No,0.003399099821188844,Low
6902,Mar,Pontiac,Policy Holder,No,No,0.7411777786688907,High
6903,Mar,Honda,Policy Holder,No,No,0.18056062468255443,Low
6904,Feb,Mazda,Third Party,No,No,0.050882106900922555,Low
6905,Jun,Pontiac,Policy Holder,No,No,0.10033806910305189,Low
6906,Nov,BMW,Policy Holder,No,No,0.06953381350945495,Low
6907,Jun,Mazda,Third Party,No,No,0.09446317143779648,Low
6908,Jun,Toyota,Policy Holder,No,No,0.12089219554081677,Low
6909,May,Pontiac,Third Party,No,No,0.039501967517646785,Low
6910,May,Ford,Third Party,No,No,0.1230545205803461,Low
6911,Oct,Accura,Policy Holder,No,No,0.7727780617713234,High
6912,Oct,Toyota,Third Party,No,No,0.04561338377773505,Low
6913,Oct,Pontiac,Policy Holder,No,No,0.26393093662589634,Low
6914,Nov,Toyota,Third Party,No,No,0.03129801783390848,Low
6915,Nov,VW,Policy Holder,No,No,0.01907833893676333,Low
6916,Oct,Honda,Policy Holder,No,No,0.68394135308491,High
6917,May,Pontiac,Third Party,No,No,0.161604048652966,Low
6918,May,Chevrolet,Policy Holder,No,No,0.8123458458805627,High
6919,Mar,Chevrolet,Policy Holder,No,No,0.6257819357116233,High
6920,Jan,Mazda,Policy Holder,No,No,0.6787022800847092,High
6921,Jan,Pontiac,Policy Holder,No,No,0.578508805698693,Medium
6922,Oct,Pontiac,Policy Holder,No,No,0.6687274121345727,High
6923,Jan,Ford,Policy Holder,No,No,0.10213400702339487,Low
6924,Jan,Toyota,Third Party,No,No,0.0034876070798691245,Low
6925,Jan,Chevrolet,Policy Holder,No,No,0.6957792731648662,High
6926,Jan,Toyota,Third Party,No,No,0.09162735700313002,Low
6927,Dec,Honda,Third Party,No,No,0.025752558689443192,Low
6928,Dec,Mazda,Policy Holder,No,No,0.06346945964204612,Low
6929,Dec,Pontiac,Policy Holder,No,No,0.3592932409232861,Medium
6930,Oct,Honda,Third Party,No,No,0.05548198463080351,Low
6931,Nov,Mazda,Policy Holder,No,No,0.26600064896346426,Low
6932,Sep,Accura,Policy Holder,No,No,0.13461361693282756,Low
6933,Jun,Pontiac,Policy Holder,No,No,0.5561137231846127,Medium
6934,Jun,Toyota,Policy Holder,No,No,0.738617703656081,High
6935,Jun,Pontiac,Third Party,No,No,0.0272504159929783,Low
6936,Oct,VW,Policy Holder,No,No,0.24396187258901125,Low
6937,Nov,Chevrolet,Policy Holder,No,No,0.983170291543669,High
6938,Nov,Honda,Policy Holder,No,No,0.735779522320402,High
6939,Feb,Honda,Third Party,No,No,0.15667210802259623,Low
6940,Feb,Mazda,Policy Holder,No,No,0.5971702005824195,Medium
6941,Feb,Mazda,Policy Holder,No,No,0.6900108244027576,High
6942,Jan,Honda,Policy Holder,No,No,0.5031749286909626,Medium
6943,Nov,Mazda,Policy Holder,No,No,0.06136332956198791,Low
6944,Oct,Honda,Policy Holder,No,No,0.6424046929843455,High
6945,Oct,Mazda,Third Party,No,No,0.05871271599912972,Low
6946,Jun,Toyota,Policy Holder,No,No,0.38067963486261425,Medium
6947,Jun,Mazda,Third Party,No,No,0.09450966241573232,Low
6948,Jun,Ford,Third Party,No,No,0.06476049882700781,Low
6949,Jun,Ford,Policy Holder,No,No,0.7665773941557323,High
6950,Apr,Pontiac,Policy Holder,No,No,0.793511419776461,High
6951,Apr,Toyota,Policy Holder,No,No,0.6957943447889907,High
6952,Apr,Pontiac,Third Party,No,No,0.037549505473803924,Low
6953,Mar,Toyota,Policy Holder,No,No,0.8035320002489529,High
6954,Mar,Honda,Policy Holder,No,No,0.8036474443209934,High
6955,Feb,Honda,Policy Holder,No,No,0.661974823353882,High
6956,Oct,Honda,Third Party,No,No,0.024254578482462062,Low
6957,Dec,Honda,Policy Holder,No,No,0.508674747792999,Medium
6958,Oct,Toyota,Policy Holder,No,No,0.7173683351978771,High
6959,Oct,Chevrolet,Third Party,No,No,0.0005325593886079432,Low
6960,Oct,Toyota,Policy Holder,No,No,0.6049848210044224,High
6961,Aug,Chevrolet,Policy Holder,No,No,0.8371152684936504,High
6962,Aug,Chevrolet,Policy Holder,No,No,0.7707267473105373,High
6963,Aug,Pontiac,Policy Holder,No,No,0.7524135643801859,High
6964,Jun,Honda,Third Party,No,No,0.03635692068424261,Low
6965,Jun,Pontiac,Policy Holder,No,No,0.11657001394136174,Low
6966,May,Pontiac,Policy Holder,No,No,0.1354280150591424,Low
6967,May,Pontiac,Policy Holder,No,No,0.6725746427054117,High
6968,May,Toyota,Policy Holder,No,No,0.699396476090126,High
6969,Mar,Ford,Policy Holder,No,No,0.8613417868236954,High
6970,Mar,Pontiac,Third Party,No,No,0.0828797804788666,Low
6971,Feb,Pontiac,Policy Holder,No,No,0.7641601093962159,High
6972,Feb,Pontiac,Third Party,No,No,0.038461747964012555,Low
6973,Jul,Honda,Third Party,No,No,0.01743264791729503,Low
6974,Apr,Toyota,Policy Holder,No,No,0.7155700289536612,High
6975,Mar,Ford,Third Party,No,No,0.04730923812307158,Low
6976,Mar,Pontiac,Policy Holder,No,No,0.12429585972220097,Low
6977,Feb,Mazda,Policy Holder,No,No,0.6467866676237377,High
6978,Feb,Toyota,Third Party,No,No,0.0668481783140931,Low
6979,Feb,Honda,Policy Holder,No,No,0.5931812033152071,Medium
6980,Feb,Toyota,Policy Holder,No,No,0.46731897684822143,Medium
6981,Feb,Pontiac,Third Party,No,No,0.003937007286402947,Low
6982,Apr,Mazda,Policy Holder,No,No,0.6266831522050625,High
6983,Mar,Chevrolet,Third Party,No,No,0.08331702259464553,Low
6984,Mar,Pontiac,Policy Holder,No,No,0.8072391438015819,High
6985,Mar,Ford,Third Party,No,No,0.0035905071896282985,Low
6986,Feb,Pontiac,Third Party,No,No,0.031950221966148766,Low
6987,Feb,Toyota,Policy Holder,No,No,0.8073116301866988,High
6988,Feb,Pontiac,Third Party,No,No,0.5623637980505468,Medium
6989,Jan,Accura,Policy Holder,No,No,0.8058527716107595,High
6990,Jan,Dodge,Third Party,No,No,0.019723824183732384,Low
6991,Oct,Saturn,Policy Holder,No,No,0.6941847512017469,High
6992,Jan,Dodge,Policy Holder,No,No,0.4243686176567083,Medium
6993,Jan,Chevrolet,Policy Holder,No,No,0.5660173850638119,Medium
6994,Oct,Toyota,Policy Holder,No,No,0.7315426847602169,High
6995,Jan,Honda,Policy Holder,No,No,0.7896706130825111,High
6996,Jan,Mazda,Third Party,No,No,0.040379733231176655,Low
6997,Jan,Toyota,Third Party,No,No,0.04348649077063899,Low
6998,Jan,Chevrolet,Policy Holder,No,No,0.6673150348440058,High
6999,Aug,Honda,Policy Holder,No,No,0.07601673362588378,Low
7000,Oct,Mazda,Policy Holder,No,No,0.5849026890544884,Medium
7001,Aug,Pontiac,Third Party,No,No,0.037691982650993806,Low
7002,Feb,Mazda,Third Party,No,Yes,0.11380403739364836,Low
7003,Feb,Saturn,Policy Holder,No,No,0.26265057299633376,Low
7004,Feb,Mazda,Policy Holder,No,No,0.09484554935097249,Low
7005,Feb,Toyota,Policy Holder,No,No,0.14836071698055361,Low
7006,Feb,Honda,Policy Holder,No,No,0.1455247171027351,Low
7007,Jan,Honda,Third Party,No,No,0.11387395834057235,Low
7008,Jan,Honda,Policy Holder,No,No,0.8685472699563763,High
7009,Jan,Honda,Third Party,No,No,0.12184847491603813,Low
7010,Dec,Honda,Policy Holder,No,No,0.6322959879655846,High
7011,Dec,Toyota,Policy Holder,No,No,0.7370714772340111,High
7012,Aug,Pontiac,Policy Holder,No,No,0.047849944215822476,Low
7013,Jul,Chevrolet,Policy Holder,No,No,0.6326122782725466,High
7014,Jan,Toyota,Third Party,No,No,0.07769729812557173,Low
7015,Jan,Toyota,Policy Holder,No,No,0.6408238853539181,High
7016,Dec,Dodge,Policy Holder,No,No,0.3778780567778162,Medium
7017,Dec,Honda,Third Party,No,No,0.040021794858442886,Low
7018,Dec,Mazda,Policy Holder,No,No,0.06892863615425983,Low
7019,Oct,Toyota,Policy Holder,No,No,0.6543203735381865,High
7020,Oct,Mazda,Third Party,No,No,0.0034853586743546403,Low
7021,Dec,Pontiac,Policy Holder,No,No,0.6196150229444816,High
7022,Dec,Pontiac,Policy Holder,No,No,0.06860893248384964,Low
7023,Oct,Mazda,Third Party,No,No,0.13500808501775305,Low
7024,Dec,Pontiac,Third Party,No,No,0.00237622073946398,Low
7025,Dec,Saab,Policy Holder,No,No,0.8317198846717563,High
7026,Dec,Honda,Policy Holder,No,No,0.07986791839670482,Low
7027,Dec,Toyota,Policy Holder,No,No,0.6778816579140304,High
7028,Jan,Nisson,Policy Holder,No,No,0.7266445495826868,High
7029,Dec,Pontiac,Policy Holder,No,No,0.4885851694144559,Medium
7030,Jan,Honda,Policy Holder,No,No,0.12586204443707247,Low
7031,Jan,Honda,Policy Holder,No,No,0.5054062786775521,Medium
7032,Jan,Pontiac,Policy Holder,No,No,0.11826727928216374,Low
7033,Jan,Pontiac,Policy Holder,No,No,0.09243292643787122,Low
7034,Jan,Pontiac,Policy Holder,No,No,0.6916079109032444,High
7035,Jan,Honda,Third Party,No,No,0.12028140818147041,Low
7036,Jan,Honda,Policy Holder,No,No,0.7839847232752167,High
7037,Jan,Ford,Policy Holder,No,No,0.7106608707980934,High
7038,Jan,Honda,Third Party,No,No,0.005131465544458968,Low
7039,Jan,Honda,Policy Holder,No,No,0.7943010017786111,High
7040,Jan,Saturn,Policy Holder,No,No,0.7652136074431649,High
7041,Jan,Toyota,Third Party,No,No,0.037350358090527946,Low
7042,Jan,Honda,Policy Holder,No,No,0.6843270744390797,High
7043,Jan,Honda,Third Party,No,No,0.043400996595563686,Low
7044,Oct,Mecedes,Policy Holder,No,No,0.7915975364677392,High
7045,Jan,Honda,Third Party,No,No,0.06297560303595331,Low
7046,Jan,Mazda,Third Party,No,No,0.051747300740160984,Low
7047,Jan,Toyota,Policy Holder,No,No,0.1160139835419178,Low
7048,Oct,Pontiac,Third Party,No,No,0.1306085800145885,Low
7049,Feb,Honda,Policy Holder,No,No,0.09905546333985886,Low
7050,Oct,Mazda,Policy Holder,No,No,0.6424620641277434,High
7051,Mar,Chevrolet,Policy Holder,No,No,0.7812960832179577,High
7052,Oct,Pontiac,Policy Holder,No,No,0.8675989882759049,High
7053,Oct,Chevrolet,Policy Holder,No,No,0.7897149099195427,High
7054,Jan,Honda,Third Party,No,No,0.08704417367774427,Low
7055,Jan,Pontiac,Policy Holder,No,No,0.09249853895214695,Low
7056,Jan,Mazda,Policy Holder,No,No,0.5119561721628766,Medium
7057,Jan,Pontiac,Third Party,No,No,0.002244819803319196,Low
7058,Jan,Ford,Policy Holder,No,No,0.7672315225005857,High
7059,Jan,Toyota,Policy Holder,No,No,0.7059631064172607,High
7060,Jan,Honda,Third Party,No,No,0.03904399914505101,Low
7061,Jan,Mazda,Policy Holder,No,No,0.5545146264183489,Medium
7062,Jan,Honda,Policy Holder,No,No,0.07814628066337072,Low
7063,Jan,Pontiac,Policy Holder,No,No,0.8073985279214246,High
7064,Jan,Chevrolet,Policy Holder,No,No,0.16196633976390998,Low
7065,Oct,Toyota,Policy Holder,No,No,0.10610476794434696,Low
7066,Feb,Saturn,Policy Holder,No,No,0.7614443855069379,High
7067,Feb,Mazda,Policy Holder,No,No,0.4958480673485571,Medium
7068,Feb,Honda,Third Party,No,No,0.025470949312709157,Low
7069,Feb,Honda,Policy Holder,No,No,0.12690112616059318,Low
7070,Feb,Toyota,Policy Holder,No,No,0.598468208978715,Medium
7071,Oct,Toyota,Policy Holder,Yes,No,0.6453312408530356,High
7072,Jun,Pontiac,Policy Holder,No,No,0.640199515442874,High
7073,Oct,Chevrolet,Third Party,No,No,0.07840698954497118,Low
7074,Feb,Chevrolet,Policy Holder,No,No,0.6055491937798831,High
7075,Feb,Toyota,Policy Holder,No,No,0.7575306109657126,High
7076,Oct,Pontiac,Policy Holder,No,No,0.6155585735938581,High
7077,Oct,Toyota,Third Party,No,No,0.0581817569793193,Low
7078,Feb,Toyota,Third Party,No,No,0.08320962642082447,Low
7079,Feb,Honda,Third Party,No,No,0.04324198050989208,Low
7080,Feb,Toyota,Policy Holder,No,No,0.1526195733634449,Low
7081,Feb,Pontiac,Policy Holder,No,No,0.7374125642885555,High
7082,Feb,Chevrolet,Policy Holder,No,No,0.11391965358926907,Low
7083,Feb,Toyota,Policy Holder,No,No,0.12897348770891057,Low
7084,Feb,Chevrolet,Policy Holder,No,No,0.10211667409014306,Low
7085,Feb,Toyota,Third Party,No,No,0.007647750449028293,Low
7086,Feb,Honda,Third Party,No,No,0.16950823828095332,Low
7087,Feb,Accura,Policy Holder,No,No,0.13925853550625786,Low
7088,Feb,BMW,Policy Holder,No,No,0.1552113539993382,Low
7089,Feb,Accura,Policy Holder,No,No,0.8053654300071451,High
7090,Feb,Chevrolet,Third Party,Yes,No,0.06130022760321686,Low
7091,Oct,Honda,Third Party,No,No,0.1124773036396596,Low
7092,Feb,Toyota,Policy Holder,No,No,0.6765985880327982,High
7093,Jan,Toyota,Third Party,Yes,No,0.06566230590220633,Low
7094,Jan,Honda,Policy Holder,No,No,0.05161040347264054,Low
7095,Jan,Dodge,Third Party,No,No,0.02360535129497343,Low
7096,Jan,Toyota,Policy Holder,No,No,0.8178957511568474,High
7097,Jan,Toyota,Policy Holder,No,No,0.5626483241088911,Medium
7098,Aug,Toyota,Third Party,No,No,0.08351991492955253,Low
7099,Mar,Honda,Policy Holder,No,No,0.11549133111014695,Low
7100,Mar,VW,Policy Holder,No,No,0.03638124302630286,Low
7101,Feb,Mazda,Policy Holder,No,No,0.11307180716873551,Low
7102,Feb,Chevrolet,Policy Holder,No,No,0.7230740144770144,High
7103,Feb,Honda,Policy Holder,No,No,0.5928071954623211,Medium
7104,Feb,Pontiac,Policy Holder,No,No,0.49551997217619315,Medium
7105,Feb,Toyota,Third Party,No,No,0.07769318831427804,Low
7106,Feb,Chevrolet,Policy Holder,No,No,0.10715723183322458,Low
7107,Oct,Pontiac,Policy Holder,No,No,0.6310253166016307,High
7108,Jan,Accura,Third Party,No,No,0.05530923854698759,Low
7109,Feb,Mazda,Policy Holder,No,No,0.09611230373432221,Low
7110,Jan,Pontiac,Policy Holder,No,No,0.5596730815550124,Medium
7111,Jan,Pontiac,Third Party,No,No,0.04085454639806248,Low
7112,Jan,Pontiac,Third Party,No,No,0.002029769516104948,Low
7113,Jan,Pontiac,Policy Holder,No,No,0.10872230202632993,Low
7114,Jan,Mazda,Third Party,No,No,0.06524760140748853,Low
7115,Jan,Toyota,Third Party,No,No,0.005374787378921477,Low
7116,Oct,Mazda,Policy Holder,No,No,0.09428627160598535,Low
7117,Jan,Toyota,Third Party,No,No,0.0672571786337124,Low
7118,Jan,Mazda,Third Party,No,No,0.06025451279077389,Low
7119,Jan,Toyota,Third Party,No,No,0.004476942992582544,Low
7120,Oct,Pontiac,Policy Holder,No,No,0.023518030100434528,Low
7121,Jan,Mazda,Policy Holder,No,No,0.0891262214064722,Low
7122,Jan,Ford,Policy Holder,No,No,0.67183444953932,High
7123,Dec,Honda,Policy Holder,No,No,0.5095201620949623,Medium
7124,Dec,Pontiac,Policy Holder,No,No,0.639417194368168,High
7125,Dec,Pontiac,Policy Holder,No,No,0.4996371312322433,Medium
7126,Mar,Accura,Policy Holder,No,No,0.8052220120873346,High
7127,Mar,Mazda,Policy Holder,No,No,0.10507782625685537,Low
7128,Apr,Pontiac,Policy Holder,No,No,0.07996910901011872,Low
7129,Mar,Pontiac,Policy Holder,No,No,0.1563929984414283,Low
7130,Nov,Toyota,Policy Holder,No,No,0.05285286826414621,Low
7131,Mar,Pontiac,Policy Holder,No,No,0.14552211013975458,Low
7132,Mar,Pontiac,Third Party,No,No,0.06222795961496403,Low
7133,Mar,Honda,Third Party,No,No,0.04545550225607382,Low
7134,Mar,Mazda,Policy Holder,No,No,0.10606384346657872,Low
7135,Oct,Saab,Policy Holder,No,No,0.7745714071061037,High
7136,Mar,Toyota,Third Party,No,No,0.06061113296523536,Low
7137,May,Honda,Policy Holder,No,No,0.1207845917309409,Low
7138,Jun,Honda,Policy Holder,No,No,0.42899675442783963,Medium
7139,Jun,Pontiac,Policy Holder,No,No,0.6296626484026446,High
7140,Oct,Mazda,Third Party,No,No,0.027311780789783073,Low
7141,Nov,Ford,Policy Holder,No,No,0.9798153801843669,High
7142,Oct,Dodge,Policy Holder,No,No,0.047229669051593905,Low
7143,Oct,Pontiac,Third Party,No,No,0.041768825472838673,Low
7144,Apr,Pontiac,Policy Holder,No,No,0.10005131200709422,Low
7145,Apr,Pontiac,Policy Holder,No,No,0.1238442988507011,Low
7146,Jun,Ford,Policy Holder,Yes,No,0.765684659348791,High
7147,Apr,Pontiac,Policy Holder,No,No,0.09810108146239507,Low
7148,Jul,Toyota,Policy Holder,No,No,0.6780352532824129,High
7149,Jul,Mazda,Policy Holder,No,No,0.3848125408185318,Medium
7150,Jul,Pontiac,Policy Holder,No,No,0.5188047985268797,Medium
7151,Jul,Ford,Third Party,No,No,0.0028808582385970497,Low
7152,Jul,Honda,Policy Holder,No,No,0.5499373054281,Medium
7153,Aug,Pontiac,Third Party,No,No,0.020755608309377834,Low
7154,Dec,Mazda,Third Party,No,No,0.022296589460912605,Low
7155,Mar,Mazda,Third Party,No,No,0.042369002703820206,Low
7156,Mar,Pontiac,Policy Holder,No,No,0.0883813960392327,Low
7157,Mar,Mazda,Policy Holder,No,No,0.6767388738372881,High
7158,Mar,Ford,Policy Holder,No,No,0.872165757039549,High
7159,May,Accura,Policy Holder,No,No,0.07862866782182971,Low
7160,Oct,Honda,Policy Holder,No,No,0.5964840722953427,Medium
7161,Jul,Pontiac,Policy Holder,No,No,0.47222120472081036,Medium
7162,Aug,Toyota,Policy Holder,No,No,0.05241479363339128,Low
7163,Oct,Chevrolet,Policy Holder,No,No,0.13548624936136738,Low
7164,Oct,Pontiac,Third Party,Yes,Yes,0.013513958908695662,Low
7165,Oct,VW,Third Party,No,No,0.030644037219539778,Low
7166,Oct,Honda,Policy Holder,No,No,0.5127515304364116,Medium
7167,Apr,Pontiac,Policy Holder,No,No,0.7854774282487416,High
7168,Apr,Pontiac,Policy Holder,No,No,0.6759809621452108,High
7169,May,Pontiac,Policy Holder,No,No,0.07501602218545858,Low
7170,Oct,Pontiac,Third Party,No,No,0.06971382206635679,Low
7171,May,Toyota,Policy Holder,No,No,0.8351175683079302,High
7172,Jun,Pontiac,Policy Holder,No,No,0.8846185459655438,High
7173,Aug,Mazda,Policy Holder,No,No,0.6846600100611955,High
7174,Aug,Pontiac,Policy Holder,No,No,0.08324158230223855,Low
7175,Nov,Pontiac,Policy Holder,No,No,0.3267174469441484,Medium
7176,Dec,Mazda,Policy Holder,No,No,0.7000850376304543,High
7177,Oct,Chevrolet,Policy Holder,No,No,0.12574886601377647,Low
7178,Mar,Toyota,Policy Holder,No,No,0.7701665804529835,High
7179,Jan,Accura,Third Party,No,No,0.10914264362673233,Low
7180,Mar,Chevrolet,Policy Holder,No,No,0.1351936363691597,Low
7181,Oct,Honda,Policy Holder,No,No,0.7136099810641846,High
7182,May,Toyota,Policy Holder,No,No,0.7015990926534809,High
7183,May,Ford,Policy Holder,No,No,0.6549443913392579,High
7184,Jul,Chevrolet,Policy Holder,No,No,0.6130587300540243,High
7185,Jul,Pontiac,Policy Holder,No,No,0.5741073242572332,Medium
7186,Sep,Mazda,Policy Holder,No,No,0.07264785004246041,Low
7187,Sep,Pontiac,Third Party,Yes,No,0.06546673047439684,Low
7188,Sep,Pontiac,Third Party,Yes,No,0.030864069583794843,Low
7189,Oct,Mazda,Third Party,No,No,0.00155609098013552,Low
7190,Oct,Pontiac,Third Party,No,No,0.29460647494911607,Low
7191,Oct,Chevrolet,Policy Holder,No,No,0.7531252588555587,High
7192,May,Honda,Policy Holder,No,No,0.9879912093477735,High
7193,May,Toyota,Policy Holder,No,No,0.14421695082861555,Low
7194,Oct,Mazda,Third Party,No,No,0.04210261621755211,Low
7195,Jul,Chevrolet,Third Party,No,No,0.045077888017315805,Low
7196,Jun,Toyota,Policy Holder,No,No,0.08307367234861936,Low
7197,Aug,Pontiac,Policy Holder,No,No,0.1048614757405393,Low
7198,Oct,Honda,Third Party,No,No,0.04050430000631501,Low
7199,Oct,Honda,Policy Holder,No,No,0.0539524669829009,Low
7200,Sep,Honda,Policy Holder,No,No,0.5650201976157759,Medium
7201,Sep,Toyota,Policy Holder,No,No,0.6145530293811448,High
7202,Jun,Toyota,Third Party,No,No,0.09467619450271424,Low
7203,Jun,Toyota,Policy Holder,No,No,0.7304531386727574,High
7204,Oct,Pontiac,Third Party,Yes,No,0.043111347173948024,Low
7205,Jan,Toyota,Third Party,No,No,0.07989331540683513,Low
7206,Jul,Toyota,Policy Holder,No,No,0.45019385663224226,Medium
7207,Jul,Mazda,Policy Holder,No,No,0.0828084378323862,Low
7208,Nov,Toyota,Third Party,No,No,0.05304723861851912,Low
7209,Nov,VW,Third Party,No,No,0.017987324590655763,Low
7210,Sep,Honda,Third Party,No,No,0.032810625248464634,Low
7211,Sep,Toyota,Third Party,No,No,0.035779412743489905,Low
7212,Jun,Toyota,Policy Holder,No,No,0.09735217228658431,Low
7213,Oct,Chevrolet,Policy Holder,No,No,0.7815049000402741,High
7214,Jun,Honda,Policy Holder,No,No,0.08451001401985529,Low
7215,Oct,Mazda,Third Party,No,No,0.09671776926463396,Low
7216,Apr,Toyota,Policy Holder,Yes,No,0.791606126605455,High
7217,Aug,Chevrolet,Policy Holder,No,No,0.4952616055519939,Medium
7218,Oct,Chevrolet,Third Party,No,No,0.08734053651474044,Low
7219,Jun,Honda,Policy Holder,No,No,0.11883898848035683,Low
7220,Jun,Pontiac,Third Party,No,No,0.09071900322463182,Low
7221,May,Mazda,Policy Holder,No,No,0.11407509097815656,Low
7222,May,Mazda,Policy Holder,No,No,0.585123737694475,Medium
7223,May,Pontiac,Policy Holder,No,No,0.7394660634754158,High
7224,May,Pontiac,Policy Holder,No,No,0.8665378336701541,High
7225,Mar,Ford,Policy Holder,No,No,0.6664298034946641,High
7226,Nov,Toyota,Policy Holder,No,No,0.10795385165807804,Low
7227,Oct,Toyota,Policy Holder,No,No,0.1176202672497443,Low
7228,Sep,Toyota,Third Party,No,No,0.038598561131192456,Low
7229,Oct,Toyota,Third Party,No,No,0.0375422953920098,Low
7230,Oct,Mazda,Policy Holder,No,No,0.4875240139031332,Medium
7231,May,VW,Policy Holder,No,No,0.29988982190208724,Low
7232,May,Accura,Policy Holder,No,No,0.16572474845856042,Low
7233,Oct,Pontiac,Third Party,No,No,0.07362585820156667,Low
7234,Oct,Chevrolet,Policy Holder,No,No,0.07875766396896856,Low
7235,Oct,Honda,Third Party,No,No,0.0029927684747044093,Low
7236,Nov,Pontiac,Policy Holder,No,No,0.4053995076481597,Medium
7237,Oct,Honda,Third Party,No,No,0.04931084359885218,Low
7238,Oct,Mazda,Policy Holder,No,No,0.0883767565367711,Low
7239,Jun,Toyota,Policy Holder,No,No,0.8618310871240582,High
7240,Jun,Honda,Policy Holder,No,No,0.0874059323898705,Low
7241,May,Chevrolet,Policy Holder,No,No,0.7296519286688921,High
7242,May,Toyota,Third Party,No,No,0.005415555566324555,Low
7243,Apr,Mazda,Policy Holder,No,No,0.9822150934620737,High
7244,Apr,Mazda,Third Party,No,No,0.003019558126654809,Low
7245,Nov,Honda,Policy Holder,No,No,0.3882212586234635,Medium
7246,Nov,Pontiac,Third Party,No,No,0.026254463639042897,Low
7247,Jul,Honda,Policy Holder,No,No,0.6145669227970383,High
7248,Jun,Mazda,Policy Holder,No,No,0.8046853760151562,High
7249,Apr,Toyota,Policy Holder,No,No,0.6733149473877434,High
7250,Mar,VW,Policy Holder,No,No,0.025615337649072586,Low
7251,Feb,Accura,Policy Holder,No,No,0.7145347300012947,High
7252,Oct,Toyota,Policy Holder,No,No,0.549237108459767,Medium
7253,Sep,Toyota,Policy Holder,No,No,0.7054495838498148,High
7254,Sep,Mazda,Third Party,No,No,0.03375221090983292,Low
7255,Aug,Honda,Policy Holder,No,No,0.1133428504683982,Low
7256,Aug,Mazda,Policy Holder,No,No,0.01523998547446316,Low
7257,Jul,VW,Third Party,No,No,0.00028797479660898123,Low
7258,Jun,Mazda,Policy Holder,No,No,0.27742540583089303,Low
7259,May,Pontiac,Policy Holder,No,No,0.7010066064653064,High
7260,Oct,Chevrolet,Third Party,No,No,0.08067261599955931,Low
7261,Apr,Mercury,Policy Holder,No,No,0.7499265805843379,High
7262,Apr,Honda,Policy Holder,No,No,0.0649266142115342,Low
7263,Apr,Chevrolet,Policy Holder,No,No,0.150480730534517,Low
7264,Jul,Toyota,Policy Holder,No,No,0.10596836101622895,Low
7265,Jul,Honda,Policy Holder,No,No,0.06904389123744317,Low
7266,Mar,Honda,Third Party,No,No,0.0024159070395089323,Low
7267,Mar,Chevrolet,Policy Holder,No,No,0.09575930194943685,Low
7268,Apr,Toyota,Policy Holder,No,No,0.08408577867733838,Low
7269,Apr,Pontiac,Policy Holder,No,No,0.08508323607181953,Low
7270,Feb,Honda,Policy Holder,No,No,0.13833881890592298,Low
7271,Feb,Mazda,Policy Holder,No,No,0.12051358875970142,Low
7272,Feb,Honda,Policy Holder,No,No,0.6057359693280788,High
7273,Feb,Toyota,Policy Holder,No,No,0.6576341134439248,High
7274,Nov,Honda,Policy Holder,No,No,0.5328217915126253,Medium
7275,Oct,Pontiac,Third Party,No,No,0.0023702455053028555,Low
7276,Jan,Ford,Third Party,No,No,0.0077678149195670775,Low
7277,Feb,Pontiac,Policy Holder,No,No,0.12835661340111149,Low
7278,Feb,Pontiac,Third Party,No,No,0.058093109316230226,Low
7279,Feb,Honda,Policy Holder,No,No,0.8816563537667294,High
7280,Feb,Toyota,Policy Holder,No,No,0.847376930893357,High
7281,Feb,Toyota,Policy Holder,No,No,0.2043276658652262,Low
7282,Feb,Chevrolet,Policy Holder,No,No,0.8123846862519912,High
7283,Mar,Pontiac,Policy Holder,No,No,0.7686685478742692,High
7284,Mar,Toyota,Policy Holder,No,No,0.767361928000723,High
7285,Mar,Chevrolet,Third Party,No,No,0.08179426974683526,Low
7286,Mar,Honda,Third Party,No,No,0.05823322850144151,Low
7287,Mar,Mazda,Policy Holder,No,No,0.6846558167747177,High
7288,Mar,Honda,Policy Holder,No,No,0.8111962765051036,High
7289,Apr,Toyota,Policy Holder,No,No,0.11586718636868308,Low
7290,Apr,Mazda,Policy Holder,No,No,0.12335970542699037,Low
7291,Apr,Toyota,Policy Holder,No,No,0.7397546805739489,High
7292,Apr,Honda,Policy Holder,No,No,0.16076561620137872,Low
7293,Sep,Pontiac,Policy Holder,No,No,0.78124117470121,High
7294,Dec,Toyota,Policy Holder,No,No,0.5530989328049364,Medium
7295,Dec,Toyota,Policy Holder,No,No,0.5303364622082535,Medium
7296,Feb,Pontiac,Policy Holder,No,No,0.1051778148305215,Low
7297,Feb,Honda,Third Party,No,No,0.04057591273742702,Low
7298,Feb,Mazda,Policy Holder,No,No,0.582552823779596,Medium
7299,Feb,Toyota,Third Party,No,No,0.1428226900089371,Low
7300,Feb,Toyota,Policy Holder,No,No,0.5662094206968619,Medium
7301,Mar,Pontiac,Policy Holder,No,No,0.6340014098686282,High
7302,Mar,Chevrolet,Policy Holder,No,No,0.12453052348606851,Low
7303,Mar,Toyota,Policy Holder,No,No,0.7479320329455093,High
7304,Mar,Honda,Policy Holder,No,No,0.08789383303381026,Low
7305,Mar,Honda,Policy Holder,No,No,0.14214072572190636,Low
7306,Mar,Mazda,Third Party,No,No,0.04917390064159373,Low
7307,Jun,Toyota,Policy Holder,No,No,0.6395831514317637,High
7308,Jun,Toyota,Third Party,No,No,0.03762669259636122,Low
7309,Jun,Honda,Third Party,No,No,0.0016954942176739636,Low
7310,Jun,Pontiac,Third Party,No,No,0.09610583865973796,Low
7311,Jul,Pontiac,Policy Holder,No,No,0.07046712620508123,Low
7312,Jul,Pontiac,Policy Holder,No,No,0.6957064056934096,High
7313,Nov,Mazda,Policy Holder,No,No,0.3641771086113591,Medium
7314,Nov,Toyota,Policy Holder,No,No,0.49841830639129187,Medium
7315,Nov,Toyota,Policy Holder,No,No,0.06091378012000322,Low
7316,Oct,Honda,Policy Holder,No,No,0.5728535999932557,Medium
7317,Oct,Pontiac,Policy Holder,No,No,0.7453672420962285,High
7318,Jul,Honda,Policy Holder,No,No,0.09262705873802149,Low
7319,Jun,Chevrolet,Third Party,No,No,0.05130762973164517,Low
7320,Jun,Honda,Third Party,No,No,0.0024223611536805557,Low
7321,Jun,Honda,Third Party,No,No,0.17723326722710261,Low
7322,Jun,Pontiac,Third Party,No,No,0.0582779910439748,Low
7323,Jun,Honda,Policy Holder,No,No,0.09713408139157864,Low
7324,Apr,Pontiac,Policy Holder,No,No,0.10785597241709441,Low
7325,Oct,Pontiac,Policy Holder,No,No,0.6590150460014559,High
7326,Mar,Pontiac,Policy Holder,No,No,0.708684204295201,High
7327,Oct,Chevrolet,Third Party,No,No,0.08894291748635783,Low
7328,Mar,Honda,Third Party,No,No,0.003051688866631219,Low
7329,Mar,Mazda,Policy Holder,No,No,0.7566619034471512,High
7330,Mar,Mazda,Policy Holder,No,No,0.667756979609378,High
7331,Mar,Pontiac,Policy Holder,No,No,0.5137813801126845,Medium
7332,Mar,Toyota,Policy Holder,No,No,0.6144656958923694,High
7333,Mar,Pontiac,Third Party,Yes,No,0.04260175154582404,Low
7334,Mar,Ford,Policy Holder,No,No,0.7960401456225918,High
7335,Mar,Pontiac,Policy Holder,No,No,0.6058715873051247,High
7336,Mar,Chevrolet,Policy Holder,No,No,0.6451807588094239,High
7337,Oct,Pontiac,Policy Holder,No,No,0.7293779382649933,High
7338,Feb,Toyota,Policy Holder,No,No,0.6888752364537696,High
7339,Dec,Honda,Policy Holder,No,No,0.7050186126925837,High
7340,Oct,Toyota,Policy Holder,No,No,0.6065480851536799,High
7341,Oct,Honda,Policy Holder,No,No,0.05346421252545981,Low
7342,Oct,Honda,Third Party,No,No,0.04215568717479909,Low
7343,Oct,Honda,Third Party,No,No,0.0297612659930215,Low
7344,Sep,Honda,Third Party,No,No,0.04154644513866342,Low
7345,Sep,Mazda,Policy Holder,No,No,0.820281937002722,High
7346,Jul,Mazda,Policy Holder,No,No,0.07449737739095218,Low
7347,Jun,Toyota,Policy Holder,No,No,0.10072446943609956,Low
7348,Jul,Honda,Policy Holder,No,No,0.1148401847142182,Low
7349,Jun,Pontiac,Policy Holder,No,No,0.6150149605422832,High
7350,May,Toyota,Policy Holder,No,No,0.6554823946133109,High
7351,Apr,Pontiac,Policy Holder,No,No,0.07011213392079375,Low
7352,Apr,Mazda,Policy Holder,Yes,No,0.09320854884571035,Low
7353,Apr,Honda,Third Party,No,No,0.002572946432152331,Low
7354,Apr,Mazda,Policy Holder,No,No,0.5975670308414387,Medium
7355,Apr,Pontiac,Policy Holder,No,No,0.13391803923155643,Low
7356,Apr,Honda,Policy Holder,No,No,0.8450525416823478,High
7357,Mar,Toyota,Third Party,No,No,0.06633113336262882,Low
7358,Mar,Mazda,Policy Holder,No,No,0.15577626299933053,Low
7359,Mar,Chevrolet,Policy Holder,No,No,0.08418712871715131,Low
7360,Oct,Chevrolet,Policy Holder,No,No,0.8038636373537864,High
7361,Mar,Accura,Policy Holder,No,No,0.8726892456024403,High
7362,Mar,Toyota,Third Party,No,No,0.06391488974754517,Low
7363,Mar,Toyota,Third Party,No,No,0.04942568545515586,Low
7364,Mar,Mazda,Third Party,No,No,0.10358358541946419,Low
7365,Mar,Chevrolet,Policy Holder,No,No,0.6969616558315247,High
7366,Mar,Mazda,Policy Holder,No,No,0.6975813435022123,High
7367,Feb,Chevrolet,Policy Holder,No,No,0.8118221812136087,High
7368,Feb,Saab,Third Party,No,No,0.0045960864371833565,Low
7369,Feb,Pontiac,Policy Holder,No,No,0.8018207768859962,High
7370,Feb,Mazda,Policy Holder,No,No,0.5339580401944548,Medium
7371,Feb,Toyota,Policy Holder,No,No,0.7425380639010811,High
7372,Feb,Accura,Policy Holder,No,No,0.8474657546399559,High
7373,Feb,Mazda,Policy Holder,No,No,0.6480610716575864,High
7374,Feb,Chevrolet,Policy Holder,No,No,0.8230527100657299,High
7375,Jan,Mazda,Policy Holder,No,No,0.6647331025863666,High
7376,Nov,Chevrolet,Policy Holder,No,No,0.09419190822361212,Low
7377,Dec,Honda,Policy Holder,No,No,0.5345741021955741,Medium
7378,May,Honda,Third Party,No,No,0.06011331281172499,Low
7379,Jun,Honda,Policy Holder,No,No,0.762875231384717,High
7380,Jun,Pontiac,Policy Holder,No,No,0.7622805100295683,High
7381,Jun,Accura,Third Party,No,No,0.07890963613214408,Low
7382,Jun,Honda,Policy Holder,No,No,0.17296202992879584,Low
7383,Aug,Honda,Policy Holder,No,No,0.12007434143558132,Low
7384,Nov,Honda,Policy Holder,No,No,0.048576119535113316,Low
7385,Oct,Toyota,Third Party,No,No,0.030006224357407723,Low
7386,Oct,Mazda,Third Party,No,No,0.035847046254268225,Low
7387,Oct,Toyota,Third Party,No,Yes,0.031052879690178482,Low
7388,Jul,Toyota,Policy Holder,No,No,0.07167995018072716,Low
7389,Nov,Chevrolet,Policy Holder,No,No,0.1715566613558463,Low
7390,Jun,Honda,Policy Holder,No,No,0.1698791458364703,Low
7391,May,Mazda,Policy Holder,No,No,0.6128066217444186,High
7392,Sep,Toyota,Third Party,No,No,0.03601601438469365,Low
7393,Oct,Pontiac,Policy Holder,No,No,0.4840262776186791,Medium
7394,Oct,Pontiac,Third Party,No,No,0.07928763590378432,Low
7395,Oct,Honda,Policy Holder,No,No,0.8414671341563323,High
7396,Nov,Mazda,Third Party,No,No,0.6336131213485376,High
7397,Nov,Accura,Policy Holder,No,No,0.5572903790354272,Medium
7398,Dec,Pontiac,Policy Holder,No,No,0.711888564833152,High
7399,Apr,Honda,Policy Holder,No,No,0.7446484808813104,High
7400,Oct,Mazda,Third Party,No,No,0.005606950252980937,Low
7401,Mar,Mazda,Third Party,No,No,0.0033130152014222637,Low
7402,May,Toyota,Policy Holder,No,No,0.11742779734834574,Low
7403,May,Mazda,Third Party,No,No,0.054962291852992166,Low
7404,May,Toyota,Policy Holder,No,No,0.8629040329208176,High
7405,May,Chevrolet,Policy Holder,No,No,0.14984510166794646,Low
7406,Jun,Pontiac,Policy Holder,No,No,0.6108707036166229,High
7407,Aug,Pontiac,Third Party,No,No,0.05329554866109795,Low
7408,Jul,Pontiac,Policy Holder,No,No,0.4177522037262651,Medium
7409,Oct,Honda,Policy Holder,No,No,0.7546625889226645,High
7410,Sep,Accura,Policy Holder,No,No,0.8082509871079868,High
7411,Sep,Toyota,Policy Holder,No,No,0.7309516452242937,High
7412,Nov,Chevrolet,Third Party,No,No,0.0017211886598009034,Low
7413,Oct,Pontiac,Third Party,No,No,0.06039419350214881,Low
7414,Nov,Toyota,Policy Holder,No,No,0.44532305717119003,Medium
7415,May,Toyota,Third Party,No,No,0.0464436742942238,Low
7416,May,Toyota,Policy Holder,No,No,0.6400959058269183,High
7417,Sep,Mazda,Policy Holder,No,No,0.11581740885124547,Low
7418,Jul,Chevrolet,Policy Holder,No,No,0.5090577684810217,Medium
7419,Oct,Mazda,Policy Holder,No,No,0.5804703592097761,Medium
7420,Sep,Chevrolet,Policy Holder,No,No,0.07281885118697339,Low
7421,Sep,Honda,Policy Holder,No,No,0.6226257684310019,High
7422,Jul,Honda,Third Party,No,No,0.039247827411717034,Low
7423,Oct,Toyota,Policy Holder,No,No,0.730492768988382,High
7424,Jul,Pontiac,Policy Holder,No,No,0.06997935283850863,Low
7425,Dec,Chevrolet,Third Party,No,No,0.06251463416289624,Low
7426,Jan,Pontiac,Policy Holder,No,No,0.579398781202543,Medium
7427,Jan,Honda,Policy Holder,No,No,0.7650228019061559,High
7428,Oct,Pontiac,Policy Holder,No,No,0.5778390998620963,Medium
7429,Mar,Toyota,Policy Holder,No,No,0.20704152333207862,Low
7430,Feb,Honda,Policy Holder,No,No,0.13750393932886742,Low
7431,Feb,Mazda,Third Party,No,No,0.030330962696574242,Low
7432,Nov,Pontiac,Policy Holder,No,No,0.02985572481215438,Low
7433,Oct,Pontiac,Policy Holder,No,No,0.02075447413631312,Low
7434,Feb,Honda,Policy Holder,No,No,0.08193871984314895,Low
7435,Feb,Ford,Policy Holder,No,No,0.1710988773335397,Low
7436,Feb,Toyota,Policy Holder,No,No,0.14795586953926002,Low
7437,Feb,Pontiac,Policy Holder,No,No,0.07660163213409411,Low
7438,Feb,Pontiac,Policy Holder,No,No,0.06626872882608344,Low
7439,Jan,Chevrolet,Policy Holder,No,No,0.6274836301756418,High
7440,Oct,Toyota,Policy Holder,No,No,0.8264754999051043,High
7441,Jan,Mazda,Policy Holder,No,No,0.11652202510290484,Low
7442,Dec,Honda,Policy Holder,No,No,0.5488864792474574,Medium
7443,Dec,Toyota,Policy Holder,No,No,0.07170749000558936,Low
7444,Nov,Honda,Third Party,No,No,0.03326588924106808,Low
7445,Mar,Toyota,Policy Holder,No,No,0.14855276405685058,Low
7446,Aug,Mazda,Policy Holder,No,No,0.6248804161054258,High
7447,Mar,Chevrolet,Policy Holder,No,No,0.9936319652151722,High
7448,Oct,Toyota,Policy Holder,No,No,0.12127901209378253,Low
7449,Jun,Toyota,Third Party,No,No,0.12683648613699292,Low
7450,Jul,Pontiac,Third Party,No,No,0.0723609672154339,Low
7451,Jul,Pontiac,Policy Holder,Yes,No,0.451959218545224,Medium
7452,Jul,Pontiac,Policy Holder,No,No,0.055784309314417614,Low
7453,Aug,Pontiac,Third Party,No,Yes,0.003558612949948527,Low
7454,Aug,Toyota,Policy Holder,No,No,0.16006918024407468,Low
7455,Aug,Honda,Third Party,No,No,0.06173787089155263,Low
7456,Jun,Toyota,Policy Holder,No,No,0.6479550667787639,High
7457,May,Mazda,Third Party,No,No,0.005336482886623329,Low
7458,May,Chevrolet,Policy Holder,No,No,0.7083876386300575,High
7459,May,Honda,Policy Holder,No,No,0.8568135299756937,High
7460,May,Mazda,Third Party,No,No,0.03995963705671261,Low
7461,Oct,Mazda,Policy Holder,No,No,0.5612737347345246,Medium
7462,Oct,Mazda,Policy Holder,No,No,0.7041162492757698,High
7463,Sep,Toyota,Policy Holder,No,No,0.5257015001142529,Medium
7464,May,Mazda,Policy Holder,No,No,0.1373531464435373,Low
7465,May,Dodge,Policy Holder,No,No,0.5143436275342322,Medium
7466,Oct,Honda,Policy Holder,No,No,0.5890531618791413,Medium
7467,Apr,Toyota,Third Party,No,No,0.31247986409525397,Medium
7468,Apr,Toyota,Policy Holder,No,No,0.6519253279110746,High
7469,Nov,Toyota,Policy Holder,No,No,0.44532344965125875,Medium
7470,Jul,Chevrolet,Policy Holder,No,No,0.5447317414961816,Medium
7471,Jul,Toyota,Policy Holder,No,No,0.10740246899997151,Low
7472,Jul,Chevrolet,Policy Holder,Yes,Yes,0.42307257750736926,Medium
7473,Dec,Honda,Policy Holder,No,No,0.2404399283246758,Low
7474,Feb,Chevrolet,Policy Holder,No,No,0.7370340196483663,High
7475,Mar,Chevrolet,Policy Holder,No,No,0.7516838060246582,High
7476,Mar,Toyota,Policy Holder,No,No,0.8225468155455394,High
7477,Oct,Toyota,Policy Holder,No,No,0.5873069461546948,Medium
7478,Apr,Honda,Policy Holder,No,No,0.6992620496703564,High
7479,Oct,Honda,Third Party,No,No,0.05080893610084268,Low
7480,Apr,Mazda,Policy Holder,No,No,0.6117788431268005,High
7481,Apr,Honda,Policy Holder,No,No,0.20475434114458854,Low
7482,May,Chevrolet,Policy Holder,No,No,0.11065887376111747,Low
7483,May,Toyota,Policy Holder,No,No,0.10620491507924852,Low
7484,Oct,Pontiac,Third Party,No,No,0.08860948787421072,Low
7485,Jun,Toyota,Third Party,No,No,0.05250262483969218,Low
7486,Jun,VW,Policy Holder,No,No,0.02420190301132693,Low
7487,Jun,Toyota,Policy Holder,No,No,0.1463008199339979,Low
7488,Jun,Pontiac,Policy Holder,No,No,0.6448409716897474,High
7489,Jul,Honda,Policy Holder,No,No,0.031948329870246546,Low
7490,Jul,Pontiac,Policy Holder,No,No,0.2292086910011381,Low
7491,Aug,VW,Policy Holder,No,No,0.21635954499482127,Low
7492,Oct,Accura,Third Party,No,No,0.05673075605104432,Low
7493,Oct,Pontiac,Third Party,No,No,0.058845764095993895,Low
7494,Oct,VW,Policy Holder,No,No,0.023020819237314943,Low
7495,Oct,Accura,Policy Holder,No,No,0.7338275266563903,High
7496,Oct,Honda,Third Party,No,No,0.1565248704318513,Low
7497,Oct,Toyota,Third Party,No,No,0.07074588650184002,Low
7498,Oct,Toyota,Third Party,No,No,0.6690492403973393,High
7499,Oct,Mazda,Policy Holder,No,No,0.40394779205159714,Medium
7500,Nov,Chevrolet,Policy Holder,No,No,0.06208074433369249,Low
7501,Feb,Pontiac,Policy Holder,No,No,0.6779670587995794,High
7502,Feb,Pontiac,Policy Holder,No,No,0.7948146168661955,High
7503,Apr,Pontiac,Third Party,No,No,0.07354912808539044,Low
7504,Apr,Pontiac,Policy Holder,No,No,0.620471705161414,High
7505,Oct,Pontiac,Policy Holder,No,No,0.5988278658972789,Medium
7506,Apr,Chevrolet,Policy Holder,No,No,0.16298817257298553,Low
7507,May,Mazda,Policy Holder,No,No,0.09592293686232639,Low
7508,May,Toyota,Third Party,No,No,0.006016521696858911,Low
7509,May,Pontiac,Policy Holder,No,No,0.12333364632633871,Low
7510,May,VW,Policy Holder,No,No,0.3172787831141322,Medium
7511,Jun,Pontiac,Policy Holder,No,No,0.5934016636006304,Medium
7512,Jun,Mazda,Policy Holder,No,No,0.07206628128355182,Low
7513,Jul,Toyota,Policy Holder,No,No,0.4273981628214636,Medium
7514,Jul,Mazda,Policy Holder,No,No,0.7088468853946005,High
7515,Jul,Toyota,Policy Holder,No,No,0.05224540171129896,Low
7516,Jul,Toyota,Third Party,No,No,0.04202600465481185,Low
7517,Jul,Mazda,Policy Holder,No,No,0.47040381761655564,Medium
7518,Jul,Pontiac,Policy Holder,No,No,0.5402097218552815,Medium
7519,Jul,Honda,Policy Holder,No,No,0.07394489388347197,Low
7520,Jul,Pontiac,Policy Holder,No,No,0.548852426876143,Medium
7521,Jul,Mazda,Policy Holder,No,No,0.07958995699096214,Low
7522,Oct,Pontiac,Policy Holder,No,No,0.7440066019696256,High
7523,Oct,Mazda,Policy Holder,No,No,0.6767891848298387,High
7524,Nov,Honda,Third Party,No,No,0.02603215562700224,Low
7525,Nov,Mazda,Third Party,Yes,No,0.027450521479473196,Low
7526,Nov,Pontiac,Third Party,No,No,0.019372447151232052,Low
7527,Nov,Mazda,Policy Holder,No,No,0.03652993737156419,Low
7528,Nov,VW,Policy Holder,Yes,No,0.07056624545745196,Low
7529,Nov,Mazda,Policy Holder,No,No,0.35320280765130224,Medium
7530,Dec,Toyota,Policy Holder,No,No,0.6376080195328118,High
7531,Nov,Toyota,Third Party,No,No,0.021267674220308695,Low
7532,Nov,Pontiac,Policy Holder,No,No,0.07631661841282522,Low
7533,Nov,Mazda,Policy Holder,No,No,0.052751595598599765,Low
7534,Nov,Pontiac,Policy Holder,No,No,0.044910813745769364,Low
7535,Nov,Chevrolet,Third Party,Yes,No,0.05282943647108009,Low
7536,Nov,Honda,Policy Holder,No,No,0.04642045640390885,Low
7537,Oct,Pontiac,Policy Holder,No,No,0.7991235725323111,High
7538,Aug,Ford,Policy Holder,No,No,0.7909802192567742,High
7539,Aug,Pontiac,Policy Holder,No,No,0.6520337513372142,High
7540,Aug,Chevrolet,Third Party,No,No,0.003743856573015041,Low
7541,Jul,Toyota,Policy Holder,Yes,No,0.8059193726648777,High
7542,Jul,Chevrolet,Policy Holder,No,No,0.18201358037241425,Low
7543,Jul,Honda,Policy Holder,No,No,0.5753636643186453,Medium
7544,Jul,Toyota,Policy Holder,No,No,0.6754224978948534,High
7545,Jul,Toyota,Policy Holder,No,No,0.29351194428617644,Low
7546,Jul,Honda,Policy Holder,No,No,0.6036596581012417,High
7547,Jul,Pontiac,Policy Holder,No,No,0.06877092784792616,Low
7548,Jul,Pontiac,Third Party,No,Yes,0.019031710072177105,Low
7549,Jul,Toyota,Policy Holder,No,No,0.9625143751481514,High
7550,Jun,Pontiac,Policy Holder,No,No,0.09416236327234746,Low
7551,Jun,Chevrolet,Policy Holder,No,No,0.16436805136339436,Low
7552,May,Toyota,Policy Holder,No,No,0.11410037926471596,Low
7553,May,Accura,Policy Holder,No,No,0.7275673544002756,High
7554,May,Pontiac,Policy Holder,No,No,0.2986619270749397,Low
7555,Oct,Accura,Policy Holder,No,No,0.6844629652273635,High
7556,Oct,Toyota,Policy Holder,No,No,0.5318872454375213,Medium
7557,May,Mazda,Policy Holder,No,No,0.12278150999850124,Low
7558,May,Honda,Policy Holder,No,No,0.1662808821661905,Low
7559,Oct,Ford,Policy Holder,No,No,0.7022276398445879,High
7560,May,Pontiac,Policy Holder,No,No,0.15557036111755335,Low
7561,May,Toyota,Policy Holder,No,No,0.0676057661105554,Low
7562,May,Toyota,Third Party,No,No,0.06804143144446885,Low
7563,Apr,Mazda,Policy Holder,No,No,0.7331773107141415,High
7564,Apr,Mazda,Third Party,No,No,0.004848493170331695,Low
7565,Apr,Mazda,Third Party,No,No,0.0044816935947200355,Low
7566,Apr,Pontiac,Policy Holder,No,No,0.6745852985416287,High
7567,Apr,Mazda,Third Party,No,No,0.12234504068556289,Low
7568,Oct,Pontiac,Policy Holder,No,No,0.7075258445514343,High
7569,Mar,Pontiac,Policy Holder,No,No,0.5965577016258758,Medium
7570,Mar,Chevrolet,Third Party,No,No,0.08693185822090078,Low
7571,Mar,Honda,Third Party,No,No,0.05209705744918488,Low
7572,Dec,Honda,Policy Holder,No,No,0.08125382774778865,Low
7573,Dec,Pontiac,Policy Holder,No,No,0.48480867442725106,Medium
7574,Nov,Mazda,Policy Holder,No,No,0.3638423525056636,Medium
7575,Nov,Honda,Third Party,No,No,0.029953692991395536,Low
7576,Nov,Honda,Policy Holder,No,No,0.11006252441198533,Low
7577,Oct,Toyota,Policy Holder,No,No,0.6614851703738021,High
7578,Oct,Chevrolet,Policy Holder,No,No,0.7432430893947789,High
7579,Oct,Toyota,Third Party,No,No,0.025487823021597234,Low
7580,Oct,Toyota,Policy Holder,No,No,0.6011676219371196,High
7581,Oct,Toyota,Third Party,No,No,0.0035321324888545422,Low
7582,Sep,Toyota,Third Party,No,No,0.028351426046769098,Low
7583,Sep,Mazda,Policy Holder,No,No,0.06868379069483381,Low
7584,Oct,Toyota,Policy Holder,No,No,0.2020220446954624,Low
7585,Aug,Mazda,Policy Holder,No,No,0.6330974609776726,High
7586,Aug,Accura,Third Party,No,No,0.044927859697590146,Low
7587,Aug,Toyota,Policy Holder,No,No,0.5623864878272834,Medium
7588,Aug,Toyota,Policy Holder,No,No,0.6219972609689466,High
7589,Oct,Ford,Third Party,No,No,0.05223128538620479,Low
7590,Aug,Toyota,Policy Holder,No,No,0.6532591395663561,High
7591,Jul,Chevrolet,Third Party,No,No,0.035783319023137576,Low
7592,Jul,Honda,Policy Holder,No,No,0.05899421128756157,Low
7593,Jun,Pontiac,Policy Holder,No,No,0.5721498791649949,Medium
7594,Jun,Honda,Policy Holder,No,No,0.6880960091216022,High
7595,Jun,Honda,Policy Holder,No,No,0.7146471267466195,High
7596,Jun,Toyota,Policy Holder,No,No,0.644979511027549,High
7597,Jun,Accura,Policy Holder,No,No,0.12394938362423774,Low
7598,Jun,Mazda,Policy Holder,No,No,0.5924746353861421,Medium
7599,May,Pontiac,Policy Holder,No,No,0.7498859930247643,High
7600,May,Mazda,Policy Holder,No,No,0.8500540871922695,High
7601,May,Pontiac,Policy Holder,No,No,0.5616399685798109,Medium
7602,May,Pontiac,Policy Holder,No,No,0.6189491331786492,High
7603,Apr,Mazda,Third Party,No,No,0.035552061392424894,Low
7604,Apr,Pontiac,Policy Holder,No,No,0.7834392905545736,High
7605,Apr,Mazda,Policy Holder,No,No,0.6255345412703796,High
7606,Apr,Toyota,Third Party,No,No,0.00569723440288347,Low
7607,Apr,Toyota,Policy Holder,No,No,0.7608010068508354,High
7608,Apr,Pontiac,Policy Holder,No,No,0.7616861656704951,High
7609,Apr,Toyota,Policy Holder,No,No,0.789735051432206,High
7610,Mar,Toyota,Policy Holder,No,No,0.8135780532340325,High
7611,Mar,Chevrolet,Third Party,No,No,0.0030785611357107513,Low
7612,Oct,Mazda,Policy Holder,No,No,0.6644033427624465,High
7613,Dec,Pontiac,Policy Holder,No,No,0.08636245582406529,Low
7614,May,Honda,Policy Holder,Yes,No,0.2021154171917235,Low
7615,Aug,Toyota,Policy Holder,No,No,0.7470403032864822,High
7616,Nov,Chevrolet,Policy Holder,No,No,0.05087154403034901,Low
7617,Nov,Ford,Third Party,No,No,0.05038557406804498,Low
7618,Aug,Chevrolet,Policy Holder,No,No,0.8021571835905075,High
7619,Oct,Honda,Policy Holder,No,No,0.6264375103792692,High
7620,Oct,Mazda,Policy Holder,No,No,0.077140646639742,Low
7621,Dec,Toyota,Policy Holder,No,No,0.12301285119804987,Low
7622,Nov,Mazda,Policy Holder,No,No,0.30541833852121963,Medium
7623,May,Toyota,Policy Holder,No,No,0.7667505556681409,High
7624,Jul,Ford,Policy Holder,No,No,0.05997858942517259,Low
7625,Oct,Honda,Third Party,No,No,0.07068995628715884,Low
7626,Aug,Mazda,Policy Holder,No,No,0.49591960853281297,Medium
7627,Aug,Pontiac,Policy Holder,No,No,0.1380321672256678,Low
7628,Aug,Mazda,Policy Holder,No,No,0.053834503640757085,Low
7629,Jul,Toyota,Third Party,No,No,0.02238879430730238,Low
7630,Jul,Toyota,Policy Holder,No,No,0.6665047212487708,High
7631,Oct,Honda,Policy Holder,No,No,0.5849001788484787,Medium
7632,Sep,Pontiac,Policy Holder,No,No,0.07279241006512166,Low
7633,Jan,Toyota,Policy Holder,No,No,0.8298932070999854,High
7634,Jan,Toyota,Policy Holder,No,No,0.7353165861324628,High
7635,Jan,Honda,Policy Holder,No,No,0.16249574162735944,Low
7636,Jan,Chevrolet,Policy Holder,No,No,0.7195157131306855,High
7637,Oct,Toyota,Policy Holder,No,No,0.606853006391166,High
7638,Dec,Toyota,Third Party,No,No,0.02264581260907046,Low
7639,Nov,Toyota,Policy Holder,No,No,0.3202805168704181,Medium
7640,Feb,Pontiac,Policy Holder,No,No,0.1093862183466864,Low
7641,Jan,Toyota,Policy Holder,No,No,0.7204645906081528,High
7642,Mar,Toyota,Third Party,No,No,0.07646596355752286,Low
7643,Feb,Pontiac,Policy Holder,No,No,0.07993857529910864,Low
7644,Apr,Toyota,Policy Holder,No,No,0.24629794848871747,Low
7645,Apr,Honda,Policy Holder,No,No,0.7596083254631983,High
7646,Mar,Chevrolet,Third Party,No,No,0.03936237458646969,Low
7647,Jun,Chevrolet,Policy Holder,No,No,0.7419600888863648,High
7648,Jun,Pontiac,Third Party,No,No,0.0455881994527672,Low
7649,Sep,Pontiac,Policy Holder,No,No,0.1011100664955032,Low
7650,Sep,Honda,Policy Holder,No,No,0.5836342486496447,Medium
7651,Feb,VW,Third Party,No,No,0.3866859315117167,Medium
7652,Feb,Toyota,Policy Holder,No,No,0.1367227747078252,Low
7653,Mar,Chevrolet,Third Party,No,No,0.08940769194843859,Low
7654,Mar,Honda,Policy Holder,No,No,0.660996915723315,High
7655,Jun,Pontiac,Third Party,No,No,0.06181123114965555,Low
7656,Mar,Honda,Policy Holder,No,No,0.13473349148697097,Low
7657,Jun,Pontiac,Third Party,No,No,0.05659846031272767,Low
7658,Jun,Toyota,Policy Holder,No,No,0.49950795317855085,Medium
7659,Oct,Pontiac,Third Party,No,No,0.02981459182549906,Low
7660,Nov,Accura,Policy Holder,No,No,0.6073645783424665,High
7661,Oct,Pontiac,Third Party,No,No,0.04147867027006753,Low
7662,Jul,Chevrolet,Policy Holder,No,No,0.20744930753534008,Low
7663,Jul,Honda,Third Party,No,No,0.02469912744156067,Low
7664,Mar,Mazda,Policy Holder,No,No,0.13093536400405129,Low
7665,Mar,Honda,Policy Holder,No,No,0.8022453056153257,High
7666,Nov,Chevrolet,Policy Holder,No,No,0.3860634645690118,Medium
7667,Mar,Chevrolet,Policy Holder,No,No,0.7940404157598212,High
7668,Oct,Pontiac,Policy Holder,No,No,0.7175478402278074,High
7669,Oct,Pontiac,Policy Holder,No,No,0.8104198461741827,High
7670,Sep,Chevrolet,Policy Holder,No,No,0.10780718702187551,Low
7671,Aug,Pontiac,Policy Holder,No,No,0.7512990251831367,High
7672,Jul,Pontiac,Third Party,No,No,0.019457868642721893,Low
7673,Jun,Honda,Policy Holder,No,No,0.17605570835938197,Low
7674,May,Mazda,Policy Holder,No,No,0.7014109202255098,High
7675,Apr,Chevrolet,Policy Holder,No,No,0.665489533860678,High
7676,Apr,Chevrolet,Policy Holder,No,No,0.6541304939750638,High
7677,Apr,Toyota,Policy Holder,No,No,0.7201745310869885,High
7678,Apr,Accura,Third Party,Yes,No,0.12573428269454526,Low
7679,Feb,Pontiac,Policy Holder,No,No,0.5577430429671695,Medium
7680,Feb,Mazda,Policy Holder,No,No,0.6260882387860675,High
7681,Jan,Pontiac,Policy Holder,No,No,0.09434140608813171,Low
7682,Apr,Pontiac,Third Party,No,No,0.06846747541955019,Low
7683,Dec,Ford,Policy Holder,No,No,0.8193043941885397,High
7684,May,Pontiac,Third Party,No,No,0.032189082687352155,Low
7685,May,Pontiac,Policy Holder,No,No,0.6317244167862318,High
7686,Dec,Mazda,Policy Holder,No,No,0.40637515550774655,Medium
7687,Nov,Chevrolet,Policy Holder,No,No,0.35537269046874287,Medium
7688,Nov,Pontiac,Third Party,No,No,0.021986379116578022,Low
7689,Apr,Accura,Policy Holder,No,No,0.8135413242216786,High
7690,Dec,Mazda,Policy Holder,No,No,0.07375965791129754,Low
7691,Dec,Mazda,Policy Holder,No,No,0.6638801805709483,High
7692,Dec,Honda,Third Party,No,No,0.02570389553565412,Low
7693,Nov,Honda,Policy Holder,No,No,0.04145482784168955,Low
7694,Nov,Honda,Third Party,No,No,0.026946473496337293,Low
7695,Nov,Pontiac,Policy Holder,No,No,0.048087111768160204,Low
7696,Nov,Chevrolet,Third Party,No,No,0.025375249094498408,Low
7697,Nov,Accura,Policy Holder,No,No,0.4331032896903035,Medium
7698,Mar,Toyota,Policy Holder,No,No,0.7359406040641252,High
7699,Apr,Chevrolet,Policy Holder,No,No,0.20306158283153092,Low
7700,May,Mazda,Policy Holder,No,No,0.7095939615573397,High
7701,May,Chevrolet,Policy Holder,No,No,0.18318903169416872,Low
7702,Nov,Toyota,Third Party,No,No,0.6456875124357213,High
7703,Jun,Pontiac,Third Party,No,No,0.05743432452856784,Low
7704,Jul,Honda,Policy Holder,No,No,0.04217906101481375,Low
7705,Jul,Chevrolet,Policy Holder,No,No,0.05096175365597702,Low
7706,Jul,Pontiac,Policy Holder,No,No,0.07822676944054081,Low
7707,Sep,Mazda,Policy Holder,No,No,0.1069056185028844,Low
7708,Oct,Toyota,Policy Holder,No,No,0.517320098738149,Medium
7709,Nov,Toyota,Third Party,No,No,0.037883505011561285,Low
7710,Nov,Honda,Policy Holder,No,No,0.40022698703429344,Medium
7711,Nov,Mazda,Policy Holder,No,No,0.7292330194520747,High
7712,Nov,Honda,Policy Holder,No,No,0.46805740017546194,Medium
7713,Nov,Toyota,Third Party,No,No,0.002260389795728308,Low
7714,Dec,Pontiac,Third Party,No,No,0.042624347711597024,Low
7715,Apr,Pontiac,Policy Holder,No,No,0.778586555607625,High
7716,May,Pontiac,Policy Holder,No,No,0.5952944465761699,Medium
7717,Jul,Honda,Policy Holder,No,No,0.026485571646478943,Low
7718,Jul,Chevrolet,Policy Holder,No,No,0.06778348746423031,Low
7719,Jul,Honda,Policy Holder,No,No,0.09138264817535476,Low
7720,Aug,Mazda,Third Party,No,No,0.08935031371616017,Low
7721,Aug,Pontiac,Policy Holder,No,No,0.5448298572044841,Medium
7722,Sep,Mazda,Third Party,No,No,0.04790797402384184,Low
7723,Nov,Toyota,Policy Holder,No,No,0.03802930812419352,Low
7724,Dec,Honda,Third Party,No,No,0.0170680296077621,Low
7725,Nov,Accura,Third Party,No,No,0.06729701507778664,Low
7726,Nov,Honda,Policy Holder,No,No,0.4266285252572739,Medium
7727,Nov,Toyota,Policy Holder,No,No,0.524159483197905,Medium
7728,Nov,Honda,Policy Holder,No,No,0.2780934639911293,Low
7729,Oct,Chevrolet,Policy Holder,No,No,0.5304172269204083,Medium
7730,Nov,Pontiac,Policy Holder,No,No,0.6183363678273002,High
7731,Sep,Honda,Policy Holder,No,No,0.07190249164563708,Low
7732,Sep,Toyota,Policy Holder,No,No,0.10871714924812824,Low
7733,Sep,Mazda,Policy Holder,No,No,0.01991372452886433,Low
7734,Nov,Toyota,Third Party,No,No,0.04169715201430449,Low
7735,Aug,Pontiac,Policy Holder,No,No,0.6501770529111889,High
7736,Aug,Toyota,Policy Holder,No,No,0.19605270285024762,Low
7737,Aug,Mazda,Policy Holder,No,No,0.1057246558791272,Low
7738,Aug,Mazda,Policy Holder,No,No,0.1109457323872791,Low
7739,Aug,Mazda,Policy Holder,No,No,0.7033579679614059,High
7740,Aug,Chevrolet,Policy Holder,No,No,0.6241677351596131,High
7741,Aug,Toyota,Policy Holder,No,No,0.1320055168304757,Low
7742,Nov,Honda,Third Party,No,No,0.031413953802235765,Low
7743,Feb,Honda,Third Party,No,No,0.1950188351843813,Low
7744,Dec,Toyota,Third Party,No,No,0.10933881154077046,Low
7745,Nov,Chevrolet,Policy Holder,No,No,0.6416869521043642,High
7746,Nov,Pontiac,Policy Holder,No,No,0.5532254681388883,Medium
7747,Nov,Toyota,Third Party,No,No,0.0255844177366759,Low
7748,Nov,Honda,Third Party,No,No,0.018337725688077205,Low
7749,Nov,Pontiac,Third Party,No,No,0.017912469628383075,Low
7750,Nov,Chevrolet,Third Party,No,No,0.008001024193756024,Low
7751,Nov,Honda,Third Party,No,No,0.021883811254851216,Low
7752,Nov,Mazda,Policy Holder,No,No,0.06553548246709613,Low
7753,Oct,Chevrolet,Third Party,No,No,0.589433615211386,Medium
7754,Oct,Mazda,Policy Holder,No,No,0.8582681513136375,High
7755,Sep,Toyota,Policy Holder,No,No,0.07969157586351328,Low
7756,Aug,Mazda,Policy Holder,No,No,0.6243332627821809,High
7757,Aug,Honda,Third Party,No,No,0.04605900696593706,Low
7758,Jul,Pontiac,Policy Holder,No,No,0.4374750647858907,Medium
7759,Jul,Honda,Third Party,No,No,0.0025492393055655546,Low
7760,Jul,Toyota,Policy Holder,No,No,0.07319228144185472,Low
7761,Jul,Honda,Policy Holder,No,No,0.0839246898917068,Low
7762,Jul,Honda,Third Party,No,No,0.03635615489464169,Low
7763,Jul,Chevrolet,Third Party,No,No,0.04189191632824375,Low
7764,Jul,Pontiac,Policy Holder,No,No,0.38774364263048167,Medium
7765,Jun,Chevrolet,Policy Holder,No,No,0.5664395026386291,Medium
7766,Jun,Honda,Policy Holder,No,No,0.5041098556027015,Medium
7767,May,Chevrolet,Policy Holder,No,No,0.7883174988441549,High
7768,May,Pontiac,Policy Holder,No,No,0.1765824169573869,Low
7769,May,Toyota,Policy Holder,No,No,0.7226195498786696,High
7770,Mar,Toyota,Policy Holder,No,No,0.8166962495333028,High
7771,Feb,VW,Policy Holder,No,No,0.21343567138763,Low
7772,Dec,Pontiac,Policy Holder,No,No,0.060600374389457014,Low
7773,Sep,Dodge,Policy Holder,No,No,0.42845705792693894,Medium
7774,Dec,Pontiac,Policy Holder,No,No,0.705192602324698,High
7775,Jan,Toyota,Policy Holder,No,No,0.12578374189482774,Low
7776,Jan,Honda,Policy Holder,No,No,0.06364224417763532,Low
7777,Feb,Pontiac,Policy Holder,No,No,0.08226907748804209,Low
7778,Mar,Pontiac,Third Party,No,No,0.061666227940313796,Low
7779,Mar,Toyota,Policy Holder,No,No,0.13918389468499442,Low
7780,Jun,Pontiac,Policy Holder,No,No,0.638251071968368,High
7781,Aug,Chevrolet,Third Party,No,No,0.02525715468209891,Low
7782,Aug,VW,Policy Holder,No,No,0.47408411240911785,Medium
7783,Oct,Pontiac,Policy Holder,No,No,0.10429000623006046,Low
7784,Oct,Ford,Policy Holder,No,No,0.7572227525796218,High
7785,Oct,Saab,Policy Holder,No,No,0.16734510264674654,Low
7786,Jun,Toyota,Third Party,No,No,0.04933414379131415,Low
7787,Jun,Mazda,Policy Holder,No,No,0.8715725946143271,High
7788,Nov,Pontiac,Policy Holder,No,No,0.5289787195003793,Medium
7789,Jun,Honda,Third Party,No,No,0.07871935227769539,Low
7790,Nov,Honda,Policy Holder,No,No,0.057550133081842376,Low
7791,Nov,Toyota,Policy Holder,No,No,0.5770068876211322,Medium
7792,Oct,Mazda,Policy Holder,Yes,No,0.4727361521801593,Medium
7793,Aug,Toyota,Policy Holder,No,No,0.5868466830653098,Medium
7794,Feb,Pontiac,Policy Holder,No,No,0.12283853928216551,Low
7795,Jan,Accura,Policy Holder,No,No,0.3276919274066687,Medium
7796,Apr,Pontiac,Policy Holder,No,No,0.12787965173590854,Low
7797,Mar,Honda,Policy Holder,No,No,0.5574251951627435,Medium
7798,Mar,Mazda,Policy Holder,No,No,0.41272946276564515,Medium
7799,Nov,Ford,Policy Holder,No,No,0.7081832527650982,High
7800,Jun,Toyota,Policy Holder,No,No,0.7189350040224884,High
7801,May,Honda,Third Party,No,No,0.0036422313492976777,Low
7802,Aug,Honda,Third Party,No,No,0.013812650017007122,Low
7803,Aug,Pontiac,Third Party,No,No,0.09077159898704304,Low
7804,Sep,Accura,Policy Holder,No,No,0.9936593201644855,High
7805,Nov,Toyota,Third Party,No,No,0.05101145963843226,Low
7806,Oct,Toyota,Policy Holder,No,No,0.6873606165564439,High
7807,Oct,Toyota,Third Party,No,No,0.0016296659127380516,Low
7808,Feb,Pontiac,Policy Holder,No,No,0.07386025870859954,Low
7809,Mar,Honda,Third Party,No,No,0.03903379299337639,Low
7810,May,Mazda,Policy Holder,No,No,0.7345836093895587,High
7811,Jul,Pontiac,Policy Holder,No,No,0.09592017584087145,Low
7812,Jun,Pontiac,Third Party,No,No,0.05265497947315736,Low
7813,Jul,Pontiac,Policy Holder,No,No,0.07055150074383301,Low
7814,Jul,Dodge,Policy Holder,No,No,0.042861025310785866,Low
7815,Aug,Nisson,Third Party,No,No,0.0845365178076715,Low
7816,Aug,Accura,Policy Holder,No,No,0.2304038453156104,Low
7817,Oct,Pontiac,Third Party,No,No,0.044322535602338134,Low
7818,Nov,Chevrolet,Policy Holder,No,No,0.06031107538088196,Low
7819,Dec,Mazda,Policy Holder,No,No,0.5700147857474426,Medium
7820,Nov,Accura,Policy Holder,Yes,No,0.08877412826208624,Low
7821,Nov,Mazda,Policy Holder,No,No,0.469186696209554,Medium
7822,Nov,Chevrolet,Policy Holder,No,No,0.6034199056599642,High
7823,Nov,Toyota,Third Party,No,No,0.02130569805047599,Low
7824,Nov,Pontiac,Policy Holder,No,No,0.05093884316436993,Low
7825,Nov,Toyota,Policy Holder,No,No,0.4704816322156206,Medium
7826,Oct,Toyota,Policy Holder,No,No,0.7609319383989068,High
7827,Aug,Pontiac,Policy Holder,No,No,0.14378541596174024,Low
7828,Aug,Mazda,Policy Holder,No,No,0.6462451567719678,High
7829,Nov,Toyota,Policy Holder,No,No,0.5415270341634013,Medium
7830,Jul,Chevrolet,Policy Holder,No,No,0.10246064203024334,Low
7831,Jun,Mazda,Policy Holder,No,No,0.11952179415863279,Low
7832,Jun,Dodge,Policy Holder,No,No,0.48363762682956657,Medium
7833,Apr,Toyota,Policy Holder,No,No,0.8871180505937042,High
7834,Apr,Toyota,Policy Holder,No,No,0.5128489862027769,Medium
7835,Apr,Mazda,Policy Holder,No,No,0.11412060924586218,Low
7836,Apr,Chevrolet,Policy Holder,No,No,0.19133391591298546,Low
7837,Nov,Mazda,Third Party,No,No,0.020855771294686107,Low
7838,Apr,Pontiac,Policy Holder,No,No,0.5034449709313809,Medium
7839,Mar,Mazda,Policy Holder,Yes,No,0.7123565647134799,High
7840,Mar,Honda,Policy Holder,No,No,0.6969464854896044,High
7841,Nov,Pontiac,Policy Holder,No,No,0.5142840092970545,Medium
7842,Nov,Chevrolet,Policy Holder,No,No,0.06115943202926767,Low
7843,Nov,Toyota,Policy Holder,Yes,No,0.5436387001012862,Medium
7844,Nov,Mazda,Policy Holder,No,No,0.49457430958025816,Medium
7845,Nov,Honda,Policy Holder,No,No,0.09361584874819398,Low
7846,Nov,Mazda,Policy Holder,No,No,0.04389851205609705,Low
7847,Oct,Pontiac,Policy Holder,No,No,0.5593334768149991,Medium
7848,Nov,Pontiac,Third Party,No,No,0.02968919231844963,Low
7849,Oct,Pontiac,Policy Holder,No,No,0.82798996349382,High
7850,Oct,Pontiac,Third Party,No,No,0.03667487341176551,Low
7851,Oct,Toyota,Policy Holder,No,No,0.6707194161198645,High
7852,Sep,Chevrolet,Policy Holder,No,No,0.6333552809576471,High
7853,Aug,Chevrolet,Policy Holder,No,No,0.1086940584281994,Low
7854,Jul,Honda,Policy Holder,No,No,0.11466744048647073,Low
7855,Jun,Pontiac,Third Party,No,No,0.1045238946845139,Low
7856,Jun,Honda,Policy Holder,No,No,0.7106719861046858,High
7857,May,Mazda,Policy Holder,No,No,0.14161418481948193,Low
7858,May,Toyota,Policy Holder,No,No,0.4683091219008033,Medium
7859,May,Ford,Policy Holder,No,No,0.14075269799312334,Low
7860,Apr,Chevrolet,Third Party,No,No,0.039920805228657374,Low
7861,Apr,Chevrolet,Policy Holder,No,No,0.5067849173117696,Medium
7862,Mar,Pontiac,Policy Holder,No,No,0.15674602751666813,Low
7863,Jan,Honda,Third Party,No,No,0.0276856641495469,Low
7864,Sep,Toyota,Policy Holder,No,No,0.07656462674132904,Low
7865,Aug,Honda,Policy Holder,No,No,0.08186295908577387,Low
7866,Jun,Toyota,Policy Holder,No,No,0.777991051385839,High
7867,Jun,Toyota,Policy Holder,No,No,0.7494650823503805,High
7868,Mar,Pontiac,Third Party,No,No,0.005191541736620361,Low
7869,Mar,Mazda,Policy Holder,Yes,No,0.8885547089312879,High
7870,Nov,Honda,Third Party,No,No,0.035148549795690265,Low
7871,Nov,Honda,Policy Holder,No,No,0.3801951803827865,Medium
7872,Nov,Toyota,Policy Holder,No,No,0.6713943395699623,High
7873,Nov,Pontiac,Policy Holder,No,No,0.571378827236211,Medium
7874,Jun,Toyota,Third Party,No,No,0.0033634565599036147,Low
7875,Jun,Toyota,Policy Holder,No,No,0.10300163314088871,Low
7876,Jun,Chevrolet,Third Party,No,No,0.027450999503126964,Low
7877,Mar,Honda,Policy Holder,No,No,0.68905479516828,High
7878,Feb,Toyota,Policy Holder,No,No,0.8729410506015188,High
7879,Jul,Pontiac,Policy Holder,No,No,0.653574399618223,High
7880,Aug,Toyota,Third Party,No,No,0.08943403423175156,Low
7881,Feb,Toyota,Third Party,No,No,0.05191263575344364,Low
7882,Dec,Honda,Third Party,No,No,0.031044887583956807,Low
7883,Dec,Mazda,Policy Holder,No,No,0.0468790064321708,Low
7884,Mar,Toyota,Third Party,No,No,0.06389373821890108,Low
7885,Aug,Pontiac,Policy Holder,No,No,0.11570705275227859,Low
7886,Sep,Toyota,Policy Holder,No,No,0.5987481192730051,Medium
7887,Sep,Honda,Policy Holder,No,No,0.5876401901421491,Medium
7888,Dec,Toyota,Policy Holder,No,No,0.6284193185758289,High
7889,Dec,Mazda,Policy Holder,No,No,0.056969538266076716,Low
7890,Dec,Pontiac,Policy Holder,No,No,0.5720500080803689,Medium
7891,Nov,Pontiac,Third Party,No,No,0.0243590008475381,Low
7892,Dec,Mazda,Policy Holder,No,No,0.668889185857382,High
7893,Dec,Honda,Third Party,No,No,0.03595617413258058,Low
7894,Nov,Honda,Policy Holder,No,No,0.1118828476381527,Low
7895,Oct,Toyota,Policy Holder,No,No,0.663817501759986,High
7896,Sep,Toyota,Policy Holder,No,No,0.09567771141078632,Low
7897,Sep,Honda,Policy Holder,No,No,0.0549743189365235,Low
7898,Sep,Toyota,Policy Holder,No,No,0.17687863078605937,Low
7899,Aug,Toyota,Policy Holder,No,No,0.733652024857865,High
7900,Mar,Honda,Third Party,No,No,0.0029865687579935206,Low
7901,Jan,Ford,Policy Holder,No,No,0.11714459619895899,Low
7902,Dec,Chevrolet,Policy Holder,No,No,0.10116082531448324,Low
7903,Dec,Toyota,Policy Holder,No,No,0.10233253278688052,Low
7904,Dec,Mazda,Third Party,No,No,0.007659932424617355,Low
7905,Dec,Toyota,Policy Holder,No,No,0.6430757752102766,High
7906,Dec,Pontiac,Policy Holder,No,No,0.9750353691215917,High
7907,Jul,Toyota,Third Party,No,No,0.026873102363217678,Low
7908,Jun,Honda,Policy Holder,No,No,0.7342748509448223,High
7909,Jun,Chevrolet,Policy Holder,No,No,0.7942669509775574,High
7910,Mar,Mazda,Third Party,No,No,0.20391247825061523,Low
7911,Feb,Honda,Policy Holder,No,No,0.1556621359485113,Low
7912,Jan,Toyota,Policy Holder,No,No,0.6399301533742281,High
7913,Jan,Pontiac,Policy Holder,No,No,0.08485837595164644,Low
7914,Jan,Chevrolet,Third Party,No,No,0.07650368478104153,Low
7915,Jul,Chevrolet,Policy Holder,No,No,0.5082109042201756,Medium
7916,Feb,Pontiac,Policy Holder,No,No,0.7892685715487892,High
7917,Feb,Pontiac,Third Party,No,No,0.11716399483713362,Low
7918,Nov,Mazda,Third Party,Yes,No,0.024220952608391574,Low
7919,Mar,VW,Policy Holder,No,No,0.0595306138914011,Low
7920,May,Pontiac,Policy Holder,No,No,0.7022562634927981,High
7921,Oct,Honda,Policy Holder,No,No,0.18210886881277374,Low
7922,Mar,Mazda,Policy Holder,No,No,0.07337310905182087,Low
7923,Oct,Toyota,Policy Holder,No,No,0.5492941543883193,Medium
7924,Oct,Chevrolet,Policy Holder,No,No,0.0975333663662129,Low
7925,Oct,Chevrolet,Policy Holder,No,No,0.653221188611628,High
7926,Dec,Honda,Policy Holder,No,No,0.5091038673162857,Medium
7927,Dec,Chevrolet,Third Party,No,Yes,0.053861251564208935,Low
7928,Jul,Honda,Policy Holder,No,No,0.6661086795316132,High
7929,Apr,VW,Policy Holder,No,No,0.022116094583786276,Low
7930,Mar,Toyota,Policy Holder,No,No,0.19275384150712055,Low
7931,Mar,Pontiac,Policy Holder,No,No,0.7847049905864877,High
7932,Apr,Honda,Policy Holder,No,No,0.5633771190878499,Medium
7933,Apr,Pontiac,Third Party,No,No,0.07720138404221155,Low
7934,Jun,Toyota,Policy Holder,No,No,0.11549347972054458,Low
7935,Jun,Toyota,Policy Holder,No,No,0.8016471899826042,High
7936,Jun,Ford,Policy Holder,No,No,0.1840370872030855,Low
7937,Aug,Toyota,Policy Holder,No,No,0.153906815845155,Low
7938,Aug,Chevrolet,Policy Holder,No,No,0.6620801555476141,High
7939,Oct,Mazda,Third Party,No,No,0.023910389916880763,Low
7940,Mar,Pontiac,Policy Holder,No,No,0.690978808307043,High
7941,Apr,Honda,Third Party,No,No,0.0629533337830789,Low
7942,Apr,Pontiac,Policy Holder,No,No,0.07430636271688558,Low
7943,Jun,Chevrolet,Policy Holder,No,No,0.5310823223145759,Medium
7944,Aug,Mazda,Policy Holder,No,No,0.8227206531492024,High
7945,Oct,Toyota,Policy Holder,No,No,0.11963587973212135,Low
7946,Feb,Mazda,Policy Holder,No,No,0.29609222341725494,Low
7947,Feb,Toyota,Policy Holder,No,No,0.09054536517817044,Low
7948,May,Chevrolet,Policy Holder,No,No,0.11871784560146675,Low
7949,May,Toyota,Third Party,No,No,0.08172291558751466,Low
7950,May,Pontiac,Policy Holder,No,No,0.09972172741927715,Low
7951,Jul,Pontiac,Policy Holder,No,No,0.6359603161375216,High
7952,Jul,Honda,Policy Holder,No,Yes,0.5161443143972457,Medium
7953,Jul,Mazda,Policy Holder,No,No,0.11109045550233944,Low
7954,Jul,Toyota,Policy Holder,No,No,0.45377735232028077,Medium
7955,Jul,Toyota,Policy Holder,No,No,0.12492604460678151,Low
7956,Sep,Saab,Policy Holder,No,No,0.12285990216496585,Low
7957,Sep,Pontiac,Policy Holder,No,No,0.9733464943549373,High
7958,Aug,Toyota,Policy Holder,No,No,0.6166851337591863,High
7959,Nov,Honda,Policy Holder,No,No,0.2889695194809319,Low
7960,Nov,Toyota,Third Party,No,No,0.028400906751586904,Low
7961,Nov,Toyota,Third Party,No,No,0.02860188234076503,Low
7962,Dec,Pontiac,Policy Holder,No,No,0.5964074704487854,Medium
7963,Dec,Mazda,Third Party,No,No,0.01820510170556951,Low
7964,Nov,Pontiac,Third Party,No,No,0.04530539565705387,Low
7965,Aug,Chevrolet,Policy Holder,No,No,0.14685423728555408,Low
7966,Sep,Toyota,Policy Holder,No,No,0.0670622492063093,Low
7967,Aug,Pontiac,Policy Holder,No,No,0.6274703038603872,High
7968,Aug,Pontiac,Policy Holder,No,No,0.12098280946895476,Low
7969,Oct,Pontiac,Third Party,No,No,0.03377571742791896,Low
7970,Sep,Pontiac,Policy Holder,No,No,0.08175388504911592,Low
7971,Sep,Chevrolet,Third Party,No,No,0.038683602411186714,Low
7972,Nov,Honda,Policy Holder,No,No,0.05299340642035865,Low
7973,Dec,Pontiac,Policy Holder,Yes,No,0.6373315550627164,High
7974,Oct,Chevrolet,Third Party,No,No,0.022597549021836645,Low
7975,Oct,Accura,Third Party,No,No,0.07709891441179889,Low
7976,Aug,Honda,Policy Holder,No,No,0.10133164197291263,Low
7977,Aug,Mazda,Policy Holder,No,No,0.8390890659205291,High
7978,Aug,Pontiac,Policy Holder,No,No,0.5415174011566549,Medium
7979,Jul,Toyota,Third Party,No,No,0.060792726117422036,Low
7980,Jun,Chevrolet,Policy Holder,No,No,0.7820655347793491,High
7981,Dec,Pontiac,Policy Holder,No,No,0.6499570076997191,High
7982,Dec,Pontiac,Policy Holder,No,No,0.43894439346722536,Medium
7983,Dec,Pontiac,Policy Holder,No,No,0.08866566929014547,Low
7984,Nov,Toyota,Third Party,No,No,0.0293665093997049,Low
7985,Nov,Chevrolet,Third Party,No,No,0.02023343171131436,Low
7986,Jul,Accura,Policy Holder,No,No,0.7664848393156728,High
7987,Jul,Accura,Policy Holder,No,No,0.7727520575357852,High
7988,Jul,Toyota,Policy Holder,No,No,0.6657277416475272,High
7989,Feb,Mazda,Third Party,No,No,0.05496210289587315,Low
7990,Feb,Honda,Policy Holder,No,No,0.8544369525024148,High
7991,Feb,Ford,Policy Holder,No,No,0.8900268038391118,High
7992,Dec,Chevrolet,Policy Holder,No,No,0.5091337255525303,Medium
7993,Oct,Pontiac,Policy Holder,No,No,0.11263098453411101,Low
7994,Feb,Mazda,Policy Holder,No,No,0.15767350866653884,Low
7995,May,VW,Third Party,No,No,0.01886307137397137,Low
7996,Dec,Toyota,Policy Holder,No,No,0.6767963971945852,High
7997,Nov,Pontiac,Policy Holder,No,No,0.46197806901816935,Medium
7998,Nov,Mazda,Policy Holder,No,No,0.7847914483807343,High
7999,Aug,Pontiac,Policy Holder,No,No,0.12419252274655859,Low
8000,Aug,Mazda,Policy Holder,No,No,0.06256632831736911,Low
8001,Aug,Toyota,Policy Holder,No,No,0.7265200582392658,High
8002,May,Mazda,Third Party,No,No,0.0033772810650599472,Low
8003,Apr,Mazda,Policy Holder,No,No,0.45255913957065785,Medium
8004,Apr,Pontiac,Policy Holder,No,No,0.6529048631001925,High
8005,Apr,Toyota,Policy Holder,No,No,0.14503002014551605,Low
8006,Mar,Pontiac,Policy Holder,No,No,0.7730844419315086,High
8007,Dec,Accura,Policy Holder,Yes,No,0.6010888975694583,High
8008,Dec,Toyota,Third Party,Yes,No,0.04666277402125319,Low
8009,Dec,Toyota,Policy Holder,No,No,0.8564112122179707,High
8010,Nov,Chevrolet,Third Party,No,No,0.030976674604245198,Low
8011,Oct,Mazda,Third Party,No,No,0.03707312118014517,Low
8012,Nov,Ford,Third Party,No,No,0.05974123318341776,Low
8013,Oct,Toyota,Policy Holder,No,No,0.5876525586722314,Medium
8014,Oct,Pontiac,Policy Holder,No,No,0.5530455228561915,Medium
8015,Aug,Pontiac,Policy Holder,No,No,0.6124957723445538,High
8016,Aug,Pontiac,Policy Holder,No,No,0.05916814784909474,Low
8017,Aug,Accura,Policy Holder,No,No,0.7300075567164103,High
8018,Aug,Chevrolet,Policy Holder,No,No,0.08990717089939386,Low
8019,Jul,Chevrolet,Third Party,No,No,0.06054517592677768,Low
8020,Nov,Mazda,Third Party,No,No,0.014770493112565881,Low
8021,Jun,Ford,Policy Holder,No,No,0.13450069201776493,Low
8022,May,Toyota,Policy Holder,No,No,0.6208104672808668,High
8023,May,Mazda,Policy Holder,No,No,0.6392988641223809,High
8024,May,Mazda,Policy Holder,No,No,0.08817477524312324,Low
8025,Sep,Toyota,Policy Holder,No,No,0.6706550656914515,High
8026,Jan,Mazda,Third Party,No,No,0.029682519682388397,Low
8027,Dec,Toyota,Policy Holder,No,No,0.08693562215385567,Low
8028,Oct,Pontiac,Third Party,No,No,0.06101338048480973,Low
8029,Jan,Mazda,Third Party,No,No,0.07445460123040784,Low
8030,Apr,Honda,Third Party,No,No,0.0034971070706150678,Low
8031,Jul,Chevrolet,Policy Holder,No,No,0.6242175029506448,High
8032,Jul,Honda,Third Party,No,No,0.03216719491182023,Low
8033,Aug,Honda,Policy Holder,No,No,0.08477486235489455,Low
8034,Aug,Toyota,Policy Holder,No,No,0.09353780170245765,Low
8035,Oct,Pontiac,Policy Holder,No,No,0.07457666863359741,Low
8036,Nov,Toyota,Third Party,No,No,0.029316724169154932,Low
8037,Mar,Mazda,Third Party,No,No,0.049849854497150896,Low
8038,Apr,Toyota,Policy Holder,No,No,0.8042495113306569,High
8039,Apr,Toyota,Policy Holder,No,No,0.6426217943002174,High
8040,Jul,BMW,Policy Holder,No,No,0.11717582371240087,Low
8041,Jul,Pontiac,Policy Holder,Yes,No,0.6495344950037709,High
8042,Dec,Pontiac,Policy Holder,No,No,0.1280243466052653,Low
8043,Dec,Ford,Policy Holder,No,No,0.07620941254604202,Low
8044,Dec,Pontiac,Policy Holder,No,No,0.5060399854378124,Medium
8045,Dec,Pontiac,Policy Holder,No,No,0.09802047471836481,Low
8046,Dec,Pontiac,Third Party,No,No,0.025563827754383768,Low
8047,Aug,Honda,Policy Holder,No,No,0.44799539559015833,Medium
8048,Aug,Chevrolet,Policy Holder,No,No,0.10056222387078954,Low
8049,Aug,Toyota,Policy Holder,No,No,0.088260920650864,Low
8050,Jul,VW,Policy Holder,No,No,0.012998868046848086,Low
8051,Jun,Pontiac,Third Party,Yes,No,0.05636193301517769,Low
8052,Apr,Toyota,Policy Holder,No,No,0.7909535840621295,High
8053,Dec,Toyota,Policy Holder,No,No,0.5966142762148673,Medium
8054,Dec,Honda,Third Party,No,No,0.042149648743459424,Low
8055,Nov,Toyota,Policy Holder,No,No,0.06099660609589266,Low
8056,Nov,Mazda,Third Party,No,No,0.0012151174260020842,Low
8057,Aug,Pontiac,Policy Holder,No,No,0.11693727555808082,Low
8058,Jul,Dodge,Policy Holder,No,No,0.29388365714330955,Low
8059,Nov,Accura,Policy Holder,No,No,0.9873935333608013,High
8060,Apr,Nisson,Policy Holder,No,No,0.6826569134584383,High
8061,Mar,Toyota,Third Party,No,No,0.14549976478333546,Low
8062,Mar,Mazda,Third Party,No,No,0.040134574070435136,Low
8063,Mar,VW,Policy Holder,No,No,0.025530150012287284,Low
8064,Sep,Toyota,Policy Holder,No,No,0.5585863545819678,Medium
8065,Sep,Pontiac,Policy Holder,No,No,0.0789804466169998,Low
8066,Oct,Toyota,Third Party,No,No,0.10630182261817475,Low
8067,Oct,Accura,Third Party,No,No,0.04169373489648863,Low
8068,Apr,Honda,Policy Holder,No,No,0.5632911799696612,Medium
8069,Apr,Pontiac,Policy Holder,No,No,0.6893496367089385,High
8070,Apr,Toyota,Policy Holder,No,No,0.10102214883967466,Low
8071,Apr,Toyota,Policy Holder,No,No,0.682303727330912,High
8072,May,Dodge,Third Party,No,No,0.042424237683960704,Low
8073,May,Pontiac,Third Party,No,No,0.0046807921986354055,Low
8074,May,Pontiac,Third Party,No,No,0.004453160040832829,Low
8075,Sep,Pontiac,Policy Holder,No,No,0.4859859909385286,Medium
8076,Sep,Mazda,Third Party,No,No,0.03133688624807314,Low
8077,Oct,Pontiac,Third Party,No,No,0.05782453284204771,Low
8078,Oct,Accura,Policy Holder,No,No,0.7661251611605017,High
8079,Nov,Honda,Third Party,No,No,0.03682588679208494,Low
8080,Apr,Toyota,Policy Holder,No,No,0.7112381302519245,High
8081,Apr,Chevrolet,Policy Holder,No,No,0.7143828018092521,High
8082,Apr,Pontiac,Policy Holder,Yes,No,0.540943354336814,Medium
8083,May,Mazda,Policy Holder,No,No,0.15305501335337138,Low
8084,May,Toyota,Third Party,No,No,0.062262526501779034,Low
8085,May,Accura,Policy Holder,No,No,0.054033898864306554,Low
8086,Oct,Honda,Policy Holder,No,No,0.5390202826754155,Medium
8087,Jan,Toyota,Policy Holder,No,No,0.6885791072114595,High
8088,Apr,Honda,Policy Holder,No,No,0.1682393629357065,Low
8089,Jun,Pontiac,Policy Holder,No,No,0.6502223380794345,High
8090,Jun,Saturn,Policy Holder,No,No,0.8945632013564574,High
8091,Jul,Mazda,Policy Holder,No,No,0.6144478272428473,High
8092,Nov,Honda,Policy Holder,No,No,0.45032838975119327,Medium
8093,Jul,Mazda,Third Party,No,No,0.02650656522222448,Low
8094,Sep,Pontiac,Third Party,No,No,0.016781851423284606,Low
8095,Aug,Ford,Policy Holder,No,No,0.6728487081006248,High
8096,Nov,Toyota,Third Party,No,No,0.0022808484727658163,Low
8097,Dec,Chevrolet,Third Party,No,No,0.03443056597368623,Low
8098,Nov,Mazda,Policy Holder,No,No,0.5360518329352646,Medium
8099,Nov,Toyota,Policy Holder,No,No,0.6595025929334558,High
8100,Nov,Chevrolet,Policy Holder,No,No,0.094847498300611,Low
8101,Nov,Mazda,Policy Holder,No,No,0.05352516771812421,Low
8102,Aug,Pontiac,Policy Holder,No,No,0.1589652291323558,Low
8103,Aug,Honda,Policy Holder,No,No,0.0715911258165404,Low
8104,Aug,Mazda,Policy Holder,No,No,0.6125377077767244,High
8105,Nov,Saturn,Policy Holder,No,No,0.7691049219210311,High
8106,Sep,Pontiac,Third Party,No,No,0.03257780178436983,Low
8107,Nov,Chevrolet,Policy Holder,No,No,0.6036580433560664,High
8108,Dec,Honda,Third Party,No,No,0.028743496975610256,Low
8109,Feb,Honda,Policy Holder,No,No,0.11765955153678621,Low
8110,Feb,Toyota,Policy Holder,No,No,0.8826291383309183,High
8111,Jul,Chevrolet,Third Party,No,No,0.030438858495521012,Low
8112,Jul,Saab,Policy Holder,No,No,0.6120952467352693,High
8113,Nov,Pontiac,Policy Holder,No,No,0.5888464789834549,Medium
8114,Dec,Pontiac,Policy Holder,No,No,0.08292871161458684,Low
8115,Dec,Pontiac,Third Party,No,No,0.03765968495862517,Low
8116,Nov,Toyota,Policy Holder,No,No,0.06886902365425504,Low
8117,Dec,Accura,Third Party,No,No,0.0020914251656763113,Low
8118,Dec,Honda,Policy Holder,No,No,0.5614583211440101,Medium
8119,Sep,Mazda,Policy Holder,No,No,0.06224588620926366,Low
8120,Sep,Honda,Policy Holder,No,No,0.06028712221384876,Low
8121,Sep,Pontiac,Policy Holder,No,No,0.6116655983607261,High
8122,Sep,Toyota,Policy Holder,No,No,0.13015328355283928,Low
8123,Sep,Mazda,Policy Holder,No,No,0.07123914153878416,Low
8124,Dec,Chevrolet,Policy Holder,No,No,0.6007301129529453,High
8125,Nov,Pontiac,Third Party,No,No,0.03961756775047327,Low
8126,Jun,Pontiac,Third Party,No,No,0.04720598639184931,Low
8127,Apr,Pontiac,Policy Holder,No,No,0.025865982811716558,Low
8128,Mar,Chevrolet,Third Party,No,No,0.0041936659954297205,Low
8129,Feb,Mazda,Policy Holder,No,No,0.7618867000622176,High
8130,Dec,Chevrolet,Policy Holder,Yes,No,0.09393632048077362,Low
8131,Dec,Toyota,Policy Holder,No,No,0.08259859116541349,Low
8132,Nov,Pontiac,Third Party,No,No,0.02729139121253969,Low
8133,Oct,Toyota,Third Party,No,No,0.020487441372224132,Low
8134,Sep,Honda,Policy Holder,No,No,0.08620639869469306,Low
8135,Sep,Toyota,Policy Holder,No,No,0.10765311360942265,Low
8136,Sep,Honda,Policy Holder,No,No,0.4730264442607115,Medium
8137,Sep,Honda,Policy Holder,No,No,0.6181188882790744,High
8138,Sep,Toyota,Policy Holder,No,No,0.2955709081241284,Low
8139,Sep,Mazda,Third Party,Yes,Yes,0.065812686339486,Low
8140,Dec,Pontiac,Third Party,No,No,0.0014693902595110258,Low
8141,Aug,Mazda,Third Party,No,No,0.0807704305278419,Low
8142,Aug,Toyota,Policy Holder,No,No,0.6911370148551065,High
8143,Jul,Toyota,Policy Holder,No,No,0.04729027202646058,Low
8144,Jul,Toyota,Policy Holder,No,No,0.6702828319551295,High
8145,Apr,Honda,Policy Holder,No,No,0.16472564525786812,Low
8146,Jul,Pontiac,Policy Holder,No,No,0.5021582473418668,Medium
8147,May,Chevrolet,Policy Holder,Yes,No,0.6998851152461011,High
8148,May,Chevrolet,Policy Holder,No,No,0.6908323413481657,High
8149,Apr,Toyota,Policy Holder,No,No,0.34808949104388187,Medium
8150,Apr,Pontiac,Third Party,No,No,0.025292873631860214,Low
8151,Apr,Chevrolet,Policy Holder,No,No,0.7312511598063146,High
8152,Sep,Pontiac,Policy Holder,No,No,0.10071021606740163,Low
8153,Sep,Dodge,Policy Holder,No,No,0.029608906124424347,Low
8154,Aug,Toyota,Policy Holder,No,No,0.1745752893292627,Low
8155,Aug,Ford,Third Party,No,No,0.07222986764017779,Low
8156,Aug,Pontiac,Third Party,No,No,0.0023902675684806538,Low
8157,Jul,Honda,Policy Holder,No,No,0.05328952665267793,Low
8158,Jun,VW,Policy Holder,No,No,0.031724753155635686,Low
8159,Dec,VW,Third Party,No,No,0.0007035960753327892,Low
8160,Dec,Saab,Third Party,No,No,0.14602468955182474,Low
8161,Apr,Honda,Policy Holder,No,No,0.9906484214204593,High
8162,Apr,Pontiac,Policy Holder,No,No,0.510549338168945,Medium
8163,May,Ford,Third Party,No,No,0.08050894241338555,Low
8164,May,Mazda,Policy Holder,No,No,0.08683617991000328,Low
8165,Jun,Pontiac,Policy Holder,No,No,0.17258487609565973,Low
8166,Jul,Ford,Policy Holder,No,No,0.13836851788673216,Low
8167,Nov,Pontiac,Policy Holder,No,No,0.5266229622255656,Medium
8168,Aug,Honda,Policy Holder,No,No,0.6477902942656764,High
8169,Sep,Pontiac,Third Party,No,No,0.07960543378650466,Low
8170,Sep,Pontiac,Policy Holder,No,No,0.05170542159113693,Low
8171,Nov,Honda,Policy Holder,No,No,0.3813658208937231,Medium
8172,Dec,Toyota,Policy Holder,No,No,0.5605862756242532,Medium
8173,Dec,Toyota,Third Party,No,No,0.08462636431573936,Low
8174,Apr,Toyota,Policy Holder,No,No,0.7831431041962515,High
8175,May,Pontiac,Policy Holder,No,No,0.13550329529143093,Low
8176,Jul,Pontiac,Policy Holder,No,No,0.4588027595907766,Medium
8177,Sep,Pontiac,Policy Holder,No,No,0.15437800351686928,Low
8178,Nov,Toyota,Policy Holder,No,No,0.48077848988003075,Medium
8179,Dec,Toyota,Policy Holder,No,No,0.08428843003130324,Low
8180,Dec,Mazda,Policy Holder,No,No,0.04696057047208595,Low
8181,Dec,Toyota,Third Party,No,No,0.05107692842178515,Low
8182,Nov,Honda,Third Party,No,No,0.027473978504974374,Low
8183,Nov,Mazda,Policy Holder,No,No,0.048061447245198716,Low
8184,Oct,Dodge,Policy Holder,No,No,0.3796837895282084,Medium
8185,Sep,Honda,Policy Holder,No,No,0.6405804928024923,High
8186,Aug,Honda,Policy Holder,No,No,0.09050845409287836,Low
8187,Jul,Pontiac,Policy Holder,No,No,0.6179468447537285,High
8188,Jun,Honda,Policy Holder,No,No,0.12575585225393454,Low
8189,Jun,Mazda,Policy Holder,No,No,0.7442710271931973,High
8190,May,Honda,Policy Holder,No,No,0.15916150633855217,Low
8191,May,Toyota,Policy Holder,No,No,0.7650220586515812,High
8192,Apr,Mazda,Policy Holder,No,No,0.12463178081155966,Low
8193,Jan,Honda,Policy Holder,No,No,0.08514352007909308,Low
8194,Dec,VW,Policy Holder,No,No,0.22186937810713192,Low
8195,Dec,Honda,Third Party,No,No,0.0023758996412504116,Low
8196,Dec,Honda,Policy Holder,No,No,0.09981909488896358,Low
8197,Dec,Pontiac,Third Party,No,No,0.06403080539947854,Low
8198,Nov,Pontiac,Policy Holder,No,No,0.03365279580742703,Low
8199,Oct,Pontiac,Third Party,No,No,0.0596068412015297,Low
8200,Oct,Pontiac,Policy Holder,No,No,0.1642025648275916,Low
8201,Oct,Mazda,Third Party,No,No,0.0017163937363559372,Low
8202,Oct,Toyota,Policy Holder,No,No,0.10563855763155033,Low
8203,Sep,Honda,Third Party,No,No,0.049713617409836076,Low
8204,Sep,Pontiac,Policy Holder,No,No,0.08251144281185015,Low
8205,Aug,Pontiac,Policy Holder,No,No,0.5378832921482509,Medium
8206,Aug,VW,Policy Holder,No,No,0.32233576453646556,Medium
8207,Aug,Pontiac,Policy Holder,No,No,0.14641148846087912,Low
8208,Jun,Accura,Policy Holder,No,No,0.7914171495447209,High
8209,May,Toyota,Third Party,No,No,0.09508438680000697,Low
8210,May,Toyota,Policy Holder,No,No,0.6926856892929276,High
8211,May,Honda,Policy Holder,No,No,0.7561578768202083,High
8212,May,Toyota,Third Party,No,No,0.035570575997918005,Low
8213,Apr,Pontiac,Policy Holder,No,No,0.7915231693425929,High
8214,Apr,Honda,Policy Holder,No,No,0.6000175020928304,High
8215,Sep,Pontiac,Policy Holder,No,No,0.6837766262662455,High
8216,Dec,Pontiac,Policy Holder,No,No,0.586790712093056,Medium
8217,Dec,Pontiac,Policy Holder,Yes,No,0.08058623037985711,Low
8218,Oct,Pontiac,Policy Holder,No,No,0.07542700603550367,Low
8219,May,Honda,Third Party,No,No,0.006165240421494117,Low
8220,May,VW,Policy Holder,No,No,0.25057590203360475,Low
8221,May,VW,Third Party,No,No,0.010630241258457764,Low
8222,Jun,Pontiac,Policy Holder,No,No,0.8333425809812566,High
8223,May,Accura,Third Party,No,No,0.0558894170960567,Low
8224,Jun,Pontiac,Third Party,No,No,0.03539544038615319,Low
8225,Jan,Honda,Policy Holder,No,No,0.172482768225452,Low
8226,May,Pontiac,Third Party,No,No,0.03738306975073644,Low
8227,May,Pontiac,Policy Holder,No,No,0.6170329195676577,High
8228,Aug,Toyota,Policy Holder,No,No,0.10990000856204768,Low
8229,Jul,Honda,Policy Holder,No,No,0.08113516645035738,Low
8230,Oct,Toyota,Policy Holder,No,No,0.7219992538857241,High
8231,Sep,Toyota,Third Party,No,No,0.03407037467408097,Low
8232,Nov,Honda,Policy Holder,No,No,0.0501126662639299,Low
8233,Jun,Pontiac,Policy Holder,No,No,0.6885090335323162,High
8234,May,Toyota,Policy Holder,No,No,0.12341685422412647,Low
8235,Sep,Pontiac,Policy Holder,No,No,0.7278041293082484,High
8236,Sep,Mazda,Third Party,No,No,0.15305254641603178,Low
8237,Oct,Ford,Third Party,No,No,0.083453377516135,Low
8238,Dec,Pontiac,Policy Holder,No,No,0.05694234688913875,Low
8239,Dec,Honda,Third Party,Yes,No,0.024412672636947956,Low
8240,Jan,Pontiac,Third Party,No,No,0.03866076903583058,Low
8241,Jun,Toyota,Policy Holder,No,No,0.6625528345711478,High
8242,Jan,Ford,Policy Holder,No,No,0.11566677165322717,Low
8243,Aug,Pontiac,Policy Holder,No,No,0.8462844388020525,High
8244,Sep,Honda,Third Party,No,No,0.03819205910795508,Low
8245,Nov,Mazda,Policy Holder,No,No,0.04726018644615746,Low
8246,Nov,Mazda,Third Party,No,No,0.015564044092347417,Low
8247,Mar,Mazda,Policy Holder,No,No,0.1681568273493809,Low
8248,Dec,Pontiac,Third Party,No,No,0.03360621678501232,Low
8249,Mar,Ford,Policy Holder,No,No,0.8390344391735051,High
8250,Mar,Pontiac,Policy Holder,No,No,0.5997751845470202,Medium
8251,Nov,Chevrolet,Policy Holder,No,No,0.7071854644261376,High
8252,Mar,Accura,Policy Holder,No,No,0.9051288954828242,High
8253,Nov,Ford,Policy Holder,No,No,0.6106990791917073,High
8254,Dec,Pontiac,Policy Holder,No,No,0.039812003418178796,Low
8255,Apr,Saturn,Third Party,No,No,0.006878434432755249,Low
8256,Jul,Toyota,Third Party,No,No,0.034871777771989104,Low
8257,Aug,Toyota,Third Party,No,No,0.056867416689210463,Low
8258,Jul,Toyota,Policy Holder,No,No,0.7434729974692456,High
8259,Nov,Toyota,Third Party,No,No,0.02469461872239859,Low
8260,Dec,VW,Policy Holder,No,No,0.030666352730069988,Low
8261,Dec,Pontiac,Third Party,No,No,0.02780614280398463,Low
8262,Dec,Ford,Third Party,No,No,0.12148874976989651,Low
8263,Dec,Toyota,Policy Holder,No,No,0.9849676961783953,High
8264,Oct,Mazda,Third Party,No,No,0.04848614582878312,Low
8265,Apr,Honda,Policy Holder,No,No,0.8134284321773422,High
8266,Mar,Ford,Third Party,No,No,0.10156392572708262,Low
8267,May,Ford,Policy Holder,No,No,0.771945723106585,High
8268,Nov,Chevrolet,Policy Holder,No,No,0.08469053612592922,Low
8269,Jul,Honda,Policy Holder,No,No,0.46555770626976706,Medium
8270,Dec,Toyota,Policy Holder,Yes,No,0.2804499591597255,Low
8271,Sep,Pontiac,Third Party,No,No,0.003403070793611327,Low
8272,Sep,Chevrolet,Policy Holder,No,No,0.562003693925578,Medium
8273,Apr,Honda,Policy Holder,No,No,0.7831716202957547,High
8274,Mar,Honda,Policy Holder,No,No,0.7455556211471073,High
8275,Sep,VW,Policy Holder,No,No,0.24852771644724533,Low
8276,Jul,Ford,Third Party,No,No,0.05074022126212481,Low
8277,Jul,Honda,Policy Holder,No,No,0.3830358868363322,Medium
8278,Sep,Saab,Policy Holder,No,No,0.1679846674505585,Low
8279,Sep,Toyota,Policy Holder,No,No,0.5973642430654307,Medium
8280,Sep,Toyota,Policy Holder,No,No,0.7108643498127895,High
8281,Jun,Honda,Policy Holder,Yes,No,0.04984689925864664,Low
8282,May,Ford,Policy Holder,No,No,0.7495963814529059,High
8283,Jul,Pontiac,Policy Holder,No,No,0.05186446100039453,Low
8284,Sep,Toyota,Policy Holder,No,No,0.09916816075677622,Low
8285,Oct,Mazda,Policy Holder,No,No,0.09226896175106433,Low
8286,Dec,Chevrolet,Policy Holder,No,No,0.08752980699759519,Low
8287,Dec,Chevrolet,Policy Holder,Yes,No,0.7123723837888822,High
8288,Jan,Toyota,Policy Holder,No,No,0.6820109485694795,High
8289,May,Pontiac,Policy Holder,No,No,0.7166792183520664,High
8290,Nov,Mazda,Policy Holder,No,No,0.46373882900389457,Medium
8291,May,Honda,Policy Holder,No,No,0.14865442679390822,Low
8292,May,Mazda,Policy Holder,No,No,0.6668979345813361,High
8293,May,Honda,Policy Holder,No,No,0.699447040021319,High
8294,May,Honda,Policy Holder,No,No,0.09255058121727804,Low
8295,Sep,Honda,Third Party,Yes,No,0.021712417658680823,Low
8296,Sep,Pontiac,Third Party,Yes,No,0.039442155923868266,Low
8297,Sep,Mazda,Policy Holder,No,No,0.0915875632703998,Low
8298,Sep,Mazda,Policy Holder,No,No,0.06144882579673385,Low
8299,Dec,Mazda,Policy Holder,No,No,0.40470982416336904,Medium
8300,Dec,Chevrolet,Policy Holder,No,No,0.7436119281586429,High
8301,Dec,Honda,Policy Holder,No,No,0.05880267884781638,Low
8302,Dec,Mazda,Third Party,No,No,0.0014910255494250107,Low
8303,Nov,VW,Policy Holder,No,No,0.2162524846454073,Low
8304,Oct,VW,Policy Holder,No,No,0.17513831008970288,Low
8305,Sep,Accura,Policy Holder,No,No,0.6654453095158208,High
8306,Jun,Toyota,Policy Holder,No,No,0.13664471132376835,Low
8307,May,Pontiac,Policy Holder,No,No,0.1265156759179896,Low
8308,May,Chevrolet,Policy Holder,No,No,0.7053264622388979,High
8309,Apr,Honda,Policy Holder,Yes,No,0.7852821408624975,High
8310,Mar,Toyota,Policy Holder,No,No,0.19748509557540003,Low
8311,Nov,Pontiac,Policy Holder,No,No,0.5531539600140305,Medium
8312,Dec,Pontiac,Policy Holder,No,No,0.6081455087624382,High
8313,Nov,Toyota,Policy Holder,No,No,0.3500992915982422,Medium
8314,Nov,Pontiac,Third Party,No,No,0.6352782366887827,High
8315,Nov,Toyota,Policy Holder,No,No,0.49655075602459925,Medium
8316,Oct,Pontiac,Policy Holder,No,No,0.6385952590106821,High
8317,Sep,Mazda,Policy Holder,No,No,0.5386133506435298,Medium
8318,Aug,Pontiac,Policy Holder,No,No,0.1529586865219636,Low
8319,Nov,Toyota,Third Party,No,No,0.047456983701427084,Low
8320,May,Honda,Policy Holder,No,No,0.633346760963044,High
8321,Dec,Pontiac,Third Party,No,No,0.03155781211295446,Low
8322,Apr,Pontiac,Third Party,No,No,0.02882515916039354,Low
8323,Sep,Mazda,Policy Holder,No,No,0.48428764914999534,Medium
8324,Jul,Pontiac,Third Party,No,No,0.07771233163307424,Low
8325,Aug,Accura,Policy Holder,No,No,0.7111843464334581,High
8326,Oct,Pontiac,Policy Holder,No,No,0.5989249493735374,Medium
8327,Oct,Honda,Third Party,No,No,0.0037508079483632066,Low
8328,Jul,Pontiac,Policy Holder,No,No,0.5928700163270396,Medium
8329,Oct,Honda,Policy Holder,No,No,0.6282181017581325,High
8330,Jul,Accura,Policy Holder,No,No,0.7424065737443447,High
8331,Jul,Honda,Third Party,No,No,0.0016469991675995136,Low
8332,Apr,Toyota,Third Party,No,No,0.12641811496149005,Low
8333,Nov,Pontiac,Policy Holder,No,No,0.04333853993247497,Low
8334,Dec,Toyota,Third Party,No,No,0.028437888401626102,Low
8335,Dec,Toyota,Policy Holder,No,No,0.10761500330676768,Low
8336,Aug,Saturn,Policy Holder,No,No,0.7918378405469836,High
8337,Jul,Toyota,Policy Holder,No,No,0.5033269883209198,Medium
8338,Jul,VW,Policy Holder,Yes,No,0.16199403975160925,Low
8339,Dec,Honda,Policy Holder,No,No,0.7811917151243624,High
8340,Feb,Honda,Third Party,No,No,0.041846957170810266,Low
8341,Apr,Toyota,Third Party,No,No,0.08320569735491692,Low
8342,May,Pontiac,Policy Holder,No,No,0.5468696478902713,Medium
8343,Aug,Pontiac,Third Party,No,No,0.001446043862149977,Low
8344,Aug,Mazda,Policy Holder,No,No,0.6929724001567753,High
8345,Aug,Pontiac,Policy Holder,No,No,0.7264883681846153,High
8346,Sep,Honda,Policy Holder,No,No,0.057939759109841095,Low
8347,Oct,Toyota,Policy Holder,No,No,0.6950779388214102,High
8348,Nov,Toyota,Third Party,No,No,0.04422574573410541,Low
8349,Nov,Dodge,Policy Holder,No,No,0.27947425073827586,Low
8350,Dec,Pontiac,Policy Holder,No,No,0.7142791159747748,High
8351,Dec,Toyota,Policy Holder,No,No,0.0668640608378368,Low
8352,May,Honda,Policy Holder,No,No,0.6915499821622513,High
8353,Dec,Honda,Policy Holder,No,No,0.46587661668980185,Medium
8354,Sep,Pontiac,Policy Holder,No,No,0.2922874699683096,Low
8355,Oct,Mazda,Policy Holder,No,No,0.08510160732947736,Low
8356,Nov,Honda,Policy Holder,No,No,0.02696262333646793,Low
8357,Jul,Pontiac,Policy Holder,No,No,0.08193028285196435,Low
8358,Jul,Mazda,Policy Holder,No,No,0.5138250980380121,Medium
8359,Dec,Toyota,Third Party,No,No,0.03474552726010583,Low
8360,Apr,Toyota,Third Party,No,No,0.06802147379787514,Low
8361,Nov,Accura,Policy Holder,No,No,0.3950096371948069,Medium
8362,Oct,Pontiac,Policy Holder,No,No,0.7085342466955069,High
8363,Dec,Toyota,Policy Holder,No,No,0.7265586927114402,High
8364,Aug,Pontiac,Policy Holder,No,No,0.6079329693314874,High
8365,Aug,Toyota,Third Party,No,No,0.7680201056373753,High
8366,Aug,Pontiac,Policy Holder,No,No,0.7046380863145282,High
8367,Dec,Chevrolet,Policy Holder,No,No,0.7414566992573053,High
8368,May,VW,Policy Holder,Yes,No,0.01597062830034251,Low
8369,Jun,Pontiac,Policy Holder,No,No,0.5768427807053218,Medium
8370,Mar,Ford,Third Party,No,No,0.003856815558621561,Low
8371,Mar,Pontiac,Third Party,No,No,0.0034717671656636587,Low
8372,Sep,Pontiac,Policy Holder,No,No,0.4301333365229108,Medium
8373,Jan,Chevrolet,Policy Holder,No,No,0.176685982617643,Low
8374,May,Ford,Third Party,No,No,0.008089369596966796,Low
8375,May,Toyota,Third Party,No,No,0.07868319012889653,Low
8376,May,Toyota,Policy Holder,No,No,0.14811059871731075,Low
8377,Jul,Toyota,Policy Holder,No,No,0.10075841187155765,Low
8378,Dec,Pontiac,Policy Holder,No,No,0.7011615831153163,High
8379,Aug,VW,Policy Holder,No,No,0.05077392129076929,Low
8380,Sep,Honda,Third Party,No,No,0.09219237321397702,Low
8381,Sep,Mercury,Policy Holder,No,No,0.705889924015601,High
8382,Oct,Honda,Policy Holder,No,No,0.09887839820231667,Low
8383,Jan,Toyota,Third Party,No,No,0.003065617657091483,Low
8384,Jan,Accura,Third Party,No,No,0.12855637992095212,Low
8385,Jan,Chevrolet,Third Party,No,No,0.04012831190895198,Low
8386,Jan,Honda,Policy Holder,Yes,No,0.5047143692932204,Medium
8387,May,Toyota,Third Party,No,No,0.00804316651841336,Low
8388,Sep,Mazda,Policy Holder,No,No,0.5034651912426418,Medium
8389,Sep,Toyota,Third Party,No,No,0.0024887164156193104,Low
8390,Sep,Dodge,Policy Holder,No,No,0.06218126018161868,Low
8391,Sep,Honda,Third Party,No,No,0.03358580008725634,Low
8392,Oct,Pontiac,Policy Holder,No,No,0.5718083952016252,Medium
8393,Oct,Pontiac,Policy Holder,No,No,0.5398416658667745,Medium
8394,Oct,Pontiac,Policy Holder,No,No,0.07032776766499732,Low
8395,Sep,Chevrolet,Policy Holder,No,No,0.046572042076635366,Low
8396,Dec,Toyota,Third Party,No,No,0.051055022603688834,Low
8397,Jun,Pontiac,Policy Holder,No,No,0.8201400281500604,High
8398,Jun,VW,Policy Holder,No,No,0.04068321484973496,Low
8399,May,Honda,Third Party,No,No,0.08637915910294795,Low
8400,Jan,Pontiac,Third Party,Yes,No,0.031911787643649644,Low
8401,Jan,Pontiac,Policy Holder,No,No,0.5339648409525269,Medium
8402,Jan,Honda,Third Party,No,No,0.010840549515440497,Low
8403,Jan,Dodge,Third Party,No,No,0.027109114295442924,Low
8404,Jan,Honda,Third Party,No,No,0.2226359499219907,Low
8405,Nov,Chevrolet,Third Party,No,No,0.02908774308406138,Low
8406,Oct,Honda,Policy Holder,No,No,0.6802337766087875,High
8407,Sep,Toyota,Policy Holder,No,No,0.5346672795342986,Medium
8408,Dec,Honda,Third Party,No,No,0.042060810069204174,Low
8409,Sep,Toyota,Policy Holder,No,No,0.700409254975145,High
8410,Jun,Chevrolet,Policy Holder,No,No,0.09322983074356307,Low
8411,May,Mazda,Policy Holder,No,No,0.7641790080952329,High
8412,May,Accura,Policy Holder,No,No,0.7193529860511069,High
8413,Mar,Pontiac,Policy Holder,No,No,0.14959457673554646,Low
8414,Mar,Toyota,Policy Holder,No,No,0.6868379971957876,High
8415,Oct,Mazda,Policy Holder,No,No,0.12241065302865788,Low
8416,Jun,Mazda,Third Party,No,No,0.12412165078071798,Low
8417,Apr,Toyota,Policy Holder,No,No,0.7308139595327345,High
8418,Apr,Mazda,Policy Holder,No,No,0.7167767731876319,High
8419,Jul,Accura,Policy Holder,No,No,0.07550056895739185,Low
8420,Jul,Honda,Policy Holder,No,No,0.4993319415649344,Medium
8421,Feb,Chevrolet,Third Party,No,No,0.031840320472446455,Low
8422,Jan,Toyota,Policy Holder,No,No,0.10208193570792665,Low
8423,Jan,Toyota,Policy Holder,No,No,0.12498406383192968,Low
8424,Dec,Pontiac,Policy Holder,No,No,0.5857154909078152,Medium
8425,Sep,Toyota,Third Party,No,No,0.05712964034112344,Low
8426,Sep,Honda,Third Party,No,No,0.030709338070195668,Low
8427,Oct,Chevrolet,Third Party,No,No,0.04037673305054808,Low
8428,Nov,Mazda,Policy Holder,No,No,0.36428696123806814,Medium
8429,Nov,Toyota,Policy Holder,No,No,0.05529777001395727,Low
8430,Oct,Toyota,Policy Holder,No,No,0.15279837920843567,Low
8431,Nov,Pontiac,Policy Holder,No,No,0.4648333509898046,Medium
8432,Jan,Honda,Third Party,No,No,0.03639666241981947,Low
8433,Apr,Accura,Third Party,No,No,0.10611072465238056,Low
8434,Jul,Pontiac,Policy Holder,No,No,0.0703207798174295,Low
8435,Oct,Mazda,Policy Holder,No,No,0.10132362722406003,Low
8436,Oct,Chevrolet,Policy Holder,Yes,No,0.5683916380000581,Medium
8437,Oct,Chevrolet,Policy Holder,No,No,0.552502948986982,Medium
8438,Jun,Pontiac,Policy Holder,No,No,0.6148114820555942,High
8439,Mar,Mazda,Policy Holder,No,No,0.15290348954081,Low
8440,Apr,Honda,Policy Holder,No,No,0.17328361431206968,Low
8441,Jul,Toyota,Policy Holder,No,No,0.5291936721610353,Medium
8442,Jul,Pontiac,Third Party,No,No,0.04114421832102388,Low
8443,Dec,Pontiac,Third Party,No,No,0.035316359714745976,Low
8444,Nov,Honda,Third Party,No,No,0.03716724341807776,Low
8445,Nov,Pontiac,Third Party,No,No,0.07423766166505844,Low
8446,Jun,Mazda,Policy Holder,No,No,0.1089257238832245,Low
8447,May,Chevrolet,Policy Holder,No,No,0.6959276748694413,High
8448,Nov,Toyota,Policy Holder,No,No,0.40233995404797385,Medium
8449,Dec,Mazda,Policy Holder,No,No,0.0974177392328321,Low
8450,Sep,Mazda,Policy Holder,No,No,0.5795102403351396,Medium
8451,Jan,Honda,Policy Holder,No,No,0.8180755964359786,High
8452,Jan,Chevrolet,Third Party,No,No,0.0643187098877764,Low
8453,Nov,Toyota,Third Party,No,No,0.03288696079044754,Low
8454,Dec,Toyota,Policy Holder,No,No,0.6471383225884032,High
8455,Oct,Mazda,Policy Holder,No,No,0.6682345101464957,High
8456,Sep,Toyota,Policy Holder,No,No,0.4856506234381861,Medium
8457,Jun,Toyota,Policy Holder,No,No,0.7721094603716913,High
8458,Jun,Chevrolet,Policy Holder,No,No,0.1023295931086855,Low
8459,Dec,Pontiac,Policy Holder,No,No,0.43903852788086023,Medium
8460,Aug,Toyota,Third Party,No,No,0.001601099641867644,Low
8461,Mar,Mazda,Third Party,No,No,0.04875203142311135,Low
8462,May,Toyota,Policy Holder,No,No,0.15984706554543232,Low
8463,May,Mazda,Third Party,No,No,0.021479137026571674,Low
8464,Sep,Chevrolet,Policy Holder,No,No,0.742446761758993,High
8465,Dec,Honda,Policy Holder,No,No,0.6667048650442764,High
8466,Dec,Pontiac,Policy Holder,No,No,0.5574149948615059,Medium
8467,Oct,Ford,Policy Holder,No,No,0.9885199861173576,High
8468,Jun,Honda,Policy Holder,No,No,0.18508932055183794,Low
8469,Jun,Saab,Policy Holder,No,No,0.1609494501351106,Low
8470,Apr,Toyota,Policy Holder,No,No,0.8146815008065543,High
8471,Jan,Accura,Third Party,No,No,0.004471252649259498,Low
8472,Jul,Toyota,Policy Holder,No,No,0.5647611190019923,Medium
8473,Jan,Chevrolet,Policy Holder,No,No,0.7680926800061629,High
8474,Jun,Mazda,Policy Holder,No,No,0.6690170546316689,High
8475,Jun,Toyota,Policy Holder,No,No,0.21711988364487267,Low
8476,Oct,Saturn,Policy Holder,No,No,0.15431538061119085,Low
8477,Oct,Honda,Policy Holder,No,No,0.0797079242572245,Low
8478,Oct,Toyota,Third Party,Yes,No,0.08420857602632256,Low
8479,Oct,Mazda,Policy Holder,No,No,0.10656527112139402,Low
8480,Oct,Pontiac,Policy Holder,Yes,No,0.07891675674602355,Low
8481,Oct,Pontiac,Policy Holder,No,No,0.5737585849688498,Medium
8482,Jun,Pontiac,Policy Holder,No,No,0.6343217474997511,High
8483,Jun,Ferrari,Policy Holder,No,No,0.7826475349835773,High
8484,Jan,Toyota,Third Party,No,No,0.06704962521564595,Low
8485,Feb,Chevrolet,Policy Holder,No,No,0.06171688418462183,Low
8486,Feb,Honda,Third Party,No,No,0.03958041298100475,Low
8487,Dec,Honda,Policy Holder,No,No,0.3680418191855408,Medium
8488,Jan,Pontiac,Policy Holder,No,No,0.7275729583702972,High
8489,Aug,Chevrolet,Policy Holder,No,No,0.6722470257550923,High
8490,Aug,Mazda,Policy Holder,No,No,0.8458501878985052,High
8491,Jul,Pontiac,Policy Holder,No,No,0.07433000172293083,Low
8492,Jul,Pontiac,Policy Holder,No,No,0.49008014257276694,Medium
8493,Feb,Chevrolet,Policy Holder,No,No,0.7417625421950057,High
8494,Feb,Pontiac,Policy Holder,No,No,0.3748695763415895,Medium
8495,Feb,Pontiac,Policy Holder,No,No,0.1524364045063125,Low
8496,Dec,Pontiac,Policy Holder,No,No,0.6516698273761122,High
8497,Feb,Honda,Policy Holder,No,No,0.057241663293166545,Low
8498,Feb,Pontiac,Policy Holder,No,No,0.6614565230981296,High
8499,Feb,Pontiac,Policy Holder,No,No,0.0637553862374944,Low
8500,Feb,Honda,Policy Holder,No,No,0.17134831665755715,Low
8501,Feb,Chevrolet,Policy Holder,No,No,0.17673748455235655,Low
8502,Feb,Pontiac,Policy Holder,No,No,0.6554168067981151,High
8503,Apr,Chevrolet,Policy Holder,No,No,0.11772144709060406,Low
8504,Aug,Toyota,Policy Holder,No,No,0.6903431414881995,High
8505,Dec,Mazda,Third Party,No,No,0.08272077293375832,Low
8506,Jan,Honda,Policy Holder,No,No,0.6419820033848713,High
8507,Apr,Mazda,Third Party,No,No,0.028302685678641623,Low
8508,Mar,Pontiac,Third Party,No,No,0.05993479796545319,Low
8509,May,Mazda,Third Party,No,No,0.027431521364467124,Low
8510,Apr,VW,Policy Holder,No,No,0.3172948784844801,Medium
8511,Apr,Mazda,Third Party,No,No,0.04663051883524786,Low
8512,Dec,Honda,Policy Holder,No,No,0.7472058837869247,High
8513,Aug,Honda,Policy Holder,No,No,0.08039940447039506,Low
8514,Oct,Toyota,Policy Holder,No,No,0.7765555277911023,High
8515,Jan,Pontiac,Policy Holder,No,No,0.10665067621492454,Low
8516,May,Toyota,Policy Holder,No,No,0.12653395001249693,Low
8517,Apr,Honda,Policy Holder,No,No,0.6748835514106468,High
8518,Apr,Chevrolet,Policy Holder,No,No,0.9837317233397941,High
8519,Jun,Pontiac,Policy Holder,No,No,0.6134472405450405,High
8520,Jun,Toyota,Third Party,No,No,0.0028456745818817774,Low
8521,Dec,Mazda,Policy Holder,Yes,No,0.5409691143672296,Medium
8522,Dec,Mazda,Policy Holder,Yes,No,0.06446987097486029,Low
8523,Oct,Pontiac,Policy Holder,No,No,0.10449605595894976,Low
8524,Oct,Pontiac,Third Party,No,No,0.08314218026544386,Low
8525,Oct,Honda,Third Party,No,No,0.034711140741180514,Low
8526,Jun,Pontiac,Policy Holder,No,No,0.6192957350960541,High
8527,Mar,Honda,Policy Holder,No,No,0.7092775119197148,High
8528,Jun,Mazda,Policy Holder,No,No,0.1372601290628871,Low
8529,Jun,Toyota,Third Party,No,No,0.0559993288069273,Low
8530,Aug,Pontiac,Policy Holder,No,No,0.633993741971054,High
8531,Aug,Toyota,Policy Holder,No,No,0.10929801292287475,Low
8532,Jul,Mazda,Third Party,No,No,0.0690723771084993,Low
8533,Sep,Pontiac,Third Party,No,No,0.08780450872465811,Low
8534,Dec,Toyota,Policy Holder,No,No,0.12299154921889709,Low
8535,Nov,Chevrolet,Policy Holder,No,No,0.638196407834271,High
8536,Nov,Toyota,Policy Holder,No,No,0.4704396242018484,Medium
8537,Jun,Mazda,Policy Holder,No,No,0.6572500699704514,High
8538,May,Honda,Policy Holder,No,No,0.08695536284731549,Low
8539,Sep,Pontiac,Third Party,Yes,Yes,0.0020028903201027653,Low
8540,Sep,Mazda,Policy Holder,No,No,0.6406146774622354,High
8541,Sep,Mazda,Third Party,No,No,0.03957232588113766,Low
8542,Dec,Mazda,Third Party,No,No,0.024279828992658212,Low
8543,Dec,Accura,Policy Holder,No,No,0.7420372042017417,High
8544,Feb,Honda,Policy Holder,No,No,0.12481010476074642,Low
8545,Feb,Toyota,Third Party,No,No,0.15577743008805525,Low
8546,May,Toyota,Policy Holder,No,No,0.7307343570814101,High
8547,Apr,Toyota,Policy Holder,No,No,0.09767688861850812,Low
8548,Jun,Ford,Third Party,No,No,0.07862311542264518,Low
8549,May,Pontiac,Third Party,No,No,0.04657931541175535,Low
8550,Aug,Mazda,Policy Holder,No,No,0.1732201319135925,Low
8551,Jul,Mazda,Policy Holder,No,No,0.6450351962221871,High
8552,Oct,Mazda,Policy Holder,No,No,0.1406662571624018,Low
8553,Dec,Toyota,Policy Holder,No,No,0.13418991754842957,Low
8554,Dec,Chevrolet,Policy Holder,No,No,0.43303709885621555,Medium
8555,May,Chevrolet,Policy Holder,Yes,No,0.2004686600920834,Low
8556,Jan,Pontiac,Third Party,No,No,0.0024869197653567127,Low
8557,Sep,Pontiac,Third Party,No,No,0.03210110136110177,Low
8558,Oct,Honda,Third Party,No,No,0.15241458548119732,Low
8559,Oct,Toyota,Third Party,No,No,0.08685749868563743,Low
8560,Dec,Toyota,Third Party,No,No,0.10071494971623106,Low
8561,May,Mazda,Policy Holder,No,No,0.8350311750133754,High
8562,Jan,Pontiac,Third Party,No,No,0.032445692610488415,Low
8563,Jan,Honda,Policy Holder,No,No,0.4896535224759641,Medium
8564,Jan,Honda,Third Party,No,No,0.002790845506709237,Low
8565,Jan,Toyota,Policy Holder,No,No,0.6596693098496244,High
8566,Jan,Pontiac,Policy Holder,No,No,0.6949198644682326,High
8567,Dec,Pontiac,Third Party,No,No,0.048530411773991984,Low
8568,Dec,Mazda,Policy Holder,No,No,0.5516442842247284,Medium
8569,Dec,Toyota,Third Party,No,No,0.5234861137275795,Medium
8570,Jul,Pontiac,Policy Holder,No,No,0.08376684127404999,Low
8571,May,Mazda,Policy Holder,No,No,0.8334941398110952,High
8572,May,Pontiac,Third Party,No,No,0.02654539295227398,Low
8573,Dec,Pontiac,Policy Holder,No,No,0.669368466727898,High
8574,Dec,Toyota,Third Party,No,No,0.062364757201404476,Low
8575,Feb,Pontiac,Policy Holder,No,No,0.13807999493216072,Low
8576,Feb,Pontiac,Policy Holder,No,No,0.46420513400647145,Medium
8577,Jun,VW,Policy Holder,No,No,0.4023149725519754,Medium
8578,Mar,Mazda,Policy Holder,No,No,0.1029906698798076,Low
8579,Mar,Pontiac,Policy Holder,No,No,0.6505524470593371,High
8580,Mar,Toyota,Policy Holder,No,No,0.6459804321543763,High
8581,Jul,Pontiac,Policy Holder,No,No,0.35116590773751355,Medium
8582,Jul,Chevrolet,Third Party,No,No,0.003932544985244052,Low
8583,Nov,Pontiac,Third Party,No,No,0.03043595532317863,Low
8584,Jun,Honda,Policy Holder,No,No,0.10575754526059492,Low
8585,Jun,Toyota,Third Party,No,No,0.06810693967349246,Low
8586,Apr,Chevrolet,Third Party,No,No,0.0630152022159988,Low
8587,Nov,Chevrolet,Policy Holder,No,No,0.5411579487044984,Medium
8588,Nov,Pontiac,Policy Holder,No,No,0.2812913386895585,Low
8589,Apr,Pontiac,Policy Holder,No,No,0.7725262759599134,High
8590,Apr,Pontiac,Policy Holder,No,No,0.674538640250686,High
8591,Dec,Honda,Policy Holder,No,No,0.09307981341429979,Low
8592,Dec,Accura,Policy Holder,No,No,0.6663068929491843,High
8593,Nov,Honda,Policy Holder,No,No,0.0678626281548714,Low
8594,Apr,Honda,Third Party,No,No,0.03655751434937078,Low
8595,Mar,Chevrolet,Third Party,No,No,0.09240348366230125,Low
8596,Feb,Honda,Policy Holder,No,No,0.5515264804505366,Medium
8597,Feb,Pontiac,Policy Holder,No,No,0.6852891157355804,High
8598,Jan,Pontiac,Policy Holder,No,No,0.05835753042769291,Low
8599,Jan,Chevrolet,Policy Holder,No,No,0.625453882987994,High
8600,Jan,Pontiac,Policy Holder,No,No,0.13397835013201487,Low
8601,Jan,Toyota,Policy Holder,No,No,0.07982078621086086,Low
8602,Jan,Ford,Policy Holder,No,No,0.17060268300047565,Low
8603,Dec,Pontiac,Policy Holder,No,No,0.5221925627965658,Medium
8604,Dec,Toyota,Policy Holder,No,No,0.4090826076480292,Medium
8605,Dec,Pontiac,Policy Holder,No,No,0.7593203570024593,High
8606,Oct,Mazda,Policy Holder,No,No,0.07454389921929767,Low
8607,Sep,Toyota,Policy Holder,No,No,0.6888303070472663,High
8608,Aug,Mazda,Policy Holder,No,No,0.6475116049621509,High
8609,Jul,Pontiac,Policy Holder,No,No,0.6203289110382584,High
8610,Jul,Pontiac,Policy Holder,No,No,0.5251517303705384,Medium
8611,May,Honda,Policy Holder,No,No,0.15421820053217652,Low
8612,Apr,Toyota,Policy Holder,No,No,0.11428495919517992,Low
8613,Apr,Chevrolet,Policy Holder,No,No,0.1503763020635162,Low
8614,Dec,Honda,Policy Holder,No,No,0.5027594320170395,Medium
8615,Nov,Chevrolet,Policy Holder,No,No,0.5626037951830225,Medium
8616,Jan,VW,Third Party,No,No,0.000659251555592465,Low
8617,Jan,Pontiac,Policy Holder,No,No,0.11656435347923723,Low
8618,Jan,Honda,Policy Holder,No,No,0.5821209354949061,Medium
8619,Oct,Chevrolet,Policy Holder,No,No,0.164933239136229,Low
8620,Oct,Toyota,Policy Holder,No,No,0.8217267568165617,High
8621,Oct,Toyota,Policy Holder,No,No,0.13503103238308037,Low
8622,Oct,Pontiac,Policy Holder,No,No,0.651965276827001,High
8623,Jul,Toyota,Third Party,No,No,0.0036351992842507275,Low
8624,Jul,Pontiac,Policy Holder,No,No,0.4127319099552068,Medium
8625,Jun,Chevrolet,Policy Holder,No,No,0.14026887280671585,Low
8626,May,Honda,Policy Holder,No,No,0.08669496394695735,Low
8627,Mar,Chevrolet,Policy Holder,No,No,0.6806870185780179,High
8628,Feb,Honda,Policy Holder,No,No,0.4028453652793239,Medium
8629,Feb,Toyota,Policy Holder,No,No,0.584105896377083,Medium
8630,Dec,Chevrolet,Policy Holder,No,No,0.5724756407275047,Medium
8631,Feb,Pontiac,Policy Holder,Yes,No,0.618306344182234,High
8632,Feb,Chevrolet,Policy Holder,No,No,0.5282102643662525,Medium
8633,Feb,Mazda,Policy Holder,No,No,0.0862250334340019,Low
8634,Jan,Mazda,Policy Holder,No,No,0.6067944224626932,High
8635,Dec,Pontiac,Policy Holder,No,No,0.4728405927623052,Medium
8636,Dec,Toyota,Policy Holder,No,No,0.5776988854227965,Medium
8637,Dec,Ford,Policy Holder,No,No,0.6688879285482915,High
8638,Dec,Honda,Policy Holder,No,No,0.8468731403581615,High
8639,Nov,Pontiac,Third Party,No,No,0.03451643661532392,Low
8640,Nov,Accura,Third Party,No,No,0.024571431797289472,Low
8641,Sep,Saab,Policy Holder,No,No,0.1760480726506645,Low
8642,Aug,Pontiac,Policy Holder,No,No,0.551601439129681,Medium
8643,Aug,Pontiac,Policy Holder,No,No,0.7290768129423365,High
8644,Jun,Pontiac,Policy Holder,No,No,0.7262575285605724,High
8645,May,Pontiac,Policy Holder,No,No,0.0650357942650919,Low
8646,May,Pontiac,Third Party,No,No,0.0665207353189528,Low
8647,Feb,VW,Third Party,No,No,0.012394036248990702,Low
8648,Sep,Honda,Third Party,No,No,0.005533948978537288,Low
8649,Dec,Toyota,Policy Holder,No,No,0.1294917987859172,Low
8650,Oct,Honda,Policy Holder,No,No,0.7488635902120262,High
8651,Feb,Chevrolet,Policy Holder,No,No,0.11649420814685768,Low
8652,Aug,Pontiac,Policy Holder,No,No,0.13697093098284413,Low
8653,Jul,Toyota,Policy Holder,No,No,0.06575915138204289,Low
8654,Apr,Toyota,Policy Holder,No,No,0.09900358204033444,Low
8655,Apr,Accura,Policy Holder,No,No,0.3255861608433025,Medium
8656,Mar,Chevrolet,Policy Holder,No,No,0.8335353646723686,High
8657,Mar,Toyota,Policy Holder,No,No,0.6771082987306947,High
8658,Feb,VW,Policy Holder,No,No,0.01727402365535032,Low
8659,Feb,Toyota,Policy Holder,Yes,No,0.6076129306099807,High
8660,Jul,Honda,Policy Holder,No,No,0.2039223598622168,Low
8661,Apr,Saturn,Policy Holder,No,No,0.8270642802918412,High
8662,Apr,Honda,Third Party,No,No,0.005175513960823326,Low
8663,Feb,Chevrolet,Third Party,No,No,0.051967819868600246,Low
8664,Jan,Chevrolet,Third Party,Yes,Yes,0.04484264096363868,Low
8665,Jan,Toyota,Policy Holder,No,No,0.05776337629729412,Low
8666,Dec,Accura,Policy Holder,No,No,0.6560022098177041,High
8667,Jan,Chevrolet,Third Party,No,No,0.002883702636723203,Low
8668,Dec,Mazda,Policy Holder,No,No,0.1421138312775611,Low
8669,Jan,Pontiac,Policy Holder,No,No,0.11261413311466717,Low
8670,Jan,Honda,Policy Holder,No,No,0.7063124257175889,High
8671,Jan,Toyota,Policy Holder,No,No,0.8004735523418443,High
8672,Dec,Pontiac,Third Party,No,No,0.04097694530919013,Low
8673,Jan,Saab,Policy Holder,No,No,0.1631881701831176,Low
8674,Dec,Pontiac,Third Party,No,No,0.03992122983280137,Low
8675,Mar,Pontiac,Policy Holder,No,No,0.07333668562451183,Low
8676,Mar,Chevrolet,Policy Holder,No,No,0.12296907678750224,Low
8677,Feb,Chevrolet,Policy Holder,No,No,0.596059308945581,Medium
8678,Feb,Accura,Policy Holder,No,No,0.6769024375266893,High
8679,Mar,Honda,Policy Holder,No,No,0.7771467184082623,High
8680,Dec,Pontiac,Policy Holder,No,No,0.6509728318724475,High
8681,Feb,Pontiac,Policy Holder,No,No,0.6252672414571032,High
8682,Feb,Pontiac,Policy Holder,No,No,0.6995620508187083,High
8683,Feb,Toyota,Policy Holder,Yes,Yes,0.637299202095206,High
8684,Feb,Pontiac,Policy Holder,No,No,0.6213653499470222,High
8685,Dec,Honda,Third Party,No,No,0.08075121909751988,Low
8686,Jan,Toyota,Third Party,No,No,0.04996493047719533,Low
8687,Jan,Toyota,Policy Holder,No,No,0.646748826381514,High
8688,Jan,Chevrolet,Policy Holder,No,No,0.6641289448085544,High
8689,Jan,Toyota,Policy Holder,No,No,0.6856190889034824,High
8690,Jan,Saab,Policy Holder,No,No,0.8450198703108058,High
8691,Dec,Mazda,Third Party,No,No,0.024333166014328705,Low
8692,Dec,Accura,Policy Holder,No,No,0.7794629096004971,High
8693,Jan,Pontiac,Policy Holder,No,No,0.7602846714746506,High
8694,Dec,Toyota,Policy Holder,No,No,0.6588576620606065,High
8695,Jan,Chevrolet,Policy Holder,No,No,0.12160204401804728,Low
8696,Jan,Mazda,Policy Holder,No,No,0.06977723849756517,Low
8697,Dec,Chevrolet,Policy Holder,No,No,0.19674675054756505,Low
8698,Dec,Honda,Policy Holder,No,No,0.5112840755755154,Medium
8699,Dec,Pontiac,Third Party,No,No,0.030434345536410962,Low
8700,Dec,Honda,Policy Holder,No,No,0.5879317060170733,Medium
8701,Dec,Honda,Policy Holder,No,No,0.5940412118702811,Medium
8702,Dec,Mazda,Third Party,No,No,0.0657082132772842,Low
8703,Dec,Pontiac,Policy Holder,No,No,0.6377535601005069,High
8704,Dec,Saab,Policy Holder,No,No,0.8268368365118834,High
8705,Dec,Honda,Third Party,No,No,0.03184543210126469,Low
8706,Dec,Honda,Policy Holder,No,No,0.07639639319593185,Low
8707,Jan,Toyota,Policy Holder,No,No,0.1376981743664868,Low
8708,Jan,Honda,Policy Holder,No,No,0.06328607410802611,Low
8709,Jan,Pontiac,Policy Holder,No,No,0.6685563379978609,High
8710,Jan,Pontiac,Third Party,No,No,0.07571742395826213,Low
8711,Jan,Pontiac,Policy Holder,No,No,0.7592794619107426,High
8712,Dec,Toyota,Third Party,No,No,0.058317289510453424,Low
8713,Jan,Pontiac,Policy Holder,No,No,0.13928551150170762,Low
8714,Jan,Toyota,Policy Holder,No,No,0.7699631542105378,High
8715,Dec,Toyota,Policy Holder,No,No,0.1254729528387251,Low
8716,Jan,Mazda,Policy Holder,No,No,0.5637658173503073,Medium
8717,Jan,Chevrolet,Policy Holder,No,No,0.8124067827798795,High
8718,Jan,Porche,Policy Holder,No,No,0.13301795209420275,Low
8719,Jan,Saturn,Policy Holder,No,No,0.20407283086605707,Low
8720,Jan,Toyota,Third Party,No,No,0.06878623652958549,Low
8721,Jan,Chevrolet,Third Party,No,No,0.0006685112447285804,Low
8722,Jan,Pontiac,Policy Holder,No,No,0.9910903909402987,High
8723,Jan,Toyota,Policy Holder,No,No,0.6776009849650085,High
8724,Jan,Honda,Policy Holder,No,No,0.6249634366664524,High
8725,Jan,Honda,Policy Holder,No,No,0.11042577256139023,Low
8726,Jan,Honda,Third Party,No,No,0.02619282318704103,Low
8727,Jan,Chevrolet,Policy Holder,No,No,0.08219480070228112,Low
8728,Jan,Pontiac,Policy Holder,No,No,0.14479049315805245,Low
8729,Jan,Chevrolet,Policy Holder,No,No,0.5869731756299008,Medium
8730,Jan,Accura,Policy Holder,No,No,0.6335031888254035,High
8731,Jan,Honda,Policy Holder,No,No,0.4563963391669356,Medium
8732,Feb,Mazda,Policy Holder,No,No,0.5478255157633376,Medium
8733,Feb,Honda,Policy Holder,No,No,0.16230926520647576,Low
8734,Feb,Toyota,Policy Holder,No,No,0.8013091159115173,High
8735,Dec,Toyota,Third Party,No,No,0.03651053393729743,Low
8736,Dec,Mazda,Third Party,No,No,0.045133166719788315,Low
8737,Jan,Pontiac,Policy Holder,No,No,0.8224561269892012,High
8738,Jan,Chevrolet,Policy Holder,No,No,0.0879742733231516,Low
8739,Jan,Ford,Policy Holder,No,No,0.563551631152444,Medium
8740,Jan,Pontiac,Third Party,No,No,0.08103834276412318,Low
8741,Jan,Pontiac,Policy Holder,No,No,0.7268657533168367,High
8742,Dec,Honda,Third Party,No,No,0.014165901123625433,Low
8743,Jan,Toyota,Policy Holder,No,No,0.6547478040790936,High
8744,Jan,Toyota,Policy Holder,No,No,0.6105080971216589,High
8745,Jan,Honda,Policy Holder,No,No,0.6989013000736115,High
8746,Jan,Toyota,Policy Holder,No,No,0.7768806004645704,High
8747,Jan,Honda,Policy Holder,No,No,0.09556649567973177,Low
8748,Dec,Toyota,Policy Holder,Yes,No,0.5173422510026162,Medium
8749,Jan,Mazda,Third Party,No,No,0.05251479734969424,Low
8750,Jan,Pontiac,Policy Holder,No,No,0.1381533003172454,Low
8751,Jan,Pontiac,Policy Holder,No,No,0.07823295698124658,Low
8752,Jan,Toyota,Third Party,No,No,0.12865984284012077,Low
8753,Jan,Honda,Third Party,No,No,0.046696816329190635,Low
8754,Jan,Toyota,Policy Holder,No,No,0.0760005446872423,Low
8755,Dec,Toyota,Third Party,No,No,0.07202359706623548,Low
8756,Feb,Honda,Policy Holder,No,No,0.7533592705816556,High
8757,Feb,Toyota,Policy Holder,No,No,0.7631321440681638,High
8758,Feb,Toyota,Policy Holder,No,No,0.5718979488880093,Medium
8759,Feb,Mazda,Policy Holder,No,No,0.40423869930955764,Medium
8760,Feb,Pontiac,Policy Holder,No,No,0.5373210875606357,Medium
8761,Nov,Honda,Third Party,No,No,0.011770194115489324,Low
8762,Sep,Mazda,Policy Holder,No,No,0.07925381367218504,Low
8763,Sep,Pontiac,Third Party,No,No,0.09916752893744757,Low
8764,Apr,Mazda,Policy Holder,No,No,0.5881586730978837,Medium
8765,Feb,Pontiac,Policy Holder,No,No,0.6097823023821414,High
8766,Feb,Ford,Policy Holder,No,No,0.16917358186231687,Low
8767,Feb,Honda,Policy Holder,No,No,0.08797239340895031,Low
8768,Feb,Toyota,Policy Holder,No,No,0.78493710510951,High
8769,Feb,Pontiac,Policy Holder,No,No,0.1367456796307845,Low
8770,Dec,Pontiac,Policy Holder,No,No,0.6670336702278111,High
8771,Feb,Nisson,Policy Holder,No,No,0.20014463722093048,Low
8772,Feb,Pontiac,Policy Holder,No,No,0.5791712254621335,Medium
8773,Feb,Toyota,Policy Holder,No,No,0.8203090428083843,High
8774,Feb,Chevrolet,Policy Holder,No,No,0.637991766906916,High
8775,Feb,Mercury,Policy Holder,No,No,0.7925605655865189,High
8776,Feb,Mazda,Policy Holder,No,No,0.6749661607329025,High
8777,Feb,Toyota,Policy Holder,No,No,0.5713415839255553,Medium
8778,Feb,Mazda,Policy Holder,No,No,0.06424068901234326,Low
8779,Feb,Dodge,Policy Holder,No,No,0.38497259064238365,Medium
8780,Jan,Pontiac,Policy Holder,No,No,0.6569064974202752,High
8781,Jan,Mazda,Policy Holder,No,No,0.7069686152940465,High
8782,Jan,Honda,Policy Holder,No,No,0.7106357154360344,High
8783,Jan,Pontiac,Policy Holder,No,No,0.7408145498304722,High
8784,Dec,Toyota,Policy Holder,No,No,0.5675312248352999,Medium
8785,Dec,Toyota,Policy Holder,No,No,0.597096584940234,Medium
8786,Oct,Toyota,Third Party,No,Yes,0.029373216286800747,Low
8787,Mar,Honda,Policy Holder,No,No,0.15469946672830165,Low
8788,Feb,Mazda,Third Party,No,No,0.0032077199223099436,Low
8789,Feb,Pontiac,Policy Holder,No,No,0.0960152134986567,Low
8790,Feb,Chevrolet,Third Party,No,No,0.005236963790079417,Low
8791,Feb,Pontiac,Policy Holder,No,No,0.49008047316750114,Medium
8792,Feb,Ford,Policy Holder,No,No,0.7411569032379582,High
8793,Feb,Pontiac,Policy Holder,No,No,0.7428932858898522,High
8794,Jan,Pontiac,Third Party,No,No,0.03767340579989612,Low
8795,Jan,Toyota,Third Party,No,No,0.0602315992796048,Low
8796,Jan,Chevrolet,Third Party,No,No,0.05442936055779445,Low
8797,Jan,Mazda,Policy Holder,No,No,0.6067997948785556,High
8798,Jan,Pontiac,Third Party,No,No,0.025993627099484475,Low
8799,Jan,Pontiac,Policy Holder,No,No,0.09263803748348368,Low
8800,Jan,Toyota,Third Party,No,No,0.004033743489752192,Low
8801,Jan,Mercury,Policy Holder,No,No,0.8380083894398399,High
8802,Jan,Mazda,Policy Holder,No,No,0.42321728728036223,Medium
8803,Jan,Honda,Policy Holder,No,No,0.2068297410437269,Low
8804,Jan,Pontiac,Third Party,No,No,0.0020980663901206146,Low
8805,Jan,Pontiac,Policy Holder,No,No,0.8094869869630514,High
8806,Dec,Mazda,Policy Holder,No,No,0.09258882805650105,Low
8807,Jun,Pontiac,Policy Holder,No,No,0.07880265554691589,Low
8808,Feb,Pontiac,Third Party,No,No,0.05189940832354193,Low
8809,Mar,Pontiac,Policy Holder,No,No,0.1512258058495942,Low
8810,Feb,Pontiac,Policy Holder,No,No,0.10709325567013579,Low
8811,Mar,Toyota,Third Party,No,No,0.09857463962552662,Low
8812,Mar,Mazda,Policy Holder,No,No,0.14630593995414157,Low
8813,Jun,Pontiac,Policy Holder,No,No,0.11455203629045141,Low
8814,Nov,Honda,Policy Holder,No,No,0.05937765200933783,Low
8815,Oct,Pontiac,Policy Holder,No,No,0.7241904722120708,High
8816,Jun,Pontiac,Third Party,No,No,0.039288146535710444,Low
8817,Mar,Mazda,Third Party,No,No,0.05808306740560043,Low
8818,Dec,Pontiac,Third Party,No,No,0.04485772859468521,Low
8819,Apr,Mazda,Policy Holder,No,No,0.6391538145583292,High
8820,Jul,Pontiac,Policy Holder,No,No,0.057726998170230734,Low
8821,Aug,Mazda,Third Party,No,No,0.058213845359460364,Low
8822,Aug,Toyota,Policy Holder,Yes,No,0.34931692103469814,Medium
8823,Aug,Mazda,Policy Holder,No,No,0.08895716203688606,Low
8824,Feb,Honda,Policy Holder,No,No,0.9896864899809303,High
8825,Mar,Pontiac,Policy Holder,No,No,0.22937291043155217,Low
8826,Apr,Toyota,Policy Holder,No,No,0.13061745851529996,Low
8827,Apr,Toyota,Third Party,No,No,0.0037955819370685496,Low
8828,Apr,Toyota,Policy Holder,No,No,0.9306361700197491,High
8829,Apr,Toyota,Policy Holder,No,No,0.0867678224884563,Low
8830,May,Chevrolet,Third Party,No,No,0.05512908324060228,Low
8831,Dec,Honda,Policy Holder,No,No,0.389269858606704,Medium
8832,Jul,Pontiac,Policy Holder,No,No,0.05376013703771002,Low
8833,Jul,Chevrolet,Policy Holder,No,No,0.5608369754040283,Medium
8834,Oct,Pontiac,Policy Holder,No,No,0.5585416732708164,Medium
8835,Oct,Mazda,Policy Holder,No,No,0.7668265989133944,High
8836,Dec,Honda,Third Party,No,No,0.04576878526770469,Low
8837,Feb,Toyota,Policy Holder,No,No,0.08955826892720019,Low
8838,Apr,VW,Policy Holder,No,No,0.024439631396701737,Low
8839,Apr,Pontiac,Third Party,No,No,0.08601886690373933,Low
8840,Dec,Toyota,Third Party,No,No,0.0742781283311812,Low
8841,Apr,Honda,Policy Holder,No,No,0.0840703551889363,Low
8842,Jul,Toyota,Third Party,No,No,0.04597704934159704,Low
8843,Aug,Pontiac,Policy Holder,No,No,0.7539287167354033,High
8844,Jul,Toyota,Policy Holder,No,No,0.6372189495382546,High
8845,Apr,Toyota,Policy Holder,No,No,0.7722276190925023,High
8846,Dec,Pontiac,Policy Holder,No,No,0.6298183649783886,High
8847,Apr,Pontiac,Policy Holder,No,No,0.09864198602632913,Low
8848,Apr,VW,Third Party,No,No,0.0006810669463277047,Low
8849,Dec,Honda,Third Party,No,No,0.06560209636455314,Low
8850,Jul,Pontiac,Policy Holder,No,No,0.052748415066424525,Low
8851,Jul,Toyota,Third Party,No,No,0.025194285727223664,Low
8852,Dec,Honda,Third Party,No,No,0.07159075042293167,Low
8853,Sep,Ford,Policy Holder,No,No,0.641130554776692,High
8854,Sep,Chevrolet,Policy Holder,No,No,0.5344842760508648,Medium
8855,Dec,Pontiac,Policy Holder,No,No,0.6264419266971533,High
8856,Dec,Pontiac,Third Party,No,No,0.021407208405120233,Low
8857,Apr,Pontiac,Policy Holder,No,No,0.7553780764268178,High
8858,Aug,Saab,Policy Holder,No,No,0.7772401349377511,High
8859,Jul,Chevrolet,Policy Holder,No,No,0.05050421520172166,Low
8860,Jul,Toyota,Policy Holder,No,No,0.4823408100244384,Medium
8861,Dec,Chevrolet,Policy Holder,No,No,0.05598287626373881,Low
8862,Nov,Pontiac,Policy Holder,No,No,0.6157607762568165,High
8863,Apr,Pontiac,Third Party,No,No,0.10231261207396869,Low
8864,Jun,Accura,Policy Holder,No,No,0.8199391578034426,High
8865,Jun,Toyota,Third Party,No,No,0.06435695819534418,Low
8866,Jun,Pontiac,Third Party,No,No,0.04795533887214777,Low
8867,Jul,Mazda,Policy Holder,No,No,0.05624735911554737,Low
8868,Oct,Honda,Policy Holder,No,No,0.08735753679315651,Low
8869,Sep,VW,Policy Holder,No,No,0.017335512031747113,Low
8870,Oct,Toyota,Policy Holder,Yes,No,0.6236457937798513,High
8871,Oct,Pontiac,Policy Holder,No,No,0.1612714676187211,Low
8872,Jul,Honda,Policy Holder,No,No,0.474590811826868,Medium
8873,Jul,Honda,Policy Holder,No,No,0.47213840824770403,Medium
8874,Dec,Toyota,Policy Holder,No,No,0.516838078292683,Medium
8875,Oct,Mazda,Policy Holder,No,No,0.7813105761793864,High
8876,Dec,Honda,Policy Holder,No,No,0.7272317070128569,High
8877,Oct,Honda,Policy Holder,Yes,No,0.5128668145904296,Medium
8878,Dec,Pontiac,Policy Holder,No,No,0.6625215964575331,High
8879,Feb,Honda,Policy Holder,No,No,0.48207885047063154,Medium
8880,Nov,Mazda,Policy Holder,No,No,0.4223722431821838,Medium
8881,Dec,Honda,Third Party,No,No,0.02529392300542382,Low
8882,Sep,Pontiac,Policy Holder,No,No,0.8838062409720059,High
8883,Jun,Toyota,Policy Holder,No,No,0.10334559873253096,Low
8884,Jun,Mazda,Policy Holder,No,No,0.07369492791291529,Low
8885,Jun,Chevrolet,Policy Holder,No,No,0.07952129925217485,Low
8886,May,Honda,Third Party,No,No,0.06865059336501715,Low
8887,Nov,Pontiac,Policy Holder,No,No,0.03701536845881325,Low
8888,Dec,Accura,Third Party,No,No,0.06250409675217179,Low
8889,Sep,Pontiac,Policy Holder,No,No,0.5417750688922266,Medium
8890,Sep,VW,Third Party,No,No,0.001028340419647656,Low
8891,May,Pontiac,Third Party,No,No,0.057825931344157006,Low
8892,May,Honda,Policy Holder,No,No,0.10566822417871889,Low
8893,Apr,Honda,Policy Holder,No,No,0.19625599364752008,Low
8894,Mar,Pontiac,Policy Holder,No,No,0.7032021522380795,High
8895,Mar,Saab,Third Party,No,No,0.0692088103231866,Low
8896,Dec,Ford,Policy Holder,No,No,0.7353246077585499,High
8897,Nov,Chevrolet,Policy Holder,No,No,0.6348803071567212,High
8898,Nov,Toyota,Policy Holder,No,No,0.5476681045497402,Medium
8899,Sep,Mazda,Policy Holder,No,No,0.10438438241107233,Low
8900,Apr,Pontiac,Policy Holder,No,No,0.6673081791490202,High
8901,Apr,Honda,Policy Holder,No,No,0.11212774967011377,Low
8902,Mar,Pontiac,Third Party,No,No,0.1024768242748298,Low
8903,Mar,Mazda,Third Party,No,No,0.038832917011578975,Low
8904,Mar,Mazda,Policy Holder,No,No,0.1534003936841006,Low
8905,Oct,Toyota,Policy Holder,No,No,0.6222462857075308,High
8906,Oct,Chevrolet,Third Party,No,No,0.06987169480026115,Low
8907,Oct,Chevrolet,Policy Holder,No,No,0.6163219860473322,High
8908,Sep,Mazda,Policy Holder,No,No,0.5985852748566004,Medium
8909,Sep,Pontiac,Policy Holder,No,No,0.570720833848383,Medium
8910,Sep,Mazda,Policy Holder,No,No,0.09182749462738118,Low
8911,Aug,Toyota,Policy Holder,No,No,0.7093825862743304,High
8912,May,Ford,Policy Holder,No,No,0.7480539035175251,High
8913,Apr,Honda,Third Party,No,No,0.03628272561804459,Low
8914,Apr,Mazda,Third Party,No,No,0.029609112692276753,Low
8915,Apr,Honda,Policy Holder,No,No,0.13249877784518257,Low
8916,Mar,VW,Policy Holder,No,No,0.026623187441344006,Low
8917,Mar,Mazda,Policy Holder,No,No,0.8080618661584066,High
8918,Mar,Honda,Policy Holder,No,No,0.21350278282930069,Low
8919,Mar,Pontiac,Third Party,No,No,0.11701054372710878,Low
8920,Nov,Pontiac,Policy Holder,No,No,0.01148637340371848,Low
8921,Nov,Pontiac,Policy Holder,No,No,0.45321383745304733,Medium
8922,Jul,Toyota,Policy Holder,No,No,0.651846730714126,High
8923,Jul,Chevrolet,Policy Holder,No,No,0.08370331643359336,Low
8924,Dec,Ford,Third Party,No,No,0.05219103742187657,Low
8925,Jul,Pontiac,Policy Holder,No,No,0.5416281427013662,Medium
8926,Jun,Pontiac,Policy Holder,No,No,0.8661096969287735,High
8927,May,Pontiac,Policy Holder,No,No,0.12263734086781991,Low
8928,May,Honda,Third Party,No,No,0.07504571738349039,Low
8929,May,Ford,Policy Holder,No,No,0.7181925542737032,High
8930,Oct,Mercury,Policy Holder,No,No,0.7345558983524277,High
8931,Oct,Honda,Policy Holder,No,No,0.7873548659619557,High
8932,Oct,Mazda,Policy Holder,No,No,0.4958141565840367,Medium
8933,Aug,Mazda,Third Party,No,No,0.042515362422970784,Low
8934,Aug,Mazda,Policy Holder,No,No,0.5404070317793198,Medium
8935,Jun,Pontiac,Third Party,No,No,0.05333989572812799,Low
8936,Jun,Mazda,Policy Holder,No,No,0.6854056193576156,High
8937,May,Honda,Policy Holder,No,No,0.6917342483909528,High
8938,May,Accura,Policy Holder,No,No,0.7777115321545124,High
8939,May,Toyota,Third Party,No,No,0.09577986808681142,Low
8940,May,Pontiac,Policy Holder,No,No,0.6152951339570822,High
8941,Apr,Honda,Policy Holder,No,No,0.07206699624608874,Low
8942,Apr,Chevrolet,Policy Holder,No,No,0.6663280456013335,High
8943,Mar,Chevrolet,Policy Holder,No,No,0.8198187647152541,High
8944,Jul,Mazda,Policy Holder,No,No,0.42738943574943283,Medium
8945,Jul,Pontiac,Policy Holder,No,No,0.5056977958821564,Medium
8946,Mar,Pontiac,Third Party,No,No,0.09177785969057041,Low
8947,Mar,Pontiac,Policy Holder,No,No,0.6401421348422249,High
8948,Mar,VW,Policy Holder,No,No,0.030383852977249007,Low
8949,Feb,Mazda,Policy Holder,No,No,0.036956629468389554,Low
8950,Feb,Honda,Third Party,No,No,0.05157344603797518,Low
8951,Jul,Toyota,Policy Holder,No,No,0.5276382060296854,Medium
8952,Oct,Pontiac,Policy Holder,No,No,0.07128158271695025,Low
8953,Jan,Toyota,Policy Holder,No,No,0.6668505085275055,High
8954,Feb,Mazda,Policy Holder,No,No,0.08162639660063355,Low
8955,Feb,Mazda,Policy Holder,No,No,0.6460404251882291,High
8956,Dec,Mazda,Third Party,Yes,No,0.034528427577342376,Low
8957,Feb,Pontiac,Policy Holder,No,No,0.09844697667558944,Low
8958,Feb,Pontiac,Third Party,No,No,0.08045552969051376,Low
8959,Feb,Chevrolet,Policy Holder,No,No,0.2194515258048441,Low
8960,Dec,Toyota,Policy Holder,No,No,0.9335467101934993,High
8961,Feb,Accura,Third Party,No,No,0.0032106241191928397,Low
8962,Feb,Pontiac,Third Party,No,No,0.049694921938454546,Low
8963,Mar,Toyota,Policy Holder,No,No,0.15507003302725067,Low
8964,Dec,Honda,Policy Holder,No,No,0.7488783212028889,High
8965,Mar,Pontiac,Policy Holder,No,No,0.13148530994525728,Low
8966,Mar,Honda,Policy Holder,No,No,0.8542074558441569,High
8967,Apr,Chevrolet,Policy Holder,No,No,0.7368085374918703,High
8968,Dec,Mazda,Third Party,No,No,0.019161998638564857,Low
8969,Apr,Pontiac,Policy Holder,No,No,0.540091602209825,Medium
8970,Apr,Ford,Policy Holder,No,No,0.8178803076728483,High
8971,Jun,Chevrolet,Third Party,No,No,0.0030702941483063896,Low
8972,Jun,Toyota,Third Party,No,No,0.11826378955955834,Low
8973,Jun,Toyota,Third Party,No,No,0.004242700229879733,Low
8974,Jul,Toyota,Third Party,No,No,0.04427708178452222,Low
8975,Jul,Mazda,Third Party,No,No,0.08995646393967252,Low
8976,Sep,Chevrolet,Policy Holder,No,No,0.8533208235467814,High
8977,Jan,Chevrolet,Policy Holder,No,No,0.8059537639161735,High
8978,Feb,Mazda,Third Party,No,No,0.029439200436979573,Low
8979,Dec,Pontiac,Third Party,No,No,0.04113916912929115,Low
8980,Feb,Honda,Policy Holder,No,No,0.5701102673034596,Medium
8981,Dec,Honda,Third Party,No,No,0.05119907737383825,Low
8982,Feb,Chevrolet,Policy Holder,No,No,0.14646841825694165,Low
8983,Feb,Toyota,Policy Holder,No,No,0.12936755620199047,Low
8984,Feb,Pontiac,Policy Holder,No,No,0.09426060182803878,Low
8985,Mar,Chevrolet,Policy Holder,No,No,0.7359191339560022,High
8986,Mar,Toyota,Policy Holder,No,No,0.26679266782246763,Low
8987,Mar,Mazda,Third Party,No,No,0.03991625300034709,Low
8988,Mar,Toyota,Policy Holder,No,No,0.7021620508438382,High
8989,Mar,Mazda,Third Party,No,No,0.06705337903335078,Low
8990,Apr,Mazda,Third Party,No,No,0.03641476048956029,Low
8991,May,Honda,Policy Holder,Yes,No,0.14202265329160568,Low
8992,Jun,Toyota,Third Party,No,No,0.07560383152654228,Low
8993,Jun,Ford,Policy Holder,No,No,0.16337008136901698,Low
8994,Jun,Toyota,Third Party,No,No,0.06284244465148213,Low
8995,Jun,Mazda,Policy Holder,No,No,0.7095282336396369,High
8996,Jun,Chevrolet,Policy Holder,No,No,0.6395542837689356,High
8997,Jul,Honda,Policy Holder,No,No,0.015205512942776295,Low
8998,Jul,Honda,Policy Holder,No,No,0.7591906667445953,High
8999,Oct,Pontiac,Policy Holder,No,No,0.6837642322751549,High
9000,Nov,Mazda,Third Party,No,No,0.015123625743686867,Low
9001,Oct,Toyota,Third Party,No,No,0.03466505743863519,Low
9002,Oct,Mazda,Policy Holder,No,No,0.6038249792042979,High
9003,Oct,Toyota,Third Party,No,No,0.003273641661674405,Low
9004,Jul,Chevrolet,Policy Holder,No,No,0.12380843268040702,Low
9005,Jul,Mazda,Third Party,No,No,0.03784961022165161,Low
9006,Jul,Pontiac,Policy Holder,No,No,0.5166215128018841,Medium
9007,Dec,Pontiac,Policy Holder,No,No,0.6412534293221853,High
9008,Jul,Pontiac,Policy Holder,No,No,0.6150740629374469,High
9009,Dec,Honda,Third Party,No,No,0.024921156761792847,Low
9010,Jun,Chevrolet,Policy Holder,No,No,0.7653593217279049,High
9011,Jun,Mazda,Policy Holder,No,No,0.07122984711942108,Low
9012,Jun,Pontiac,Third Party,No,No,0.003869283779441629,Low
9013,Jun,Pontiac,Policy Holder,No,No,0.07896487370141893,Low
9014,Jun,Honda,Third Party,No,No,0.04212358525864493,Low
9015,Jun,Toyota,Policy Holder,No,No,0.7229171766999694,High
9016,May,Pontiac,Policy Holder,No,No,0.6197588927555346,High
9017,May,Honda,Policy Holder,No,No,0.7710283037577926,High
9018,May,Toyota,Third Party,No,No,0.1317027718611151,Low
9019,May,Mazda,Policy Holder,No,No,0.7776311519212121,High
9020,May,Mazda,Policy Holder,No,No,0.6956748128950704,High
9021,Apr,Toyota,Policy Holder,No,No,0.7126406008773142,High
9022,Apr,Mazda,Policy Holder,No,No,0.5680280485570185,Medium
9023,Mar,Toyota,Policy Holder,No,No,0.5979355216426375,Medium
9024,Mar,Toyota,Policy Holder,No,No,0.1473745819748539,Low
9025,Mar,Toyota,Policy Holder,No,No,0.17263974239514457,Low
9026,Mar,Mazda,Policy Holder,No,No,0.6927534048661879,High
9027,Mar,Pontiac,Policy Holder,No,No,0.1336427966330497,Low
9028,Mar,Toyota,Policy Holder,No,No,0.99296798164094,High
9029,Mar,Pontiac,Policy Holder,No,No,0.14629461314982203,Low
9030,Jan,Toyota,Third Party,No,No,0.04640404550922154,Low
9031,Mar,Pontiac,Policy Holder,No,No,0.06324631195327847,Low
9032,Mar,Honda,Third Party,No,No,0.06278839046813976,Low
9033,Mar,Mazda,Third Party,No,No,0.060963697509122505,Low
9034,Mar,Pontiac,Policy Holder,No,No,0.6860378950569158,High
9035,Mar,Honda,Third Party,No,No,0.12186922547116655,Low
9036,Mar,Ford,Policy Holder,No,No,0.8156174358294075,High
9037,Feb,Chevrolet,Third Party,No,No,0.06897748421218214,Low
9038,Jan,Honda,Policy Holder,No,No,0.8431909586173599,High
9039,Feb,VW,Policy Holder,No,No,0.5235879231978403,Medium
9040,Feb,Pontiac,Policy Holder,No,No,0.1304714613157079,Low
9041,Feb,Mazda,Third Party,No,No,0.16428092442609832,Low
9042,Oct,Dodge,Policy Holder,No,No,0.39759370374746855,Medium
9043,Oct,Honda,Third Party,No,No,0.002906278502135619,Low
9044,Jan,Chevrolet,Third Party,No,No,0.08509634634310277,Low
9045,Oct,Toyota,Policy Holder,No,No,0.6937792033833331,High
9046,Oct,Chevrolet,Third Party,No,No,0.004600758416739262,Low
9047,Sep,Honda,Policy Holder,No,No,0.6283467773764763,High
9048,Aug,Mazda,Third Party,No,No,0.05393621325135267,Low
9049,Aug,Honda,Policy Holder,No,No,0.024595713480869405,Low
9050,Jul,Toyota,Policy Holder,No,No,0.6522874053451909,High
9051,Jan,Honda,Policy Holder,Yes,No,0.5734433146673322,Medium
9052,Jul,Mazda,Policy Holder,No,No,0.046309442542881635,Low
9053,Jun,Pontiac,Policy Holder,No,No,0.8401251287905093,High
9054,Jun,Mercury,Policy Holder,No,No,0.6792631428738577,High
9055,Jun,Mazda,Policy Holder,No,No,0.6988841917271518,High
9056,Jan,Pontiac,Policy Holder,No,No,0.6414021468224919,High
9057,May,Honda,Policy Holder,No,No,0.09491985302850628,Low
9058,May,Toyota,Policy Holder,No,No,0.1624057598935657,Low
9059,Apr,Toyota,Policy Holder,No,No,0.10933150666291598,Low
9060,Apr,Toyota,Policy Holder,No,No,0.218138557202171,Low
9061,Apr,Honda,Third Party,No,No,0.0018837336039257734,Low
9062,Apr,Dodge,Policy Holder,No,No,0.5085194684775349,Medium
9063,Apr,Toyota,Third Party,No,No,0.04552796592811257,Low
9064,Apr,VW,Policy Holder,No,No,0.02015221943847699,Low
9065,Jan,Mazda,Third Party,No,No,0.19452877530486623,Low
9066,Mar,Pontiac,Policy Holder,No,No,0.09859944388266548,Low
9067,Mar,Pontiac,Third Party,No,No,0.05775920880513829,Low
9068,Mar,Honda,Policy Holder,No,No,0.7249904452624086,High
9069,Mar,Chevrolet,Third Party,No,No,0.06011972201415757,Low
9070,Mar,Honda,Policy Holder,No,No,0.16236560298867356,Low
9071,Jan,Toyota,Policy Holder,No,No,0.58096785895957,Medium
9072,Feb,Toyota,Policy Holder,No,No,0.6777212790900018,High
9073,Feb,Honda,Policy Holder,No,No,0.5244375503727322,Medium
9074,Feb,Pontiac,Third Party,No,No,0.08018871167694824,Low
9075,Feb,Ford,Policy Holder,No,No,0.7487097002457481,High
9076,Feb,Mazda,Policy Holder,No,No,0.509195339583228,Medium
9077,Feb,Mazda,Policy Holder,No,No,0.07960167580441793,Low
9078,Feb,Toyota,Policy Holder,No,No,0.1154358651795974,Low
9079,Feb,Mazda,Policy Holder,No,No,0.8415691067514397,High
9080,Feb,Pontiac,Third Party,No,No,0.05727521581605467,Low
9081,Jan,Chevrolet,Third Party,No,No,0.0028207135923165143,Low
9082,Dec,Pontiac,Policy Holder,No,No,0.11370886064027885,Low
9083,Jan,Mercury,Third Party,No,No,0.050951230878435796,Low
9084,Jul,Pontiac,Third Party,No,No,0.0358562233973899,Low
9085,Apr,Honda,Third Party,No,No,0.15035601307645824,Low
9086,Jul,Toyota,Policy Holder,No,No,0.6192782435015605,High
9087,Jun,Mazda,Policy Holder,No,No,0.06796851670094563,Low
9088,Jan,Mazda,Policy Holder,No,No,0.667704031162873,High
9089,Aug,Chevrolet,Policy Holder,No,No,0.8075469551432357,High
9090,Nov,Honda,Policy Holder,No,No,0.05344240260571003,Low
9091,Dec,Mazda,Third Party,No,No,0.03121085983812697,Low
9092,Nov,Toyota,Policy Holder,No,No,0.477731793480992,Medium
9093,Aug,Chevrolet,Policy Holder,No,No,0.6537299858598286,High
9094,Aug,Honda,Policy Holder,No,No,0.6973100267962922,High
9095,Jul,Toyota,Policy Holder,No,No,0.601010594035029,High
9096,Jan,Honda,Third Party,No,No,0.20021906209756662,Low
9097,Aug,Toyota,Policy Holder,No,No,0.6115741568579595,High
9098,Nov,Pontiac,Policy Holder,No,No,0.43262795279942307,Medium
9099,Jun,Honda,Policy Holder,No,No,0.5768848358961932,Medium
9100,May,Honda,Policy Holder,No,No,0.08866657858788456,Low
9101,Jul,Toyota,Policy Holder,No,No,0.7661967594970998,High
9102,Jun,Pontiac,Policy Holder,No,No,0.12238023569428712,Low
9103,Jul,Chevrolet,Third Party,No,No,0.0025173266628476776,Low
9104,Nov,Pontiac,Policy Holder,No,No,0.5600900577926482,Medium
9105,Nov,Honda,Policy Holder,No,No,0.3040041182296739,Medium
9106,Nov,Pontiac,Policy Holder,No,No,0.393386878643846,Medium
9107,Jan,Honda,Policy Holder,No,No,0.6901466073323991,High
9108,Nov,Toyota,Policy Holder,No,No,0.07017670062150122,Low
9109,Mar,Toyota,Policy Holder,No,No,0.1485640901396096,Low
9110,May,Toyota,Policy Holder,No,No,0.5630462510420535,Medium
9111,Jan,Toyota,Policy Holder,No,No,0.8407607943646234,High
9112,Apr,Honda,Policy Holder,No,No,0.1298275439498503,Low
9113,Aug,Mazda,Policy Holder,No,No,0.11173381763091393,Low
9114,Nov,Chevrolet,Third Party,No,No,0.01861645160448189,Low
9115,May,Toyota,Third Party,No,No,0.08614761789267485,Low
9116,May,Chevrolet,Third Party,No,No,0.07583386611733442,Low
9117,Jul,Pontiac,Third Party,No,No,0.024382659278315427,Low
9118,Jul,Mazda,Policy Holder,No,No,0.05916583390497165,Low
9119,Sep,Honda,Policy Holder,No,No,0.553778250546723,Medium
9120,Oct,Toyota,Policy Holder,No,No,0.08423011584644619,Low
9121,Jan,Honda,Third Party,No,No,0.05532595672765688,Low
9122,Sep,VW,Policy Holder,No,No,0.04028288505246122,Low
9123,Sep,Honda,Third Party,No,No,0.0023602666163743285,Low
9124,Oct,Toyota,Third Party,No,No,0.07565807356734933,Low
9125,Jul,Toyota,Third Party,No,No,0.035817165967470255,Low
9126,Oct,Honda,Third Party,No,No,0.03516751189336344,Low
9127,Oct,Honda,Policy Holder,No,No,0.5864670695736809,Medium
9128,Jan,Mazda,Policy Holder,No,No,0.8047765598420592,High
9129,Dec,Pontiac,Policy Holder,No,No,0.7452881058854536,High
9130,Oct,VW,Third Party,No,No,0.2699592434350915,Low
9131,Jan,Toyota,Policy Holder,No,No,0.6991078766488219,High
9132,Feb,Honda,Policy Holder,No,No,0.7537378489696023,High
9133,Nov,Mercury,Policy Holder,No,No,0.5425259020238131,Medium
9134,Nov,Chevrolet,Policy Holder,No,No,0.4154676782004892,Medium
9135,Jan,Honda,Third Party,No,No,0.05081084447066559,Low
9136,Mar,Pontiac,Policy Holder,No,No,0.5230582539247164,Medium
9137,Mar,Honda,Policy Holder,No,No,0.7422298649559227,High
9138,Jan,Saab,Policy Holder,No,No,0.7992171295663157,High
9139,Jan,Toyota,Third Party,No,No,0.07831555874881008,Low
9140,Feb,Toyota,Third Party,No,Yes,0.05005081422855673,Low
9141,Jan,Toyota,Policy Holder,No,No,0.6573850191474316,High
9142,Jan,Mazda,Policy Holder,No,No,0.5675910205544596,Medium
9143,Jan,Accura,Policy Holder,No,No,0.7022854007122896,High
9144,Jan,Honda,Policy Holder,No,No,0.6203657582151384,High
9145,Nov,Honda,Policy Holder,No,No,0.3951729473425612,Medium
9146,Jul,Honda,Third Party,No,No,0.027445845004815363,Low
9147,Oct,Mazda,Policy Holder,No,No,0.6382080188301914,High
9148,Oct,Toyota,Third Party,No,No,0.005119457265118843,Low
9149,Jun,Toyota,Policy Holder,No,No,0.15940457944535474,Low
9150,Jul,Mazda,Policy Holder,No,No,0.06857812300688679,Low
9151,Jun,Mazda,Policy Holder,No,No,0.1252281664698442,Low
9152,Oct,Pontiac,Policy Holder,No,No,0.7530663351868261,High
9153,Jan,Pontiac,Policy Holder,No,No,0.5315537558189096,Medium
9154,Aug,Pontiac,Policy Holder,No,No,0.07960282002074469,Low
9155,Jun,Mazda,Third Party,No,No,0.04068391474997855,Low
9156,Jun,Toyota,Policy Holder,No,No,0.6710568572120897,High
9157,Jan,Pontiac,Third Party,No,No,0.036286062723061736,Low
9158,May,Pontiac,Policy Holder,No,No,0.6312549675457555,High
9159,May,Pontiac,Policy Holder,No,No,0.6756561935843889,High
9160,Apr,Chevrolet,Third Party,No,No,0.008249063729061189,Low
9161,Apr,Toyota,Policy Holder,No,No,0.12760723260672324,Low
9162,Jan,Accura,Policy Holder,No,No,0.6872164022178876,High
9163,Dec,Chevrolet,Policy Holder,No,Yes,0.6641716826647802,High
9164,Feb,Honda,Policy Holder,No,No,0.6245781190467319,High
9165,Feb,Mazda,Policy Holder,No,No,0.08225455482030271,Low
9166,Mar,Toyota,Third Party,No,No,0.054922638111936053,Low
9167,Mar,Honda,Policy Holder,No,No,0.5839746045550029,Medium
9168,Mar,Chevrolet,Policy Holder,No,No,0.7093141509222384,High
9169,Apr,Saab,Third Party,No,No,0.005449033413277259,Low
9170,Apr,Chevrolet,Policy Holder,No,No,0.7637855199862225,High
9171,May,Toyota,Policy Holder,No,No,0.17869555831218248,Low
9172,May,Mazda,Policy Holder,No,No,0.5512868544033358,Medium
9173,May,Honda,Policy Holder,No,No,0.09039231701320535,Low
9174,May,Chevrolet,Third Party,No,No,0.06761376475111293,Low
9175,Jun,Chevrolet,Policy Holder,No,No,0.09559877038915214,Low
9176,Jan,Pontiac,Policy Holder,No,No,0.5934361306983225,Medium
9177,Jun,Toyota,Policy Holder,No,No,0.8379230653824922,High
9178,Jun,Accura,Policy Holder,No,No,0.795401106267092,High
9179,Jun,Mazda,Policy Holder,No,No,0.1474092529012047,Low
9180,Jun,Honda,Policy Holder,No,No,0.08827978832916106,Low
9181,Jan,Honda,Third Party,No,No,0.7503940430721388,High
9182,Aug,Toyota,Third Party,No,Yes,0.05526474595157737,Low
9183,Sep,Honda,Third Party,No,No,0.04560431804047152,Low
9184,Sep,Pontiac,Policy Holder,No,No,0.4930040920548521,Medium
9185,Sep,Toyota,Policy Holder,No,No,0.1414839187146286,Low
9186,Oct,Pontiac,Third Party,No,No,0.08136667993687932,Low
9187,Oct,Mazda,Third Party,No,No,0.03957015684653607,Low
9188,Oct,Pontiac,Third Party,No,No,0.034253448718768675,Low
9189,Nov,Toyota,Policy Holder,No,No,0.5380169758723543,Medium
9190,Nov,Ford,Policy Holder,No,No,0.12636278538050574,Low
9191,Dec,Pontiac,Policy Holder,No,No,0.07087255704503072,Low
9192,Mar,Toyota,Policy Holder,No,No,0.23657388801087384,Low
9193,Mar,Toyota,Policy Holder,No,No,0.1163821198594875,Low
9194,Apr,VW,Policy Holder,No,No,0.31595300809674703,Medium
9195,Apr,Accura,Policy Holder,No,No,0.8481775008609997,High
9196,Apr,Honda,Policy Holder,No,No,0.09781403249772425,Low
9197,Jun,Pontiac,Policy Holder,No,No,0.6636561543872248,High
9198,Jul,Mazda,Third Party,No,No,0.07884823530798979,Low
9199,Jul,Chevrolet,Third Party,No,No,0.025903603408157533,Low
9200,Jul,Toyota,Policy Holder,No,No,0.061261458724896745,Low
9201,Jul,Pontiac,Policy Holder,No,No,0.4748164607753739,Medium
9202,Oct,Pontiac,Policy Holder,No,No,0.46756895881449323,Medium
9203,Nov,Accura,Policy Holder,No,No,0.08531127360682086,Low
9204,Jan,Pontiac,Policy Holder,No,No,0.6039197383796286,High
9205,Nov,Toyota,Policy Holder,No,No,0.46090751325666296,Medium
9206,Nov,Accura,Policy Holder,No,No,0.5969284090112956,Medium
9207,Nov,Mazda,Policy Holder,No,No,0.05704113033585706,Low
9208,Dec,Pontiac,Policy Holder,No,No,0.5766146752951135,Medium
9209,Nov,Pontiac,Third Party,No,No,0.00024885354954913856,Low
9210,Nov,Chevrolet,Policy Holder,No,No,0.04215444985612154,Low
9211,Jan,Pontiac,Policy Holder,No,No,0.749340474441223,High
9212,Oct,Mazda,Third Party,No,No,0.03290129995807589,Low
9213,Sep,Pontiac,Policy Holder,No,No,0.5517218920303227,Medium
9214,Aug,Toyota,Third Party,No,No,0.04488013302147615,Low
9215,Aug,Mazda,Policy Holder,No,No,0.5642523668567432,Medium
9216,Jan,Mercury,Third Party,No,No,0.1257241840250967,Low
9217,Jul,Chevrolet,Policy Holder,No,No,0.57963415028502,Medium
9218,Jul,Pontiac,Third Party,No,No,0.026376457385377115,Low
9219,Jul,Chevrolet,Policy Holder,No,No,0.5467412560004917,Medium
9220,Jan,Honda,Policy Holder,No,No,0.7839777921298546,High
9221,Jul,Honda,Third Party,No,No,0.025310060777085835,Low
9222,Jul,Mazda,Policy Holder,No,No,0.42330908731076633,Medium
9223,Jun,Toyota,Policy Holder,No,No,0.5084499642465344,Medium
9224,Jun,Accura,Third Party,No,No,0.07035661493268754,Low
9225,May,Ford,Third Party,No,No,0.004156291788416873,Low
9226,May,Mazda,Policy Holder,No,No,0.6426775145795687,High
9227,May,Chevrolet,Policy Holder,No,No,0.15590060395487887,Low
9228,May,Pontiac,Third Party,No,No,0.06138049516502438,Low
9229,May,Toyota,Policy Holder,No,No,0.7986455681499278,High
9230,May,Accura,Policy Holder,No,No,0.8487520927300571,High
9231,Jan,Mazda,Third Party,No,No,0.03633676017865502,Low
9232,May,Pontiac,Third Party,No,No,0.14445178741363973,Low
9233,Apr,Honda,Policy Holder,No,No,0.11931402980133364,Low
9234,Apr,Toyota,Third Party,No,No,0.03396060124846017,Low
9235,Mar,Mazda,Policy Holder,No,No,0.16415653287642257,Low
9236,Mar,Honda,Policy Holder,No,No,0.6382671059069438,High
9237,Mar,Pontiac,Policy Holder,No,No,0.7581280038625873,High
9238,Dec,Honda,Third Party,No,No,0.02165295881563037,Low
9239,Nov,Toyota,Policy Holder,No,No,0.03951270021528654,Low
9240,Nov,Toyota,Policy Holder,No,No,0.44989206532698583,Medium
9241,Oct,Pontiac,Policy Holder,No,No,0.13561278995342554,Low
9242,Oct,Mazda,Policy Holder,No,No,0.11331516162859416,Low
9243,Sep,Pontiac,Third Party,No,No,0.054377790123197454,Low
9244,Sep,Mazda,Third Party,No,No,0.0023396594306307594,Low
9245,Sep,Pontiac,Policy Holder,No,No,0.6042548188727647,High
9246,Sep,Honda,Policy Holder,No,No,0.6937182903811525,High
9247,Jan,Chevrolet,Policy Holder,No,No,0.7259664501093229,High
9248,Aug,Pontiac,Third Party,No,No,0.04143921329165877,Low
9249,Sep,Honda,Policy Holder,No,No,0.0969830079570996,Low
9250,Aug,Honda,Policy Holder,No,No,0.7128390023353933,High
9251,Aug,Toyota,Policy Holder,No,No,0.7117034468392899,High
9252,Jul,Pontiac,Policy Holder,No,No,0.07284612103534899,Low
9253,Jul,Toyota,Policy Holder,No,No,0.6225707562170018,High
9254,Jan,Toyota,Third Party,No,No,0.0731444558222789,Low
9255,Jul,Pontiac,Policy Holder,No,No,0.05135282130874547,Low
9256,Jun,Pontiac,Policy Holder,No,No,0.1236303314190021,Low
9257,Jun,VW,Policy Holder,No,No,0.08709432712025504,Low
9258,Jun,Chevrolet,Third Party,No,No,0.05873597076005002,Low
9259,Jun,Chevrolet,Third Party,No,No,0.03307091385079134,Low
9260,May,Pontiac,Policy Holder,No,No,0.09414445401716365,Low
9261,May,Pontiac,Third Party,No,No,0.037860154575804245,Low
9262,May,Honda,Policy Holder,No,No,0.06798656987131207,Low
9263,Jan,Mazda,Policy Holder,No,No,0.5135457985817371,Medium
9264,May,Mazda,Policy Holder,No,No,0.09589021770059743,Low
9265,May,Honda,Policy Holder,No,No,0.14546502741286416,Low
9266,May,Honda,Policy Holder,No,No,0.17892196457257753,Low
9267,Apr,Toyota,Third Party,No,No,0.005030719539346386,Low
9268,Apr,Pontiac,Policy Holder,No,No,0.6895378553554441,High
9269,Jan,Ford,Policy Holder,No,No,0.7417445333031438,High
9270,Jan,Pontiac,Policy Holder,No,No,0.5728346133211265,Medium
9271,Apr,Pontiac,Policy Holder,No,No,0.7349540733892841,High
9272,Apr,Mazda,Policy Holder,No,No,0.8029912998440375,High
9273,Apr,Pontiac,Policy Holder,No,No,0.5967040888171892,Medium
9274,Mar,Pontiac,Third Party,No,No,0.06129550805636886,Low
9275,Mar,Pontiac,Policy Holder,No,No,0.10937417666298742,Low
9276,Jan,Toyota,Policy Holder,No,No,0.15241157506059136,Low
9277,Feb,Chevrolet,Policy Holder,No,No,0.1385418680791789,Low
9278,Jan,Toyota,Policy Holder,No,No,0.13096820253213728,Low
9279,Nov,Toyota,Policy Holder,No,No,0.5054350844566662,Medium
9280,Nov,Chevrolet,Third Party,No,No,0.0035860011045693403,Low
9281,Nov,Mazda,Policy Holder,No,No,0.04975500978627676,Low
9282,Jul,Honda,Policy Holder,No,No,0.062218048858766126,Low
9283,Jan,Toyota,Policy Holder,No,No,0.7708231176221372,High
9284,Oct,Mazda,Policy Holder,No,No,0.8113868546341539,High
9285,Aug,Toyota,Policy Holder,No,No,0.7641627495026266,High
9286,Oct,Toyota,Policy Holder,No,No,0.5936218977494844,Medium
9287,Dec,Mazda,Policy Holder,No,No,0.5303240439525309,Medium
9288,Jan,Chevrolet,Policy Holder,No,No,0.7920493574227545,High
9289,Oct,Pontiac,Policy Holder,No,No,0.09910214395580814,Low
9290,Mar,Honda,Policy Holder,No,No,0.7754241863778207,High
9291,Jan,Pontiac,Third Party,No,No,0.0030676792017207462,Low
9292,Feb,Honda,Policy Holder,No,No,0.12251632125569697,Low
9293,Jan,Pontiac,Policy Holder,No,No,0.7290668141606129,High
9294,Aug,Honda,Third Party,No,No,0.0401858433702286,Low
9295,Dec,Toyota,Policy Holder,No,No,0.5051978732671917,Medium
9296,Aug,Mazda,Policy Holder,No,No,0.696420393722611,High
9297,Nov,Mazda,Third Party,No,No,0.02444504877114446,Low
9298,Nov,Toyota,Policy Holder,No,No,0.061277841315989894,Low
9299,Jul,Chevrolet,Policy Holder,No,No,0.4211727836812485,Medium
9300,Jan,Mazda,Policy Holder,No,No,0.6443899231188208,High
9301,Feb,Pontiac,Policy Holder,No,No,0.689758732493842,High
9302,Jan,Honda,Third Party,No,No,0.037083001268393846,Low
9303,Feb,Mazda,Policy Holder,No,No,0.622068534696931,High
9304,Mar,Mazda,Third Party,No,No,0.035954729344268424,Low
9305,Feb,Ford,Policy Holder,No,No,0.10729799842607886,Low
9306,Apr,Honda,Policy Holder,No,No,0.14915896751154342,Low
9307,Jul,Pontiac,Policy Holder,No,No,0.05844551938117048,Low
9308,Aug,Toyota,Policy Holder,No,No,0.583428975961425,Medium
9309,Jan,Mazda,Policy Holder,No,No,0.7640052843317535,High
9310,Aug,Honda,Policy Holder,No,No,0.08596025331612576,Low
9311,Aug,Toyota,Policy Holder,No,No,0.7674193650470341,High
9312,Oct,Mazda,Policy Holder,No,No,0.08181176213063285,Low
9313,Sep,Ford,Policy Holder,No,No,0.5865086000748857,Medium
9314,Jan,Toyota,Policy Holder,No,No,0.8070027615869848,High
9315,Oct,Chevrolet,Policy Holder,No,No,0.7966972189036472,High
9316,Mar,Honda,Policy Holder,No,No,0.7191554499361285,High
9317,Mar,Pontiac,Third Party,No,No,0.05517208560518727,Low
9318,Mar,Honda,Policy Holder,No,No,0.6581400730312232,High
9319,May,Pontiac,Policy Holder,No,No,0.73579446990672,High
9320,Apr,Chevrolet,Third Party,No,No,0.0065507381187377344,Low
9321,Apr,Toyota,Policy Holder,No,No,0.7530313607325302,High
9322,Jun,Honda,Third Party,No,No,0.0396516180999987,Low
9323,Jul,Honda,Third Party,No,No,0.1694574175826117,Low
9324,Aug,Honda,Policy Holder,No,No,0.5430990955309708,Medium
9325,Aug,Toyota,Policy Holder,No,No,0.09422572891458739,Low
9326,Jul,Pontiac,Policy Holder,No,No,0.6688311571874438,High
9327,Jan,Toyota,Third Party,No,No,0.1088206980803086,Low
9328,Nov,Mazda,Policy Holder,No,No,0.053236426598157846,Low
9329,Nov,VW,Policy Holder,No,No,0.020535570947290516,Low
9330,Sep,Mazda,Policy Holder,No,No,0.04912242700979856,Low
9331,Jul,Pontiac,Policy Holder,No,No,0.6140513633143799,High
9332,Jan,Pontiac,Third Party,No,No,0.04570542302465181,Low
9333,Jun,Pontiac,Policy Holder,No,No,0.6744763461931856,High
9334,Jun,Mazda,Policy Holder,No,No,0.9841926217897947,High
9335,Jun,Toyota,Policy Holder,No,No,0.6541745529717645,High
9336,Jun,Chevrolet,Policy Holder,No,No,0.6693907649477477,High
9337,May,Pontiac,Policy Holder,No,No,0.14174558227187356,Low
9338,May,Pontiac,Policy Holder,No,No,0.15676459117078798,Low
9339,May,Honda,Policy Holder,No,No,0.03774621264890407,Low
9340,Mar,Chevrolet,Policy Holder,No,No,0.08896661962692812,Low
9341,Mar,Pontiac,Third Party,No,No,0.0540196398303497,Low
9342,Mar,Pontiac,Policy Holder,No,No,0.1262352806610454,Low
9343,Mar,Toyota,Policy Holder,No,No,0.81033329546518,High
9344,Feb,VW,Policy Holder,No,No,0.02119607499060309,Low
9345,Aug,Pontiac,Policy Holder,No,No,0.5936308511063212,Medium
9346,Jul,Honda,Third Party,No,No,0.030627365981643125,Low
9347,Jun,Chevrolet,Policy Holder,No,No,0.786909063409519,High
9348,Jun,Mazda,Policy Holder,No,No,0.744830238008951,High
9349,May,Honda,Policy Holder,No,No,0.18935603995854702,Low
9350,Jan,Honda,Third Party,No,No,0.13507715037182447,Low
9351,Jan,Pontiac,Policy Holder,No,No,0.7408653644234348,High
9352,Jan,Chevrolet,Policy Holder,No,No,0.5295244052946542,Medium
9353,Apr,Toyota,Policy Holder,No,No,0.7131632991759884,High
9354,Apr,Pontiac,Policy Holder,No,No,0.10039706175033529,Low
9355,Apr,Pontiac,Policy Holder,No,No,0.11495165870457626,Low
9356,Mar,Pontiac,Third Party,No,No,0.0023158845526392727,Low
9357,Mar,Mazda,Policy Holder,No,No,0.8534598475615637,High
9358,Feb,Mazda,Policy Holder,No,No,0.525364269391796,Medium
9359,Jan,Toyota,Policy Holder,No,No,0.13590598366729717,Low
9360,Jan,Honda,Policy Holder,No,No,0.07095485066044424,Low
9361,Jan,Toyota,Policy Holder,No,No,0.17460792151339824,Low
9362,Aug,Pontiac,Policy Holder,No,No,0.5854802589535126,Medium
9363,Dec,Ford,Policy Holder,No,No,0.589786488645937,Medium
9364,May,Pontiac,Policy Holder,No,No,0.5466556423519827,Medium
9365,Jul,Pontiac,Policy Holder,No,No,0.0520479566697469,Low
9366,Nov,Pontiac,Policy Holder,Yes,No,0.3663369507465172,Medium
9367,Oct,Chevrolet,Policy Holder,No,No,0.11366258730845007,Low
9368,Apr,Mazda,Third Party,No,No,0.027748237268958212,Low
9369,Oct,Pontiac,Policy Holder,No,No,0.5941324016143703,Medium
9370,Jul,Toyota,Policy Holder,No,No,0.6250905947952323,High
9371,Jul,Toyota,Third Party,No,No,0.05740570589233314,Low
9372,Nov,Toyota,Policy Holder,No,No,0.42267667833137856,Medium
9373,Mar,Honda,Policy Holder,No,No,0.5364420982638249,Medium
9374,Apr,Honda,Third Party,No,No,0.08001835777749669,Low
9375,May,Toyota,Third Party,No,No,0.002608089033003028,Low
9376,Jun,Toyota,Policy Holder,No,No,0.11792194592475447,Low
9377,Jun,Accura,Third Party,No,No,0.05161372256443365,Low
9378,Jul,Honda,Policy Holder,No,No,0.08946951853333832,Low
9379,Aug,Chevrolet,Policy Holder,No,No,0.1378107301517591,Low
9380,Aug,Chevrolet,Policy Holder,No,No,0.7932280110437736,High
9381,Oct,Toyota,Third Party,No,No,0.002252477467132619,Low
9382,Nov,Mazda,Policy Holder,No,No,0.4587083528842203,Medium
9383,Nov,Honda,Policy Holder,No,No,0.4530107391251925,Medium
9384,Nov,Pontiac,Policy Holder,No,No,0.4207556022061983,Medium
9385,Nov,Saab,Policy Holder,No,No,0.9865319242062737,High
9386,Nov,Accura,Policy Holder,No,No,0.6714580980846803,High
9387,Nov,Honda,Policy Holder,No,No,0.05059467799069755,Low
9388,Dec,Toyota,Policy Holder,No,No,0.5433644851412273,Medium
9389,Mar,Honda,Third Party,No,No,0.002568926484618754,Low
9390,Apr,Mazda,Third Party,No,No,0.15316176985592886,Low
9391,May,Toyota,Policy Holder,No,No,0.11079147523942903,Low
9392,Jul,Honda,Policy Holder,No,No,0.3132992012985896,Medium
9393,Aug,Honda,Policy Holder,No,No,0.14720765492978924,Low
9394,Aug,Pontiac,Third Party,No,No,0.05136773598584558,Low
9395,Aug,Mazda,Policy Holder,No,No,0.46230452288796337,Medium
9396,Oct,Pontiac,Policy Holder,No,No,0.37340534429476585,Medium
9397,Nov,Mazda,Policy Holder,No,No,0.4800436923328601,Medium
9398,Dec,Chevrolet,Policy Holder,Yes,Yes,0.12392731069121893,Low
9399,Dec,Honda,Policy Holder,No,No,0.05928209589589156,Low
9400,Nov,Honda,Policy Holder,No,No,0.055268916792722264,Low
9401,Nov,Chevrolet,Policy Holder,No,No,0.35731080548450966,Medium
9402,Nov,Pontiac,Policy Holder,No,No,0.6042696622831796,High
9403,Nov,Toyota,Policy Holder,No,No,0.7597587267625581,High
9404,Nov,Honda,Third Party,Yes,No,0.019322335244480866,Low
9405,Nov,Chevrolet,Policy Holder,No,No,0.6413614899872826,High
9406,Oct,Honda,Policy Holder,No,No,0.6178760641769538,High
9407,Oct,Pontiac,Policy Holder,No,No,0.5509080324730854,Medium
9408,Aug,Pontiac,Policy Holder,No,No,0.10924070807827854,Low
9409,Aug,Honda,Policy Holder,No,No,0.07860290541072248,Low
9410,Aug,Dodge,Third Party,Yes,No,0.022808260571996863,Low
9411,Aug,Pontiac,Third Party,No,No,0.043581242233991575,Low
9412,Aug,Honda,Third Party,No,No,0.06219100935478044,Low
9413,Aug,Pontiac,Policy Holder,No,No,0.6083809487964931,High
9414,Aug,Dodge,Third Party,No,No,0.016813082130462093,Low
9415,Jul,Mazda,Policy Holder,No,No,0.09449999782119085,Low
9416,Jul,Pontiac,Policy Holder,No,No,0.11506969207930248,Low
9417,Jun,Toyota,Policy Holder,No,No,0.6051524502328346,High
9418,Mar,Chevrolet,Policy Holder,No,No,0.11896838359193353,Low
9419,Mar,Accura,Policy Holder,No,No,0.24240547931756334,Low
9420,Mar,Pontiac,Policy Holder,Yes,No,0.8085823993146306,High
9421,Jan,Honda,Policy Holder,No,No,0.1238929326617081,Low
9422,Dec,Toyota,Policy Holder,No,No,0.08348577437598322,Low
9423,Nov,Honda,Policy Holder,No,No,0.0074857238609349975,Low
9424,Nov,Toyota,Policy Holder,No,No,0.36400931840473233,Medium
9425,Nov,Mazda,Third Party,No,No,0.001957787985426675,Low
9426,Nov,Toyota,Policy Holder,No,No,0.04718137595310624,Low
9427,Nov,Toyota,Policy Holder,Yes,No,0.5001938385748064,Medium
9428,Nov,Toyota,Policy Holder,No,No,0.06761016736548313,Low
9429,Nov,Pontiac,Policy Holder,Yes,No,0.46343070549175563,Medium
9430,Nov,Toyota,Policy Holder,No,No,0.0718349673672297,Low
9431,Nov,Toyota,Policy Holder,No,No,0.6761807700651099,High
9432,Nov,Toyota,Policy Holder,No,No,0.5032760829143338,Medium
9433,Oct,Honda,Policy Holder,No,No,0.7928987434867413,High
9434,Jan,Toyota,Policy Holder,No,No,0.7047465612780526,High
9435,Aug,Mazda,Policy Holder,No,No,0.6130238798166036,High
9436,Aug,Toyota,Third Party,No,No,0.15713745033476706,Low
9437,Aug,Mazda,Third Party,No,No,0.001092743461052181,Low
9438,Jul,Ford,Policy Holder,No,No,0.07544343443093426,Low
9439,Jul,Honda,Policy Holder,No,No,0.054709856759576944,Low
9440,Jan,Honda,Policy Holder,No,No,0.6574420383954391,High
9441,Jun,Honda,Policy Holder,No,No,0.5692469916554523,Medium
9442,Jun,Toyota,Third Party,No,No,0.005806357027131408,Low
9443,May,Accura,Policy Holder,No,No,0.16476048627147202,Low
9444,Mar,Honda,Policy Holder,No,No,0.10710153578510787,Low
9445,Mar,Mazda,Third Party,No,No,0.035480991482216784,Low
9446,Aug,Chevrolet,Policy Holder,No,No,0.5182588616194884,Medium
9447,Feb,Toyota,Policy Holder,No,No,0.7864417217462203,High
9448,Dec,Toyota,Policy Holder,No,No,0.6012356371297517,High
9449,Dec,Honda,Policy Holder,No,No,0.5248727064436869,Medium
9450,Jan,Pontiac,Policy Holder,No,No,0.0962141024212688,Low
9451,Jan,Mazda,Policy Holder,No,No,0.6391648309225566,High
9452,Aug,Toyota,Policy Holder,No,No,0.6575669709513595,High
9453,Apr,Mazda,Policy Holder,No,No,0.6972766519705335,High
9454,Aug,Pontiac,Policy Holder,No,No,0.580282593088312,Medium
9455,Feb,Accura,Policy Holder,No,No,0.726509571101469,High
9456,May,Honda,Policy Holder,Yes,No,0.7483461392708682,High
9457,Jan,Mazda,Policy Holder,No,No,0.8406696426827188,High
9458,Feb,Honda,Policy Holder,No,No,0.8586433517822277,High
9459,Feb,Honda,Policy Holder,No,No,0.09446811760940406,Low
9460,Apr,Accura,Third Party,No,No,0.003969645602449092,Low
9461,Jan,Chevrolet,Policy Holder,No,No,0.716630124788399,High
9462,Jul,Honda,Policy Holder,No,No,0.10759773356162781,Low
9463,Jun,Honda,Policy Holder,No,No,0.12219420219392883,Low
9464,Aug,Pontiac,Third Party,No,No,0.038512545051581804,Low
9465,Aug,Pontiac,Policy Holder,No,No,0.6507797799752201,High
9466,Oct,Honda,Third Party,No,No,0.06193447236209147,Low
9467,Oct,Chevrolet,Policy Holder,No,No,0.059787977282758906,Low
9468,Sep,Pontiac,Policy Holder,No,No,0.6279881050321925,High
9469,Jan,Toyota,Policy Holder,No,No,0.06856913210012286,Low
9470,Oct,Pontiac,Policy Holder,No,No,0.4847627072287394,Medium
9471,Feb,Honda,Policy Holder,No,No,0.18512418252517882,Low
9472,Apr,Chevrolet,Policy Holder,No,No,0.6480481364128241,High
9473,Apr,Toyota,Policy Holder,No,No,0.5974114529009535,Medium
9474,Apr,Toyota,Policy Holder,No,No,0.10442774889537948,Low
9475,May,VW,Policy Holder,No,No,0.033064441820550315,Low
9476,May,Pontiac,Policy Holder,No,No,0.7410935790893953,High
9477,Jun,Mazda,Policy Holder,No,No,0.6527132765539848,High
9478,Jun,Honda,Policy Holder,No,No,0.5018197340073353,Medium
9479,Oct,Pontiac,Policy Holder,No,No,0.5144640136852348,Medium
9480,Dec,Toyota,Policy Holder,No,No,0.5244137745055191,Medium
9481,Jan,Dodge,Third Party,No,No,0.03435050880671797,Low
9482,Nov,Pontiac,Third Party,No,No,0.019649140416839038,Low
9483,Sep,Pontiac,Policy Holder,No,No,0.08461501380724742,Low
9484,Jan,Chevrolet,Policy Holder,No,No,0.4962416552302212,Medium
9485,Apr,VW,Policy Holder,No,No,0.05160202951503364,Low
9486,Apr,Chevrolet,Policy Holder,No,No,0.8884763326028118,High
9487,Jun,Toyota,Policy Holder,No,No,0.9863913779621354,High
9488,Jun,Mazda,Third Party,No,No,0.06672064562704849,Low
9489,Jul,Mazda,Policy Holder,No,No,0.09005306553421955,Low
9490,Jul,Pontiac,Third Party,No,No,0.0019719294054050887,Low
9491,Jun,Pontiac,Policy Holder,No,No,0.5357856659754646,Medium
9492,Jun,Chevrolet,Policy Holder,No,No,0.1593052874824777,Low
9493,Sep,Pontiac,Policy Holder,No,No,0.4954807454079703,Medium
9494,Sep,Honda,Third Party,No,No,0.002018835637976529,Low
9495,Oct,Toyota,Third Party,No,No,0.04827418171464074,Low
9496,Oct,Toyota,Policy Holder,No,No,0.5824478908577954,Medium
9497,Oct,Pontiac,Third Party,No,No,0.031697852185540776,Low
9498,Dec,Mazda,Policy Holder,No,No,0.5147633516409376,Medium
9499,Mar,Pontiac,Policy Holder,No,No,0.6219065851658244,High
9500,Mar,Mazda,Third Party,No,No,0.14154078910910053,Low
9501,Mar,Mazda,Policy Holder,No,No,0.20118496936646593,Low
9502,Apr,Pontiac,Policy Holder,No,No,0.07661722717191766,Low
9503,Mar,Toyota,Policy Holder,No,No,0.18191600134353347,Low
9504,Jun,Ford,Third Party,Yes,Yes,0.07312959090610822,Low
9505,Aug,Pontiac,Third Party,No,No,0.0767859729668049,Low
9506,Jul,Pontiac,Policy Holder,No,No,0.44550803481949264,Medium
9507,Oct,VW,Policy Holder,No,No,0.28220851867704627,Low
9508,Dec,Pontiac,Third Party,No,No,0.04912835045287957,Low
9509,Nov,Pontiac,Policy Holder,No,No,0.37662073850551303,Medium
9510,Jan,Toyota,Policy Holder,No,No,0.1806799542478538,Low
9511,Sep,Toyota,Third Party,No,No,0.07277369298571708,Low
9512,Sep,Mazda,Policy Holder,No,No,0.09807723770310842,Low
9513,Sep,Toyota,Policy Holder,No,No,0.6974338419901758,High
9514,Jul,Pontiac,Policy Holder,No,No,0.5192492217500367,Medium
9515,Jul,Pontiac,Policy Holder,No,No,0.05999306562835626,Low
9516,Jan,Pontiac,Third Party,No,No,0.04461566451758525,Low
9517,Jul,Chevrolet,Policy Holder,No,No,0.37979341257000476,Medium
9518,Mar,Saab,Policy Holder,No,No,0.9045386448565259,High
9519,Jan,Toyota,Policy Holder,No,No,0.6656888513827358,High
9520,Dec,Toyota,Policy Holder,No,No,0.2188535128698941,Low
9521,Nov,Ford,Policy Holder,No,No,0.49786364099359104,Medium
9522,Nov,Mazda,Policy Holder,No,No,0.06555400643823547,Low
9523,Nov,Toyota,Policy Holder,No,No,0.0663209031281094,Low
9524,Oct,Honda,Third Party,No,No,0.004079965677664155,Low
9525,Sep,Accura,Policy Holder,No,No,0.7658046926686742,High
9526,Sep,Pontiac,Policy Holder,No,No,0.8029568566131138,High
9527,Aug,Toyota,Policy Holder,No,No,0.11865172656409362,Low
9528,Jun,Honda,Policy Holder,No,No,0.10930300163216519,Low
9529,Jun,Honda,Policy Holder,No,No,0.18058228893467115,Low
9530,Jun,Honda,Third Party,No,No,0.005939727099391752,Low
9531,May,Mazda,Policy Holder,No,No,0.7083017890593568,High
9532,May,Mercury,Third Party,No,No,0.08041013819189761,Low
9533,May,Toyota,Policy Holder,No,No,0.13691508425618099,Low
9534,May,Mazda,Policy Holder,No,No,0.5841647713174338,Medium
9535,May,Mazda,Policy Holder,No,No,0.6776327091652781,High
9536,May,VW,Policy Holder,No,No,0.047391105989023366,Low
9537,Apr,Pontiac,Policy Holder,No,No,0.10176551711297399,Low
9538,Mar,Mazda,Policy Holder,No,No,0.8509513228106399,High
9539,Mar,Pontiac,Policy Holder,No,No,0.11692295692450587,Low
9540,Feb,Accura,Policy Holder,No,No,0.09619136268064452,Low
9541,Dec,Honda,Policy Holder,No,No,0.7028517627079292,High
9542,Nov,Pontiac,Policy Holder,No,No,0.05918443404137002,Low
9543,Sep,Pontiac,Policy Holder,No,No,0.1087357424082937,Low
9544,Sep,Ford,Policy Holder,No,No,0.6854381998618219,High
9545,Jul,Honda,Policy Holder,No,No,0.06328809498646426,Low
9546,Jul,Pontiac,Third Party,No,No,0.015051026127948008,Low
9547,Jun,Honda,Policy Holder,No,No,0.14369940095632877,Low
9548,Jun,Chevrolet,Policy Holder,No,No,0.12639581787280393,Low
9549,May,Mazda,Third Party,No,No,0.06247176641391299,Low
9550,May,Pontiac,Policy Holder,No,No,0.568111599750322,Medium
9551,Oct,Mercury,Policy Holder,No,No,0.14336762845869513,Low
9552,Jul,Honda,Policy Holder,No,No,0.04794306544182859,Low
9553,Jun,Toyota,Policy Holder,No,No,0.5999762796067895,Medium
9554,Apr,Honda,Policy Holder,Yes,No,0.4953264105851373,Medium
9555,Apr,Toyota,Policy Holder,No,No,0.14452690612025307,Low
9556,Mar,Toyota,Policy Holder,No,No,0.788583573871349,High
9557,Mar,Honda,Policy Holder,No,No,0.1963111304621327,Low
9558,Jan,Honda,Third Party,No,No,0.05556034848346182,Low
9559,Oct,Toyota,Policy Holder,No,No,0.5941957861368328,Medium
9560,Oct,Toyota,Policy Holder,No,No,0.10559167389277031,Low
9561,Feb,Honda,Policy Holder,No,No,0.14189896826290932,Low
9562,Feb,Chevrolet,Third Party,No,No,0.1021313559940313,Low
9563,Jan,Toyota,Policy Holder,No,No,0.6507184236207818,High
9564,Mar,Chevrolet,Policy Holder,No,No,0.7604255764317408,High
9565,Jun,Mazda,Policy Holder,No,No,0.09197208562270578,Low
9566,Jun,Honda,Third Party,No,No,0.019051360762892447,Low
9567,Dec,Pontiac,Policy Holder,No,No,0.09900133743437804,Low
9568,Jan,Pontiac,Third Party,No,No,0.072006526768399,Low
9569,Dec,Honda,Policy Holder,No,No,0.48071538242709966,Medium
9570,Mar,Pontiac,Third Party,No,No,0.03890167079711973,Low
9571,Aug,Accura,Policy Holder,No,No,0.7105976413689717,High
9572,Nov,Chevrolet,Policy Holder,No,No,0.4944717308803903,Medium
9573,Dec,Honda,Policy Holder,No,No,0.08097599926005324,Low
9574,Dec,Ford,Policy Holder,No,No,0.6369702185761015,High
9575,Dec,Toyota,Policy Holder,No,No,0.5919889307335963,Medium
9576,Dec,Accura,Policy Holder,No,No,0.71632445637122,High
9577,Nov,Honda,Third Party,No,No,0.010460444558317829,Low
9578,Sep,Toyota,Third Party,No,No,0.06282358544188202,Low
9579,Jul,Mazda,Policy Holder,No,No,0.0742145042180846,Low
9580,Aug,Chevrolet,Policy Holder,No,No,0.17200482462115582,Low
9581,Jul,Honda,Policy Holder,No,No,0.06173250076244346,Low
9582,Mar,Mazda,Policy Holder,No,No,0.5925708008569394,Medium
9583,Mar,Ford,Third Party,No,No,0.11473950978929613,Low
9584,Dec,Pontiac,Policy Holder,No,No,0.4846940290781742,Medium
9585,Dec,Honda,Policy Holder,Yes,No,0.10698494449533999,Low
9586,Dec,Toyota,Policy Holder,No,No,0.5085502327302268,Medium
9587,Dec,Toyota,Third Party,No,No,0.056157811164202535,Low
9588,Dec,Chevrolet,Policy Holder,No,No,0.704136228179041,High
9589,Dec,Honda,Policy Holder,No,No,0.6870509584664797,High
9590,Jan,Honda,Third Party,No,No,0.059224493008218804,Low
9591,Jul,Ford,Policy Holder,No,No,0.7113538185836827,High
9592,Jul,Pontiac,Third Party,No,No,0.0017783020079299293,Low
9593,Jul,Toyota,Policy Holder,No,No,0.5678557729234969,Medium
9594,Apr,Pontiac,Third Party,No,No,0.11731203742067386,Low
9595,Apr,Honda,Policy Holder,No,No,0.6390967925729003,High
9596,Mar,Toyota,Policy Holder,No,No,0.7935912856784909,High
9597,Mar,Chevrolet,Third Party,No,No,0.005453063323924827,Low
9598,Feb,Chevrolet,Policy Holder,No,No,0.11558126949009605,Low
9599,Dec,Toyota,Policy Holder,No,No,0.10569374565690576,Low
9600,Dec,Pontiac,Third Party,No,No,0.04895165091310271,Low
9601,Oct,Toyota,Policy Holder,No,No,0.7615367652145079,High
9602,Oct,Honda,Policy Holder,No,No,0.4469603495138599,Medium
9603,Feb,Accura,Policy Holder,No,No,0.8124610593716959,High
9604,Mar,Toyota,Third Party,No,No,0.07528172028387145,Low
9605,May,Toyota,Policy Holder,No,No,0.16018796104317898,Low
9606,Aug,Chevrolet,Policy Holder,No,No,0.13220376823665445,Low
9607,Aug,Chevrolet,Policy Holder,No,No,0.8279377730497592,High
9608,Aug,Pontiac,Policy Holder,No,No,0.7546959337400612,High
9609,Oct,Pontiac,Policy Holder,No,No,0.5616037515295768,Medium
9610,Apr,Chevrolet,Policy Holder,No,No,0.7907370924836506,High
9611,Apr,Mazda,Third Party,No,No,0.07020632965526659,Low
9612,Jun,Pontiac,Third Party,No,No,0.0461716197198839,Low
9613,Oct,Toyota,Policy Holder,No,No,0.7064651359336925,High
9614,Jan,Pontiac,Policy Holder,No,No,0.7115319331401799,High
9615,Dec,Honda,Third Party,No,No,0.0485697253421445,Low
9616,Feb,Pontiac,Policy Holder,No,No,0.6567079583737518,High
9617,Mar,Pontiac,Third Party,No,No,0.05726155284261973,Low
9618,May,Toyota,Third Party,No,No,0.20299082467907675,Low
9619,May,Pontiac,Policy Holder,No,No,0.19035875822074902,Low
9620,May,Honda,Third Party,No,No,0.0028409206433839696,Low
9621,May,Toyota,Third Party,No,No,0.05053444686907706,Low
9622,Jun,Honda,Policy Holder,No,No,0.6094706952689719,High
9623,Jul,Pontiac,Third Party,No,No,0.037263293512569004,Low
9624,Jun,Pontiac,Third Party,No,No,0.034411611479244125,Low
9625,Jun,Pontiac,Policy Holder,No,No,0.5052911029322079,Medium
9626,Sep,Mazda,Third Party,No,No,0.0026797466764006362,Low
9627,Sep,Toyota,Third Party,No,No,0.04544079963815848,Low
9628,Oct,Mazda,Policy Holder,No,No,0.5848630510097274,Medium
9629,Dec,Pontiac,Policy Holder,No,No,0.6976396702906001,High
9630,Dec,Pontiac,Policy Holder,No,No,0.11850578456289756,Low
9631,Apr,Pontiac,Policy Holder,No,No,0.6394736360477722,High
9632,Apr,Chevrolet,Third Party,No,No,0.05496570618682241,Low
9633,May,Honda,Policy Holder,No,No,0.8329830604346669,High
9634,May,Mazda,Policy Holder,No,No,0.6007282347414913,High
9635,May,Chevrolet,Third Party,No,No,0.06614089755108846,Low
9636,Jul,Honda,Policy Holder,No,No,0.3875271254260011,Medium
9637,Sep,Accura,Policy Holder,No,No,0.16206945650817092,Low
9638,Sep,Accura,Policy Holder,No,No,0.7259325261904961,High
9639,Aug,Toyota,Policy Holder,No,No,0.12349710497586158,Low
9640,Oct,Honda,Policy Holder,No,No,0.8270452987978456,High
9641,Oct,VW,Policy Holder,No,No,0.2159154270051591,Low
9642,Dec,Toyota,Policy Holder,No,No,0.10868252038899327,Low
9643,Dec,Pontiac,Policy Holder,Yes,No,0.5199516862984386,Medium
9644,Apr,Pontiac,Third Party,Yes,Yes,0.026589971925055335,Low
9645,Feb,Chevrolet,Policy Holder,No,No,0.7456921891501586,High
9646,Feb,Honda,Third Party,No,No,0.0027049433737790732,Low
9647,Feb,Pontiac,Third Party,No,No,0.11074021008374337,Low
9648,Mar,Pontiac,Policy Holder,No,No,0.7619831378305443,High
9649,Oct,Toyota,Policy Holder,No,No,0.7428188454567168,High
9650,Jul,Accura,Policy Holder,No,No,0.6561328015979747,High
9651,Jul,VW,Policy Holder,No,No,0.2011278640438727,Low
9652,Aug,VW,Policy Holder,No,No,0.3937796440494477,Medium
9653,Jul,Honda,Third Party,No,No,0.03596819433444017,Low
9654,Nov,Pontiac,Policy Holder,No,No,0.3785312039914889,Medium
9655,Nov,Toyota,Third Party,No,No,0.04599103676701595,Low
9656,Nov,Honda,Policy Holder,No,No,0.255359996001856,Low
9657,Mar,Mazda,Policy Holder,No,No,0.6143401193280827,High
9658,Apr,Mazda,Policy Holder,No,No,0.02833885637764676,Low
9659,Jan,Toyota,Third Party,No,No,0.04590676956390885,Low
9660,Aug,Mazda,Policy Holder,No,No,0.5759507370950787,Medium
9661,Oct,Mazda,Policy Holder,No,No,0.6173058383517384,High
9662,Oct,Toyota,Policy Holder,No,No,0.18169324601308598,Low
9663,Dec,Honda,Third Party,No,No,0.01749308854374659,Low
9664,Nov,Pontiac,Policy Holder,No,No,0.3370394211779166,Medium
9665,Oct,Pontiac,Policy Holder,No,No,0.6363480840833208,High
9666,Oct,Honda,Policy Holder,No,No,0.08410973650261044,Low
9667,Sep,Pontiac,Policy Holder,No,No,0.5964280405730807,Medium
9668,Sep,Toyota,Policy Holder,No,No,0.632518829396445,High
9669,Aug,Pontiac,Third Party,No,No,0.027726847920341722,Low
9670,Jan,Honda,Policy Holder,No,No,0.8320212291893411,High
9671,Mar,Ford,Policy Holder,No,No,0.7268417160136861,High
9672,Dec,Mazda,Policy Holder,No,No,0.04166499852937173,Low
9673,Jan,Pontiac,Third Party,Yes,Yes,0.039821010584214514,Low
9674,Nov,Honda,Third Party,No,No,0.05855472319862673,Low
9675,Oct,Chevrolet,Policy Holder,No,No,0.7875210595706935,High
9676,Sep,Toyota,Policy Holder,No,No,0.6445243990213984,High
9677,Aug,Toyota,Third Party,No,No,0.006448349147965532,Low
9678,Jul,Toyota,Third Party,No,No,0.0027990405245873853,Low
9679,Jun,Accura,Policy Holder,No,No,0.7729011834973032,High
9680,May,Honda,Policy Holder,No,No,0.5462949589120786,Medium
9681,Jan,Honda,Third Party,No,No,0.08258085640076418,Low
9682,Dec,Toyota,Third Party,No,No,0.019251697787580464,Low
9683,Nov,Mazda,Third Party,No,No,0.029882715716917203,Low
9684,Sep,Toyota,Third Party,No,No,0.033096277772129014,Low
9685,Sep,Pontiac,Policy Holder,No,No,0.5371561781706176,Medium
9686,Jan,Chevrolet,Third Party,No,No,0.08135420645565676,Low
9687,Jul,Toyota,Policy Holder,No,No,0.6074640979247238,High
9688,Apr,Pontiac,Third Party,No,No,0.048799531602874834,Low
9689,Apr,Toyota,Policy Holder,No,No,0.058652887342527806,Low
9690,Jan,Honda,Third Party,No,No,0.029812793049457963,Low
9691,Dec,Honda,Third Party,No,No,0.7391125794710109,High
9692,Dec,Honda,Policy Holder,No,No,0.5030019556734776,Medium
9693,Nov,Toyota,Policy Holder,No,No,0.37923896300595883,Medium
9694,Oct,Honda,Policy Holder,No,No,0.6212641338837666,High
9695,Sep,Mazda,Policy Holder,No,No,0.663005939060954,High
9696,Aug,Mazda,Policy Holder,No,No,0.5358626829676111,Medium
9697,Jul,Mazda,Policy Holder,No,No,0.4527679066640528,Medium
9698,Jul,Mercury,Policy Holder,No,No,0.12561239908948874,Low
9699,Jul,Honda,Policy Holder,No,No,0.32302544366431574,Medium
9700,Jun,Honda,Policy Holder,No,No,0.12549314942052092,Low
9701,Jun,Ford,Third Party,No,No,0.004382846722698082,Low
9702,May,Toyota,Policy Holder,No,No,0.7609851776472493,High
9703,Mar,Pontiac,Third Party,No,No,0.0041965666757850404,Low
9704,Aug,Honda,Policy Holder,No,No,0.12590420934658045,Low
9705,Jun,Toyota,Policy Holder,No,No,0.6383172257527073,High
9706,Jun,Mazda,Third Party,No,No,0.09210387911835184,Low
9707,May,Mazda,Policy Holder,No,No,0.7406810941389731,High
9708,Aug,Chevrolet,Policy Holder,No,No,0.1540724585340924,Low
9709,Jan,Toyota,Policy Holder,No,No,0.7443031282655403,High
9710,Dec,Mazda,Policy Holder,No,No,0.5065006482206666,Medium
9711,Mar,Honda,Policy Holder,No,No,0.13580465908186465,Low
9712,Apr,Pontiac,Policy Holder,No,No,0.7965578602842808,High
9713,Apr,Pontiac,Policy Holder,No,No,0.09296896827668567,Low
9714,Jan,Honda,Third Party,Yes,No,0.032957867106797524,Low
9715,Oct,Pontiac,Policy Holder,No,No,0.6247338657407225,High
9716,Oct,Pontiac,Policy Holder,No,No,0.5906419749175089,Medium
9717,Oct,Chevrolet,Policy Holder,No,No,0.11087975060248602,Low
9718,Dec,Honda,Policy Holder,No,No,0.5843170076700596,Medium
9719,Jan,Mazda,Policy Holder,No,No,0.7716624015500623,High
9720,Apr,Mazda,Policy Holder,No,No,0.5767651978428845,Medium
9721,Apr,Honda,Policy Holder,No,No,0.07320518566597331,Low
9722,Jun,Toyota,Third Party,No,No,0.004299302138013226,Low
9723,Jan,Chevrolet,Third Party,No,No,0.10553830330707879,Low
9724,Jul,Pontiac,Policy Holder,No,No,0.27919543164896754,Low
9725,Aug,Pontiac,Policy Holder,No,No,0.46933273281752946,Medium
9726,Oct,Chevrolet,Third Party,No,No,0.09033139815819119,Low
9727,Dec,Honda,Policy Holder,No,No,0.4608794583467693,Medium
9728,Dec,Honda,Third Party,No,No,0.05794730838161564,Low
9729,Dec,Mazda,Third Party,No,No,0.04225442062399391,Low
9730,Dec,Pontiac,Policy Holder,No,No,0.6313093443628494,High
9731,Dec,Honda,Policy Holder,No,No,0.5993729545910931,Medium
9732,Nov,Toyota,Third Party,No,No,0.03737951904381732,Low
9733,Oct,Chevrolet,Policy Holder,No,No,0.14832180872581002,Low
9734,Oct,Pontiac,Policy Holder,No,No,0.5149055894323635,Medium
9735,Aug,Toyota,Policy Holder,No,No,0.07480322869202044,Low
9736,Aug,Saturn,Third Party,No,No,0.035127063040211,Low
9737,Aug,Toyota,Policy Holder,No,No,0.6222968281632695,High
9738,Jul,Mazda,Policy Holder,No,No,0.11294294186851571,Low
9739,Jul,Pontiac,Policy Holder,No,No,0.528379347185529,Medium
9740,Jun,Toyota,Policy Holder,No,No,0.17790200230435987,Low
9741,Apr,Toyota,Policy Holder,No,No,0.6073335695043491,High
9742,Apr,Toyota,Policy Holder,No,No,0.8817237956884402,High
9743,Dec,Pontiac,Policy Holder,No,No,0.025986902005420608,Low
9744,Nov,Mazda,Policy Holder,No,No,0.7453868917679299,High
9745,Nov,Pontiac,Policy Holder,No,No,0.4150841011159854,Medium
9746,Nov,Mazda,Third Party,No,No,0.019915176417841997,Low
9747,Aug,Mazda,Policy Holder,No,No,0.0813596357820771,Low
9748,Jan,Mazda,Third Party,No,No,0.026360775982157986,Low
9749,Jun,Honda,Policy Holder,No,No,0.6210688863393817,High
9750,Jun,Pontiac,Policy Holder,No,No,0.7192369979476038,High
9751,Jun,Honda,Third Party,No,No,0.03962548599539365,Low
9752,May,Pontiac,Policy Holder,No,No,0.1514020301237989,Low
9753,Apr,Toyota,Third Party,No,No,0.10668364158585432,Low
9754,Apr,Toyota,Policy Holder,No,No,0.21324991233684898,Low
9755,Feb,Ford,Policy Holder,No,No,0.7386280938698584,High
9756,Feb,Mazda,Policy Holder,No,No,0.7633151131836053,High
9757,Feb,Mazda,Policy Holder,No,No,0.747600806535844,High
9758,Nov,Chevrolet,Policy Holder,No,No,0.569229027375312,Medium
9759,Feb,Accura,Policy Holder,No,No,0.2018877789943155,Low
9760,Sep,Honda,Policy Holder,No,No,0.1310943236642683,Low
9761,Feb,Toyota,Policy Holder,No,No,0.6625974706105712,High
9762,Jan,Chevrolet,Third Party,No,No,0.04587213839503653,Low
9763,Mar,Honda,Policy Holder,No,No,0.17232625560516474,Low
9764,May,Toyota,Policy Holder,No,No,0.18338289900063587,Low
9765,May,Honda,Third Party,No,No,0.00276826026288491,Low
9766,May,Honda,Policy Holder,No,No,0.5692626292733641,Medium
9767,May,Mazda,Third Party,No,No,0.0022407895034813646,Low
9768,Jun,Pontiac,Third Party,No,No,0.04154342662100268,Low
9769,Sep,Mazda,Third Party,No,No,0.003341271246294836,Low
9770,Sep,Honda,Policy Holder,No,No,0.7274008649962628,High
9771,Sep,Pontiac,Third Party,No,No,0.027015062347507692,Low
9772,Sep,Pontiac,Policy Holder,No,No,0.07687313957152947,Low
9773,Sep,Pontiac,Policy Holder,No,No,0.5741228575321801,Medium
9774,Apr,Pontiac,Policy Holder,Yes,No,0.7356118474973082,High
9775,Apr,Mazda,Third Party,No,No,0.005277664761266279,Low
9776,Apr,Saab,Policy Holder,No,No,0.32983541459140964,Medium
9777,Sep,Toyota,Policy Holder,No,No,0.11935998970187235,Low
9778,Sep,Pontiac,Policy Holder,No,No,0.5497623881427857,Medium
9779,Sep,Chevrolet,Policy Holder,No,No,0.6582315917650787,High
9780,Dec,Chevrolet,Policy Holder,No,No,0.08446089080800206,Low
9781,Oct,Toyota,Third Party,Yes,Yes,0.055631232305804454,Low
9782,Feb,Pontiac,Third Party,No,No,0.07940388992604003,Low
9783,Mar,Toyota,Third Party,No,No,0.09401759128004507,Low
9784,Jul,Pontiac,Policy Holder,No,No,0.6953298076538091,High
9785,Jul,Pontiac,Policy Holder,No,No,0.493956622216297,Medium
9786,Nov,Mazda,Third Party,No,No,0.026130613927123975,Low
9787,Nov,Honda,Policy Holder,No,No,0.21406989427715212,Low
9788,Dec,Pontiac,Policy Holder,No,No,0.5560522547469331,Medium
9789,Nov,Toyota,Policy Holder,No,No,0.5997822685384642,Medium
9790,Apr,VW,Third Party,No,No,0.020401552301042104,Low
9791,Oct,Chevrolet,Policy Holder,No,No,0.7090891401025146,High
9792,Nov,Accura,Policy Holder,No,No,0.5087319564926517,Medium
9793,Oct,Honda,Policy Holder,No,No,0.8936079905958179,High
9794,Oct,Pontiac,Policy Holder,No,No,0.08564931608649917,Low
9795,Dec,Pontiac,Policy Holder,Yes,No,0.10032680799380017,Low
9796,Dec,Toyota,Third Party,No,No,0.02619280185486581,Low
9797,Sep,Toyota,Policy Holder,No,No,0.617681808300668,High
9798,Sep,Toyota,Policy Holder,No,No,0.06403777419174132,Low
9799,Jan,Toyota,Policy Holder,No,No,0.1109292521087638,Low
9800,Jul,Mazda,Policy Holder,No,No,0.1257112503059317,Low
9801,Dec,Mazda,Third Party,No,No,0.08792961846809927,Low
9802,Feb,Mazda,Third Party,No,No,0.07826611928698693,Low
9803,Sep,Toyota,Policy Holder,No,No,0.12561376868281177,Low
9804,Jul,Pontiac,Policy Holder,No,No,0.6666003538330909,High
9805,Dec,Pontiac,Policy Holder,No,No,0.7187995017916342,High
9806,Dec,Pontiac,Policy Holder,No,No,0.5895092879494691,Medium
9807,Dec,Pontiac,Third Party,No,No,0.04192595427342326,Low
9808,Dec,Mazda,Policy Holder,No,No,0.5922940722847089,Medium
9809,Feb,Toyota,Policy Holder,No,No,0.7229924527370841,High
9810,Nov,Chevrolet,Policy Holder,No,No,0.029459008536789053,Low
9811,Feb,Pontiac,Policy Holder,No,No,0.5654112329824083,Medium
9812,Dec,Pontiac,Third Party,No,No,0.030324874418579152,Low
9813,Jul,Honda,Policy Holder,No,No,0.07793449976734053,Low
9814,Feb,Chevrolet,Policy Holder,No,No,0.7167519460004801,High
9815,Feb,Honda,Policy Holder,No,No,0.8348077321087463,High
9816,Jul,Chevrolet,Third Party,No,No,0.06509799614430897,Low
9817,May,Pontiac,Third Party,No,No,0.003459632276251177,Low
9818,May,Mazda,Policy Holder,No,No,0.4969490183088534,Medium
9819,Jan,Pontiac,Policy Holder,No,No,0.1537604500313592,Low
9820,Feb,Honda,Third Party,No,No,0.04701247976488591,Low
9821,Mar,Toyota,Policy Holder,No,No,0.1128724967893707,Low
9822,Dec,Mazda,Policy Holder,No,No,0.522768850189568,Medium
9823,Nov,Honda,Third Party,No,No,0.0014965899827401841,Low
9824,Sep,Mazda,Policy Holder,Yes,No,0.6359635827368565,High
9825,Sep,Chevrolet,Policy Holder,Yes,No,0.6778064514849934,High
9826,Sep,Toyota,Policy Holder,No,No,0.14106530356453678,Low
9827,Dec,Accura,Policy Holder,Yes,No,0.12310067908683356,Low
9828,Dec,Toyota,Policy Holder,No,No,0.13352164913855585,Low
9829,Nov,Pontiac,Policy Holder,No,No,0.06369921519652469,Low
9830,Oct,Toyota,Policy Holder,No,No,0.8228299298692714,High
9831,Feb,Toyota,Third Party,No,No,0.05264848801210857,Low
9832,Aug,Mazda,Policy Holder,No,No,0.6067509220214754,High
9833,Aug,Mazda,Policy Holder,No,No,0.16445259900827555,Low
9834,Jul,Toyota,Third Party,No,No,0.024373287102474543,Low
9835,May,Pontiac,Policy Holder,No,No,0.6533370540129559,High
9836,May,VW,Policy Holder,No,No,0.03193608696873919,Low
9837,Apr,Honda,Policy Holder,No,No,0.5748926572275015,Medium
9838,Apr,Pontiac,Third Party,No,No,0.10610337655676824,Low
9839,Apr,Pontiac,Policy Holder,No,No,0.1238101102581679,Low
9840,Sep,Toyota,Policy Holder,No,No,0.6322863351620586,High
9841,Sep,Mazda,Policy Holder,No,No,0.1250944333214697,Low
9842,Feb,Honda,Policy Holder,No,No,0.8193598370103672,High
9843,Sep,Toyota,Policy Holder,No,No,0.06806570690082249,Low
9844,Mar,Pontiac,Policy Holder,No,No,0.9950957236605716,High
9845,Apr,Mazda,Third Party,No,No,0.05079122055969201,Low
9846,Jun,Pontiac,Policy Holder,No,No,0.8005491379132899,High
9847,Jun,Honda,Policy Holder,No,No,0.6436949379164593,High
9848,Aug,Pontiac,Policy Holder,No,No,0.7715973691689061,High
9849,Feb,Pontiac,Third Party,No,No,0.07304264490525843,Low
9850,Feb,Pontiac,Policy Holder,No,No,0.7114853295405323,High
9851,Aug,Honda,Policy Holder,No,No,0.49899807679727487,Medium
9852,Sep,Mazda,Policy Holder,No,No,0.10881798412419495,Low
9853,Nov,Pontiac,Policy Holder,No,No,0.32855957819208004,Medium
9854,Feb,Toyota,Third Party,No,No,0.003738438221818502,Low
9855,Dec,Accura,Third Party,No,No,0.1206412057204927,Low
9856,Dec,Mazda,Policy Holder,No,No,0.07535591758810517,Low
9857,Dec,Accura,Policy Holder,No,No,0.7170920521052575,High
9858,Apr,Honda,Policy Holder,No,No,0.7947206874326487,High
9859,Apr,Mazda,Policy Holder,No,No,0.7036458003489836,High
9860,Feb,Honda,Third Party,No,No,0.042767018682067455,Low
9861,May,Pontiac,Policy Holder,No,No,0.7569000662427644,High
9862,May,Mazda,Policy Holder,No,No,0.6649089259251382,High
9863,Jun,Toyota,Policy Holder,No,No,0.7764838774437041,High
9864,Aug,Ford,Third Party,No,No,0.004051180202213829,Low
9865,Sep,Toyota,Policy Holder,No,No,0.2575973336173674,Low
9866,Oct,Pontiac,Third Party,No,No,0.06189113388036901,Low
9867,Feb,Mazda,Policy Holder,No,No,0.7247581102187197,High
9868,Dec,Honda,Third Party,No,No,0.02645082733462129,Low
9869,Dec,Pontiac,Policy Holder,No,No,0.5771659895404104,Medium
9870,Dec,Ford,Third Party,No,No,0.011909370196458841,Low
9871,Nov,Toyota,Policy Holder,No,No,0.42440243992376525,Medium
9872,Oct,Mazda,Policy Holder,No,No,0.6042456743546053,High
9873,Feb,Mazda,Policy Holder,No,No,0.6305618993961847,High
9874,Feb,Pontiac,Policy Holder,No,No,0.5535798557670762,Medium
9875,Sep,Toyota,Policy Holder,No,No,0.09904525524484066,Low
9876,Sep,Mazda,Third Party,No,No,0.0020579648536478753,Low
9877,Sep,Mazda,Policy Holder,No,No,0.6542063097840995,High
9878,Sep,Pontiac,Policy Holder,No,No,0.6757433890190488,High
9879,May,Toyota,Third Party,No,No,0.06946211617022684,Low
9880,Feb,Honda,Policy Holder,No,No,0.6863844746233465,High
9881,May,Chevrolet,Policy Holder,No,No,0.14038698444353628,Low
9882,May,Honda,Policy Holder,No,No,0.7640786269731836,High
9883,May,Pontiac,Policy Holder,No,No,0.722228824934695,High
9884,May,VW,Policy Holder,No,No,0.03906577016802466,Low
9885,Dec,Pontiac,Third Party,No,No,0.03826762819770125,Low
9886,Dec,Toyota,Third Party,No,No,0.053002656403774454,Low
9887,Dec,Pontiac,Policy Holder,No,No,0.758802286542453,High
9888,Dec,Chevrolet,Policy Holder,No,No,0.12024221976020028,Low
9889,Dec,Chevrolet,Policy Holder,No,No,0.5623875944893657,Medium
9890,Nov,Mazda,Third Party,No,No,0.013535056683098609,Low
9891,Nov,Toyota,Third Party,No,No,0.02750805267513519,Low
9892,Oct,Dodge,Third Party,No,No,0.0009290962539965897,Low
9893,Oct,Chevrolet,Policy Holder,No,No,0.11610575296094573,Low
9894,Sep,Honda,Third Party,No,No,0.014669514145853645,Low
9895,Sep,Mazda,Policy Holder,No,No,0.869306929373837,High
9896,Sep,Pontiac,Policy Holder,No,No,0.7006004714779486,High
9897,Aug,Toyota,Policy Holder,No,No,0.8472867839544203,High
9898,Aug,Toyota,Policy Holder,No,No,0.3061507837096093,Medium
9899,Jul,Pontiac,Policy Holder,No,No,0.5412454052334204,Medium
9900,Jul,VW,Third Party,No,No,0.0006074569694452338,Low
9901,May,Honda,Policy Holder,No,No,0.12211900992641835,Low
9902,May,Pontiac,Policy Holder,No,No,0.0918188249499033,Low
9903,Apr,Toyota,Policy Holder,No,No,0.10007940271159954,Low
9904,Mar,Toyota,Policy Holder,No,No,0.7509957658421311,High
9905,Mar,Nisson,Policy Holder,No,No,0.8222477413833897,High
9906,Sep,Honda,Policy Holder,No,No,0.7656628242969473,High
9907,Oct,Chevrolet,Third Party,No,No,0.0405363310198735,Low
9908,May,Honda,Third Party,No,No,0.0030464503726437275,Low
9909,May,Toyota,Third Party,No,No,0.03711258246345477,Low
9910,May,Mazda,Third Party,No,No,0.002579687715382408,Low
9911,Sep,Mazda,Policy Holder,No,No,0.6075412981293918,High
9912,Jul,Pontiac,Policy Holder,No,No,0.04856405704054789,Low
9913,Sep,Mazda,Policy Holder,No,No,0.05445812824424673,Low
9914,Aug,Pontiac,Policy Holder,No,No,0.7292705843416296,High
9915,Aug,Chevrolet,Policy Holder,No,No,0.1333761542888883,Low
9916,Nov,Toyota,Third Party,No,No,0.03189423452562351,Low
9917,Mar,Mazda,Policy Holder,No,No,0.12602509163681844,Low
9918,Sep,Honda,Policy Holder,No,No,0.1132053029575655,Low
9919,Oct,Honda,Policy Holder,No,No,0.0719063291433989,Low
9920,May,Pontiac,Third Party,No,No,0.007848024950767873,Low
9921,Jun,Chevrolet,Policy Holder,No,No,0.7479577348092206,High
9922,Jun,Honda,Policy Holder,No,No,0.7222912885992356,High
9923,Feb,Mazda,Policy Holder,No,No,0.763476317777029,High
9924,Jul,Pontiac,Policy Holder,No,No,0.49358447120799825,Medium
9925,Nov,Honda,Third Party,No,No,0.041676924708741604,Low
9926,Nov,BMW,Policy Holder,No,No,0.523991958259434,Medium
9927,Nov,Pontiac,Policy Holder,No,No,0.04999777037294907,Low
9928,Feb,Toyota,Policy Holder,No,No,0.7218602822017564,High
9929,Feb,Toyota,Policy Holder,No,No,0.7062907057964782,High
9930,Dec,Toyota,Policy Holder,No,No,0.7356304781311095,High
9931,Feb,Honda,Third Party,No,No,0.06599491036104349,Low
9932,Dec,Honda,Policy Holder,No,No,0.5414134245905,Medium
9933,Apr,Honda,Policy Holder,No,No,0.1144002173168539,Low
9934,Aug,Chevrolet,Policy Holder,No,No,0.7197223050257459,High
9935,Aug,Toyota,Policy Holder,No,No,0.7661978976146605,High
9936,Nov,Pontiac,Policy Holder,No,No,0.304796996626766,Medium
9937,Nov,Pontiac,Policy Holder,No,No,0.05148582996371992,Low
9938,Oct,Toyota,Third Party,No,No,0.04912989003641545,Low
9939,Mar,Toyota,Policy Holder,No,No,0.6819513175599986,High
9940,Mar,Mazda,Policy Holder,No,No,0.11802452823578931,Low
9941,Jul,Mazda,Policy Holder,No,No,0.5863910500891178,Medium
9942,Feb,Toyota,Third Party,No,No,0.04234094431268009,Low
9943,Jul,Pontiac,Policy Holder,No,No,0.7756539245089289,High
9944,Sep,Mazda,Third Party,No,No,0.05602914720597368,Low
9945,Nov,Toyota,Third Party,No,No,0.036730784322197396,Low
9946,Nov,Ford,Third Party,No,No,0.8000235305817488,High
9947,Feb,Honda,Policy Holder,No,No,0.5589873264388308,Medium
9948,Feb,Toyota,Third Party,No,No,0.09274566715875746,Low
9949,Jun,Honda,Third Party,No,No,0.06268029540324346,Low
9950,Apr,Mazda,Policy Holder,No,No,0.13096716050492418,Low
9951,Mar,Saab,Policy Holder,No,No,0.8633645680178924,High
9952,Jan,Honda,Policy Holder,Yes,No,0.711638998841924,High
9953,Jun,Honda,Policy Holder,No,No,0.4833207047610562,Medium
9954,Jul,Chevrolet,Third Party,No,No,0.051510809873891165,Low
9955,Jun,Mazda,Third Party,No,No,0.027853517450684484,Low
9956,Dec,Pontiac,Policy Holder,No,No,0.08805868267406337,Low
9957,Mar,Pontiac,Policy Holder,No,No,0.11260740167484909,Low
9958,Feb,Pontiac,Third Party,No,Yes,0.052341862324441525,Low
9959,Nov,Ford,Policy Holder,No,No,0.04712339141340508,Low
9960,Aug,Toyota,Policy Holder,No,No,0.22852337606079,Low
9961,Jan,Chevrolet,Third Party,No,No,0.048013588848331026,Low
9962,Dec,Mazda,Third Party,No,No,0.03638560902462623,Low
9963,Dec,Toyota,Policy Holder,No,No,0.5309184411126344,Medium
9964,May,Mazda,Third Party,No,No,0.005156700271205884,Low
9965,May,Toyota,Policy Holder,No,No,0.35413613282422934,Medium
9966,May,Chevrolet,Policy Holder,No,No,0.552771586814526,Medium
9967,Jul,Toyota,Policy Holder,No,No,0.6898183068262187,High
9968,Jul,Pontiac,Policy Holder,No,No,0.06983258014380193,Low
9969,Sep,Toyota,Policy Holder,No,No,0.6135752304543743,High
9970,Sep,Toyota,Policy Holder,No,No,0.09653943131475724,Low
9971,Sep,Pontiac,Third Party,No,No,0.003620394187623624,Low
9972,Sep,Mazda,Policy Holder,No,No,0.6491395655542973,High
9973,Sep,Pontiac,Policy Holder,No,No,0.6978791406279219,High
9974,Oct,Toyota,Third Party,No,No,0.050987830552656106,Low
9975,Nov,Pontiac,Third Party,No,No,0.0010970880647755731,Low
9976,Feb,Chevrolet,Policy Holder,No,No,0.09599318115232094,Low
9977,Dec,Toyota,Policy Holder,No,No,0.06489080744821134,Low
9978,Jan,VW,Third Party,Yes,No,0.02544549783821049,Low
9979,Jan,Pontiac,Third Party,No,No,0.0445540004855024,Low
9980,May,Pontiac,Policy Holder,No,No,0.8706274782276398,High
9981,May,Chevrolet,Policy Holder,No,No,0.14851870479046594,Low
9982,May,Honda,Third Party,No,No,0.07812775335150124,Low
9983,May,Pontiac,Third Party,No,No,0.0826520386335766,Low
9984,May,Pontiac,Third Party,No,No,0.026423953105351637,Low
9985,Jun,Chevrolet,Policy Holder,No,No,0.06099799581442794,Low
9986,Feb,Ford,Policy Holder,No,No,0.673203563209642,High
9987,Sep,Pontiac,Policy Holder,Yes,No,0.5747331035506833,Medium
9988,Dec,Ford,Policy Holder,No,No,0.12953155519753637,Low
9989,Dec,Pontiac,Policy Holder,No,No,0.11322311328639695,Low
9990,Dec,Pontiac,Policy Holder,No,No,0.5763390322352702,Medium
9991,Dec,Honda,Policy Holder,No,No,0.08600580938385256,Low
9992,Dec,Mazda,Third Party,Yes,No,0.0025105308210909374,Low
9993,Dec,Mazda,Third Party,No,No,0.0876866802135517,Low
9994,Sep,Ford,Policy Holder,No,No,0.6271640776256188,High
9995,Aug,Ford,Policy Holder,No,No,0.7056058490196936,High
9996,Feb,Pontiac,Third Party,No,No,0.058952112899538375,Low
9997,Feb,Pontiac,Policy Holder,No,No,0.980570758834544,High
9998,May,Toyota,Policy Holder,No,No,0.15504691352100808,Low
9999,May,Chevrolet,Third Party,No,No,0.06697986562938645,Low
10000,May,Accura,Policy Holder,No,No,0.8040298467020339,High
10001,Apr,Pontiac,Policy Holder,No,No,0.7104860938315096,High
10002,Jan,Toyota,Policy Holder,No,No,0.81300153423078,High
10003,Jan,Mazda,Policy Holder,No,No,0.82803798132228,High
10004,Jan,Pontiac,Policy Holder,No,No,0.09365688990896814,Low
10005,Dec,Toyota,Policy Holder,No,No,0.590803913837794,Medium
10006,Nov,Pontiac,Policy Holder,No,No,0.04190537865736888,Low
10007,Oct,Chevrolet,Policy Holder,No,No,0.7591753275122567,High
10008,Sep,Pontiac,Policy Holder,No,No,0.5525211460160762,Medium
10009,Sep,Pontiac,Policy Holder,No,No,0.49929695300232363,Medium
10010,Sep,Pontiac,Policy Holder,No,No,0.10730784676425352,Low
10011,Sep,Mazda,Policy Holder,No,No,0.6684411858136016,High
10012,Aug,Pontiac,Policy Holder,No,No,0.6271402932900001,High
10013,Feb,VW,Third Party,No,No,0.0006251471397788862,Low
10014,Jan,Mazda,Policy Holder,No,No,0.08473606784169321,Low
10015,Mar,Mazda,Policy Holder,No,No,0.18100491437380872,Low
10016,Feb,Toyota,Policy Holder,No,No,0.7626260500448989,High
10017,Apr,Pontiac,Third Party,No,No,0.09278466244175224,Low
10018,Oct,Pontiac,Policy Holder,No,No,0.09006392106520873,Low
10019,Apr,Pontiac,Policy Holder,No,No,0.17994487368564666,Low
10020,Mar,Toyota,Third Party,No,No,0.05057719393724325,Low
10021,Mar,Chevrolet,Policy Holder,No,No,0.147332190621329,Low
10022,Apr,Honda,Policy Holder,No,No,0.1328626417587812,Low
10023,Apr,Pontiac,Policy Holder,No,No,0.7639571811613289,High
10024,Oct,Toyota,Policy Holder,No,No,0.09093778121686366,Low
10025,Nov,Chevrolet,Policy Holder,No,No,0.5921088773405156,Medium
10026,Oct,Accura,Policy Holder,No,No,0.14405197780988252,Low
10027,Jan,Mazda,Policy Holder,No,No,0.6824995984293354,High
10028,Jan,Pontiac,Policy Holder,No,No,0.7633206882476122,High
10029,Nov,Pontiac,Policy Holder,No,No,0.06822583409579426,Low
10030,Aug,Honda,Policy Holder,No,No,0.6538058438644482,High
10031,Feb,Toyota,Policy Holder,Yes,No,0.6418945614388718,High
10032,Feb,Toyota,Policy Holder,No,No,0.931762359376852,High
10033,Apr,Mazda,Policy Holder,No,No,0.0890328979967764,Low
10034,May,Toyota,Third Party,No,No,0.06635932062178897,Low
10035,Jun,Chevrolet,Policy Holder,No,No,0.7417665464958243,High
10036,May,Pontiac,Third Party,No,No,0.029525247652698806,Low
10037,Aug,Mazda,Third Party,No,No,0.005609699590384534,Low
10038,Feb,Mazda,Third Party,No,No,0.036534915923513205,Low
10039,Aug,Pontiac,Third Party,No,No,0.03758973854635954,Low
10040,Oct,Honda,Policy Holder,No,No,0.7199440512911267,High
10041,Nov,Chevrolet,Policy Holder,No,No,0.5997296113727647,Medium
10042,Nov,Honda,Policy Holder,No,No,0.03136218565297465,Low
10043,Dec,Toyota,Policy Holder,Yes,No,0.6708518736181994,High
10044,May,Honda,Third Party,No,No,0.05539963390665994,Low
10045,Jun,Honda,Third Party,No,No,0.16326031197273796,Low
10046,Aug,Honda,Policy Holder,No,No,0.11517881016687467,Low
10047,Jul,Toyota,Policy Holder,No,No,0.05848632339464624,Low
10048,Sep,Honda,Policy Holder,No,No,0.9876607122086766,High
10049,Dec,Pontiac,Policy Holder,No,No,0.07407353518283538,Low
10050,Oct,Pontiac,Policy Holder,No,No,0.14228509090743627,Low
10051,Sep,Accura,Policy Holder,No,No,0.1242436417660071,Low
10052,May,Toyota,Third Party,No,No,0.08544711204666165,Low
10053,Apr,Mazda,Third Party,No,No,0.06296476567187893,Low
10054,Dec,Accura,Policy Holder,No,No,0.7318846882482186,High
10055,Sep,Pontiac,Policy Holder,No,No,0.6842583453371899,High
10056,Jul,Honda,Third Party,No,No,0.034290022515728345,Low
10057,Jun,Pontiac,Policy Holder,No,No,0.07159707540026441,Low
10058,Apr,Honda,Policy Holder,No,No,0.8500671747017181,High
10059,Apr,Toyota,Third Party,No,No,0.07676412696769569,Low
10060,Sep,Mazda,Policy Holder,No,No,0.04349344889052768,Low
10061,Jul,Toyota,Policy Holder,No,No,0.571176569186061,Medium
10062,Aug,Mazda,Policy Holder,No,No,0.5595992390484207,Medium
10063,Nov,Pontiac,Policy Holder,No,No,0.5617793654145393,Medium
10064,Feb,Mazda,Policy Holder,No,No,0.6835979101565528,High
10065,Jul,Pontiac,Policy Holder,No,No,0.05187547986173559,Low
10066,Dec,Toyota,Policy Holder,No,No,0.0953895755520104,Low
10067,Dec,Pontiac,Policy Holder,No,No,0.4212965108293255,Medium
10068,Apr,Saab,Policy Holder,No,No,0.8807594059942114,High
10069,Jun,Pontiac,Third Party,No,No,0.04767262051825114,Low
10070,Jun,Toyota,Policy Holder,No,No,0.5620270313982741,Medium
10071,Jun,Pontiac,Policy Holder,No,No,0.10692277646103736,Low
10072,Jun,Pontiac,Third Party,No,No,0.0004762505516623641,Low
10073,May,Mazda,Policy Holder,No,No,0.11614560817884546,Low
10074,Oct,Pontiac,Policy Holder,No,No,0.10048210436758098,Low
10075,Dec,Ford,Policy Holder,No,No,0.09896145458372832,Low
10076,Jan,Mazda,Third Party,No,No,0.053808187469420427,Low
10077,Sep,VW,Policy Holder,No,No,0.004919037449611415,Low
10078,Sep,Chevrolet,Policy Holder,Yes,No,0.03250826810706484,Low
10079,Sep,Toyota,Policy Holder,No,No,0.08660595101984024,Low
10080,Oct,Toyota,Policy Holder,No,No,0.774793295583268,High
10081,Oct,Pontiac,Policy Holder,No,No,0.43378323704360366,Medium
10082,Oct,Ford,Policy Holder,No,No,0.1342002323730789,Low
10083,Oct,Toyota,Third Party,No,No,0.003674806417193903,Low
10084,Oct,Mazda,Policy Holder,No,No,0.0899698005830174,Low
10085,Feb,Pontiac,Third Party,No,No,0.03874183896367338,Low
10086,Oct,Mazda,Policy Holder,No,No,0.1295122038688863,Low
10087,Oct,Chevrolet,Policy Holder,No,No,0.716594899996222,High
10088,Feb,Honda,Policy Holder,No,No,0.709351429333641,High
10089,Feb,Mazda,Policy Holder,No,No,0.6616471279879023,High
10090,May,Pontiac,Policy Holder,No,No,0.09649357970845467,Low
10091,Jan,Toyota,Policy Holder,No,No,0.6523830909463766,High
10092,Jan,Honda,Policy Holder,Yes,No,0.4704169473113968,Medium
10093,Dec,Pontiac,Policy Holder,No,No,0.05713071478272864,Low
10094,Nov,Mazda,Policy Holder,No,No,0.028810199063275567,Low
10095,Nov,Chevrolet,Policy Holder,No,No,0.05249835222823186,Low
10096,Oct,Pontiac,Policy Holder,No,No,0.08376471435656237,Low
10097,Aug,Mazda,Policy Holder,No,No,0.706614258797476,High
10098,May,Toyota,Policy Holder,No,No,0.6971566069744125,High
10099,Jan,Pontiac,Policy Holder,Yes,No,0.11046790572849717,Low
10100,Jan,Honda,Policy Holder,No,No,0.0774207665770492,Low
10101,Feb,Mazda,Policy Holder,No,No,0.617428847500653,High
10102,Jan,Pontiac,Third Party,Yes,No,0.07931244757641778,Low
10103,Jan,Toyota,Policy Holder,No,No,0.10396349360113216,Low
10104,Jul,Chevrolet,Policy Holder,No,No,0.10101525296469963,Low
10105,Aug,Mazda,Policy Holder,No,No,0.587551153889276,Medium
10106,Aug,Honda,Policy Holder,No,No,0.6243781205498986,High
10107,Jun,Pontiac,Policy Holder,No,No,0.1637589839554417,Low
10108,Feb,Saturn,Third Party,No,No,0.07245953866912025,Low
10109,Oct,Honda,Policy Holder,No,No,0.7313131996116746,High
10110,Nov,Toyota,Third Party,No,No,0.012983891372683931,Low
10111,Nov,Toyota,Policy Holder,No,No,0.4636124509162828,Medium
10112,Jan,Toyota,Third Party,No,No,0.06435573970149851,Low
10113,Jan,Pontiac,Policy Holder,No,No,0.5209685090077019,Medium
10114,Jan,Nisson,Policy Holder,No,No,0.7628371636574393,High
10115,Jul,Toyota,Policy Holder,No,No,0.06622632952900541,Low
10116,Oct,Pontiac,Policy Holder,No,No,0.10331884079319739,Low
10117,Feb,Honda,Policy Holder,No,No,0.7299928057436917,High
10118,Feb,Pontiac,Third Party,No,No,0.0033496413718218606,Low
10119,May,Toyota,Policy Holder,Yes,No,0.7255129223803438,High
10120,May,Honda,Policy Holder,No,No,0.08355029077225097,Low
10121,Jul,Pontiac,Policy Holder,No,No,0.09171611982189952,Low
10122,Aug,Toyota,Policy Holder,No,No,0.21419309105083448,Low
10123,Dec,Toyota,Third Party,No,No,0.06397706220293307,Low
10124,May,Pontiac,Policy Holder,No,No,0.09596495912600243,Low
10125,Feb,Pontiac,Policy Holder,No,No,0.750699138236988,High
10126,Sep,Toyota,Third Party,No,No,0.05618736968366536,Low
10127,Oct,Toyota,Policy Holder,No,No,0.14162645455496053,Low
10128,Oct,Pontiac,Policy Holder,No,No,0.646577792005813,High
10129,Oct,Mazda,Policy Holder,No,No,0.470212857213374,Medium
10130,Dec,Honda,Policy Holder,No,No,0.6265522247701566,High
10131,Apr,Pontiac,Policy Holder,No,No,0.7247314627235364,High
10132,May,Chevrolet,Policy Holder,No,No,0.1512881715989286,Low
10133,May,VW,Policy Holder,No,No,0.27785367111163073,Low
10134,Sep,Pontiac,Policy Holder,Yes,No,0.5625837984761538,Medium
10135,Sep,VW,Policy Holder,No,No,0.17053511441709238,Low
10136,Nov,Honda,Policy Holder,No,No,0.023092339312670598,Low
10137,Dec,Pontiac,Policy Holder,No,No,0.5314568373763048,Medium
10138,Jan,Pontiac,Third Party,No,No,0.04139808185150394,Low
10139,May,Chevrolet,Third Party,No,No,0.05316223739938144,Low
10140,Jun,Toyota,Third Party,No,No,0.06766088660149154,Low
10141,Jun,Honda,Third Party,No,No,0.036763974954717844,Low
10142,Jun,Honda,Policy Holder,No,No,0.6570190583739957,High
10143,Sep,Chevrolet,Policy Holder,No,No,0.09756165860927636,Low
10144,Sep,Pontiac,Policy Holder,No,No,0.5578395144614405,Medium
10145,Aug,Pontiac,Policy Holder,No,No,0.3831780680914058,Medium
10146,Jul,Pontiac,Policy Holder,No,No,0.42298500048934745,Medium
10147,Jun,Toyota,Third Party,No,No,0.08730158322471261,Low
10148,Feb,Accura,Third Party,No,No,0.10901308895751147,Low
10149,Feb,Honda,Third Party,No,No,0.04048981119499985,Low
10150,Feb,Pontiac,Policy Holder,No,No,0.9887021205395525,High
10151,Jun,Pontiac,Policy Holder,No,No,0.10575231986877545,Low
10152,Jun,Honda,Policy Holder,No,No,0.09966570844999258,Low
10153,May,Ford,Policy Holder,No,No,0.8258496409322884,High
10154,Feb,Pontiac,Policy Holder,No,No,0.6778071721750345,High
10155,Apr,Chevrolet,Third Party,No,No,0.04063434478138028,Low
10156,Feb,Pontiac,Policy Holder,No,No,0.6837453008988456,High
10157,Feb,Honda,Policy Holder,No,No,0.8463101011116704,High
10158,Sep,Chevrolet,Policy Holder,No,No,0.5888501999279097,Medium
10159,Sep,Chevrolet,Policy Holder,No,No,0.7266764321062924,High
10160,Jul,Mazda,Policy Holder,No,No,0.06866442527910835,Low
10161,Jul,Honda,Policy Holder,No,No,0.06218730386199731,Low
10162,Apr,Mazda,Policy Holder,No,No,0.46416904836379613,Medium
10163,Mar,Pontiac,Third Party,No,No,0.1352363215609451,Low
10164,Dec,Toyota,Third Party,No,No,0.04781817240830301,Low
10165,Jun,Honda,Third Party,No,No,0.0340480521108435,Low
10166,Aug,Pontiac,Policy Holder,No,No,0.640444788724154,High
10167,Nov,Chevrolet,Policy Holder,No,No,0.479783934817032,Medium
10168,Oct,Pontiac,Policy Holder,No,No,0.6827343940994214,High
10169,Oct,Pontiac,Policy Holder,No,No,0.7764733679236011,High
10170,Feb,Saturn,Third Party,No,No,0.01404275178033021,Low
10171,Sep,Toyota,Policy Holder,No,No,0.6795640615170792,High
10172,Jun,Pontiac,Policy Holder,No,No,0.6219487767412113,High
10173,Feb,Toyota,Third Party,No,No,0.06228845599068427,Low
10174,Feb,Toyota,Third Party,No,No,0.00429394810741641,Low
10175,Feb,Pontiac,Third Party,No,No,0.09571980319229657,Low
10176,Jan,Toyota,Policy Holder,No,No,0.7859983086782644,High
10177,Jan,Pontiac,Policy Holder,No,No,0.7029076266183242,High
10178,Jan,Toyota,Third Party,No,No,0.013256710660114272,Low
10179,Jan,Toyota,Policy Holder,No,No,0.5211871628167051,Medium
10180,Feb,Mazda,Third Party,No,No,0.05927710049840759,Low
10181,Jul,Pontiac,Policy Holder,No,No,0.6509977143077457,High
10182,Dec,Honda,Policy Holder,No,No,0.633695271749175,High
10183,Dec,Pontiac,Policy Holder,No,No,0.6386453689279263,High
10184,Feb,Accura,Policy Holder,No,No,0.7449790180458432,High
10185,Dec,Toyota,Policy Holder,No,No,0.5919152621580509,Medium
10186,Dec,Chevrolet,Third Party,No,No,0.0035970128239928858,Low
10187,Jan,Pontiac,Third Party,No,No,0.08658119505872904,Low
10188,Dec,Mazda,Policy Holder,No,No,0.05564876711823765,Low
10189,Dec,Pontiac,Third Party,No,No,0.03906195613620872,Low
10190,Dec,Pontiac,Third Party,No,No,0.016193488821136783,Low
10191,Mar,Pontiac,Policy Holder,No,No,0.6883031530072871,High
10192,Apr,Mazda,Third Party,No,No,0.05480322974040799,Low
10193,Apr,Chevrolet,Policy Holder,No,No,0.179576961747901,Low
10194,Apr,Honda,Policy Holder,No,No,0.756541863938678,High
10195,Mar,Honda,Third Party,No,No,0.06309201375805058,Low
10196,Apr,Mazda,Policy Holder,No,No,0.7194766941527868,High
10197,Apr,Mazda,Third Party,No,No,0.05898723030839148,Low
10198,Apr,Chevrolet,Policy Holder,No,No,0.10511329504633911,Low
10199,Apr,Pontiac,Policy Holder,No,No,0.7873209501624839,High
10200,Jun,Mazda,Policy Holder,No,No,0.2741309271598883,Low
10201,Jun,Toyota,Policy Holder,No,No,0.7724476600409783,High
10202,Jun,Toyota,Third Party,No,No,0.03769512037657862,Low
10203,Jan,Chevrolet,Third Party,No,No,0.06338042221278747,Low
10204,Jan,Toyota,Policy Holder,No,No,0.7019889517696255,High
10205,Apr,Chevrolet,Policy Holder,No,No,0.5841098477719942,Medium
10206,May,Honda,Policy Holder,No,No,0.8728106196253433,High
10207,May,Honda,Policy Holder,No,No,0.10560975855275759,Low
10208,May,Mazda,Policy Holder,No,No,0.6370232467217836,High
10209,Apr,Mazda,Third Party,No,No,0.03772775491428968,Low
10210,Apr,Pontiac,Policy Holder,No,No,0.7993142345108774,High
10211,May,Pontiac,Policy Holder,No,No,0.2459600010799558,Low
10212,May,Chevrolet,Policy Holder,No,No,0.15626755650918384,Low
10213,Jul,Mazda,Policy Holder,No,No,0.07760742884622064,Low
10214,Jul,Pontiac,Third Party,No,No,0.030514879084465842,Low
10215,Nov,Pontiac,Policy Holder,No,No,0.6886945943073075,High
10216,Oct,Pontiac,Policy Holder,No,No,0.5863108211453916,Medium
10217,Dec,Ford,Policy Holder,No,No,0.6086217561321013,High
10218,Dec,Toyota,Policy Holder,No,No,0.5684991081909805,Medium
10219,Dec,Honda,Third Party,No,No,0.03913457803102935,Low
10220,Jun,Honda,Policy Holder,No,No,0.07832058286633245,Low
10221,Jun,Toyota,Policy Holder,No,No,0.11679199284960626,Low
10222,May,Pontiac,Policy Holder,No,No,0.6044992236719908,High
10223,Feb,Honda,Policy Holder,No,No,0.8943818541867136,High
10224,Feb,Pontiac,Policy Holder,No,No,0.7760847650021614,High
10225,Sep,Mazda,Third Party,No,No,0.029879938225064552,Low
10226,Feb,Mazda,Third Party,No,No,0.08880153839228135,Low
10227,Sep,Pontiac,Third Party,No,No,0.032907033093245774,Low
10228,Mar,Toyota,Policy Holder,No,No,0.6320142036681123,High
10229,Mar,Honda,Policy Holder,No,No,0.7524914850854793,High
10230,Feb,Toyota,Policy Holder,No,No,0.6668481954248645,High
10231,Apr,Toyota,Policy Holder,No,No,0.718187873556972,High
10232,Mar,Mazda,Third Party,No,No,0.04574294411143502,Low
10233,Aug,Ford,Policy Holder,No,No,0.20130161700830304,Low
10234,Jul,Toyota,Policy Holder,No,No,0.055796377814264664,Low
10235,Sep,Pontiac,Policy Holder,No,No,0.0704646565642061,Low
10236,Oct,Pontiac,Policy Holder,No,No,0.10711230941935083,Low
10237,Oct,Toyota,Third Party,No,No,0.05580343165869524,Low
10238,Sep,Pontiac,Third Party,No,Yes,0.04260642760364202,Low
10239,Dec,Chevrolet,Policy Holder,No,No,0.07689648267225559,Low
10240,Dec,Pontiac,Third Party,No,No,0.04914653413637578,Low
10241,May,Toyota,Policy Holder,No,No,0.34305407861620973,Medium
10242,Oct,Toyota,Policy Holder,No,No,0.6083871381838968,High
10243,Oct,Accura,Policy Holder,No,No,0.15412674904226423,Low
10244,Oct,Toyota,Third Party,No,No,0.0036014355449379754,Low
10245,Nov,Chevrolet,Third Party,No,No,0.03255354753325776,Low
10246,Aug,Chevrolet,Third Party,Yes,No,0.022326739287579608,Low
10247,Feb,Honda,Third Party,No,No,0.044027420088256185,Low
10248,Feb,Mazda,Policy Holder,No,No,0.5923421881320401,Medium
10249,Feb,Pontiac,Third Party,No,No,0.033091249677501364,Low
10250,Apr,Pontiac,Policy Holder,Yes,No,0.06486310864573717,Low
10251,Apr,Pontiac,Policy Holder,No,No,0.14981166828777387,Low
10252,Feb,Pontiac,Third Party,No,No,0.7598759607458764,High
10253,Oct,Accura,Policy Holder,Yes,No,0.8241800909295199,High
10254,Sep,Toyota,Policy Holder,No,No,0.5211320371876603,Medium
10255,Feb,Pontiac,Policy Holder,No,No,0.6318521799433376,High
10256,Jan,Honda,Policy Holder,No,No,0.452796791305278,Medium
10257,Jan,Pontiac,Policy Holder,No,No,0.08629893946626963,Low
10258,Dec,Mazda,Policy Holder,No,No,0.5273361900618987,Medium
10259,Oct,Pontiac,Policy Holder,No,No,0.8127251451531848,High
10260,Feb,Toyota,Policy Holder,No,No,0.6336072133167312,High
10261,Feb,Pontiac,Policy Holder,No,No,0.7202629119196978,High
10262,Aug,Toyota,Third Party,No,No,0.09452834527063292,Low
10263,Jul,Toyota,Policy Holder,No,No,0.4986777048370328,Medium
10264,Jan,Mazda,Policy Holder,No,No,0.10593394249481278,Low
10265,Jan,Mazda,Third Party,No,No,0.04914489892802458,Low
10266,Jan,Pontiac,Policy Holder,No,No,0.6415896076021124,High
10267,Jan,Chevrolet,Policy Holder,No,No,0.07611617263812587,Low
10268,Jan,Mazda,Third Party,No,No,0.00319997780560409,Low
10269,Jan,Honda,Policy Holder,No,No,0.15167394783002638,Low
10270,Mar,Chevrolet,Policy Holder,No,No,0.6739227816263704,High
10271,Feb,Honda,Third Party,No,No,0.05586518016961532,Low
10272,Jul,Accura,Policy Holder,No,No,0.8008653847775034,High
10273,Jun,Pontiac,Policy Holder,No,No,0.7506259063805276,High
10274,Apr,Pontiac,Policy Holder,No,No,0.6935235658296159,High
10275,Jan,Pontiac,Third Party,No,No,0.05629166508914085,Low
10276,Aug,Chevrolet,Third Party,No,No,0.005585007866988828,Low
10277,Aug,Honda,Policy Holder,No,No,0.2285985141290169,Low
10278,Oct,Toyota,Third Party,No,No,0.038595261695227735,Low
10279,Feb,Pontiac,Third Party,No,No,0.0333657969020128,Low
10280,Apr,Ford,Policy Holder,No,No,0.717065869287629,High
10281,Jul,VW,Policy Holder,No,No,0.023594104894576813,Low
10282,Aug,Honda,Third Party,No,No,0.06989522757169096,Low
10283,Jan,Pontiac,Policy Holder,No,No,0.6754717532870184,High
10284,Feb,Pontiac,Third Party,Yes,No,0.10185566857830908,Low
10285,Feb,Honda,Third Party,No,No,0.003521108613190741,Low
10286,Feb,Accura,Third Party,No,No,0.06722268667388323,Low
10287,Aug,Chevrolet,Policy Holder,No,No,0.058787968638714196,Low
10288,Feb,Pontiac,Third Party,No,No,0.05399985333910112,Low
10289,Feb,Honda,Policy Holder,No,No,0.7007585435141945,High
10290,May,Mazda,Policy Holder,No,No,0.4612271133928256,Medium
10291,Jan,Pontiac,Policy Holder,No,No,0.687338693660992,High
10292,Feb,Mazda,Policy Holder,No,No,0.6986916662491588,High
10293,Jan,Pontiac,Third Party,No,No,0.04608374676304297,Low
10294,Jan,Honda,Policy Holder,No,No,0.08204803500545443,Low
10295,Jan,Honda,Policy Holder,No,No,0.0810924138298169,Low
10296,Jan,Honda,Policy Holder,No,No,0.09228841619569168,Low
10297,Dec,Mazda,Policy Holder,No,No,0.06441242493826968,Low
10298,Dec,Toyota,Policy Holder,No,No,0.061191974971793295,Low
10299,Nov,Honda,Third Party,No,No,0.039638055225733555,Low
10300,Sep,Honda,Third Party,No,No,0.03627586896972836,Low
10301,Sep,Pontiac,Policy Holder,No,No,0.6940431670562635,High
10302,Sep,Saab,Policy Holder,No,No,0.15841514550854432,Low
10303,Jul,Pontiac,Policy Holder,No,No,0.7238070694886642,High
10304,Jun,Pontiac,Policy Holder,No,No,0.6315883590596789,High
10305,Feb,Honda,Policy Holder,No,No,0.16873114265413772,Low
10306,Dec,Pontiac,Policy Holder,No,Yes,0.6081481883232214,High
10307,Jun,Honda,Policy Holder,No,No,0.7554647816848267,High
10308,Nov,Toyota,Policy Holder,No,No,0.48163055552892625,Medium
10309,Jun,Chevrolet,Policy Holder,No,No,0.1134985783699623,Low
10310,Jun,Toyota,Policy Holder,No,No,0.6913473925032123,High
10311,Jun,Honda,Policy Holder,Yes,No,0.5339206023092109,Medium
10312,Jun,Pontiac,Third Party,No,No,0.0035418970356411524,Low
10313,May,Honda,Policy Holder,No,No,0.5692759774770341,Medium
10314,Apr,Honda,Policy Holder,No,No,0.6073765649938601,High
10315,Apr,Honda,Policy Holder,No,No,0.5504393137408092,Medium
10316,Dec,Chevrolet,Policy Holder,No,No,0.10277486234592778,Low
10317,Sep,Chevrolet,Third Party,No,No,0.036240986840746205,Low
10318,Aug,Toyota,Policy Holder,No,No,0.5510222090257498,Medium
10319,Feb,Pontiac,Third Party,No,No,0.06690058533598973,Low
10320,Jun,Chevrolet,Third Party,No,No,0.00394820600849987,Low
10321,Jun,Honda,Policy Holder,No,No,0.4284220610090292,Medium
10322,May,Toyota,Policy Holder,No,No,0.1334803280762423,Low
10323,Apr,Chevrolet,Policy Holder,No,No,0.140974333668848,Low
10324,Mar,Pontiac,Third Party,No,No,0.0823289145000648,Low
10325,Feb,Honda,Third Party,No,No,0.07382906346158977,Low
10326,May,Honda,Third Party,No,No,0.12768566545392765,Low
10327,Feb,Chevrolet,Third Party,No,No,0.03243120958701679,Low
10328,Nov,Honda,Third Party,No,No,0.0014849650485986622,Low
10329,Oct,Honda,Policy Holder,No,No,0.07057068803571179,Low
10330,Apr,Toyota,Policy Holder,No,No,0.5914838429756977,Medium
10331,Apr,Pontiac,Policy Holder,No,No,0.6970177873940749,High
10332,Feb,Chevrolet,Policy Holder,No,No,0.6080658088695369,High
10333,Feb,Honda,Policy Holder,No,No,0.08176492604542647,Low
10334,Feb,Toyota,Policy Holder,No,No,0.13175622596919445,Low
10335,Feb,Honda,Policy Holder,No,No,0.5613220779629805,Medium
10336,Feb,Honda,Policy Holder,No,No,0.7151513967023571,High
10337,Nov,Toyota,Third Party,No,No,0.038786328450275104,Low
10338,Mar,Chevrolet,Third Party,No,No,0.038446802912214105,Low
10339,Mar,Honda,Third Party,No,No,0.0028205600649248356,Low
10340,Feb,Honda,Policy Holder,Yes,No,0.6858552812788538,High
10341,Jun,Honda,Policy Holder,No,No,0.6552181593798403,High
10342,Jun,Mazda,Third Party,No,No,0.03263843691070647,Low
10343,Mar,Honda,Third Party,No,No,0.05431383618556567,Low
10344,Feb,Toyota,Policy Holder,No,No,0.5737643997164973,Medium
10345,Mar,Mazda,Policy Holder,No,No,0.058513685052900895,Low
10346,Feb,Pontiac,Policy Holder,No,No,0.5892841508013121,Medium
10347,Feb,Pontiac,Policy Holder,Yes,No,0.6466700363114116,High
10348,Feb,Pontiac,Policy Holder,No,No,0.09756909623812374,Low
10349,Feb,Chevrolet,Policy Holder,No,No,0.08395756108239508,Low
10350,Feb,Chevrolet,Policy Holder,No,No,0.7038115137616558,High
10351,Feb,Mazda,Policy Holder,No,No,0.12564842493690276,Low
10352,Feb,Saturn,Policy Holder,No,No,0.157375847360675,Low
10353,Feb,Honda,Policy Holder,No,No,0.6314416419570293,High
10354,Jan,Pontiac,Policy Holder,No,No,0.8114139727738868,High
10355,Jan,Chevrolet,Third Party,No,No,0.07030261982707747,Low
10356,Jan,Toyota,Policy Holder,No,No,0.7738851033294943,High
10357,Mar,Mazda,Policy Holder,No,No,0.65297228745976,High
10358,Feb,Mercury,Policy Holder,No,No,0.2123060027320283,Low
10359,Mar,Pontiac,Policy Holder,No,No,0.11923785015393205,Low
10360,Jan,Pontiac,Policy Holder,No,No,0.5111181215014079,Medium
10361,Jan,Pontiac,Policy Holder,No,No,0.12321239038573356,Low
10362,Jan,Pontiac,Third Party,No,No,0.022156293515907907,Low
10363,Jan,Pontiac,Policy Holder,No,No,0.0973691182127207,Low
10364,Jan,Chevrolet,Policy Holder,No,No,0.16843699339176404,Low
10365,Jan,Pontiac,Policy Holder,No,No,0.13333116575057608,Low
10366,Jan,Mazda,Policy Holder,No,No,0.08280216729084482,Low
10367,Dec,Pontiac,Policy Holder,No,No,0.1030928171576718,Low
10368,Nov,Pontiac,Policy Holder,No,No,0.5154660963803382,Medium
10369,Nov,Honda,Policy Holder,Yes,No,0.08706056025129844,Low
10370,Nov,Honda,Policy Holder,No,No,0.44331583886881276,Medium
10371,Dec,Honda,Third Party,No,No,0.001306200606092469,Low
10372,Dec,Pontiac,Policy Holder,No,No,0.6574470492101342,High
10373,Dec,Pontiac,Third Party,No,No,0.001982680011705696,Low
10374,Dec,Mazda,Policy Holder,No,No,0.13455785111428062,Low
10375,Dec,Mazda,Policy Holder,No,No,0.1680525053488146,Low
10376,Dec,Pontiac,Policy Holder,No,No,0.09888908196433925,Low
10377,Dec,Mazda,Policy Holder,No,No,0.544955445913532,Medium
10378,Dec,Honda,Third Party,No,No,0.003984188017808026,Low
10379,Jan,Mazda,Third Party,No,No,0.04627432505163702,Low
10380,Jan,Pontiac,Policy Holder,No,No,0.15844662249058458,Low
10381,Jan,Honda,Policy Holder,No,No,0.8178524428696914,High
10382,Jan,Toyota,Third Party,No,No,0.06584898726531616,Low
10383,Jan,Pontiac,Policy Holder,No,No,0.11839792842321803,Low
10384,Jan,Mazda,Third Party,No,No,0.002553524306054491,Low
10385,Feb,Honda,Policy Holder,No,No,0.9400914283268988,High
10386,Jan,Honda,Policy Holder,No,No,0.8449746060850392,High
10387,Jan,Mazda,Policy Holder,No,No,0.10386263141998273,Low
10388,Jan,Toyota,Policy Holder,No,No,0.687577111589787,High
10389,Feb,Mazda,Policy Holder,No,No,0.7827549245019967,High
10390,Jan,Honda,Policy Holder,No,No,0.07993043720654971,Low
10391,Jan,Toyota,Policy Holder,No,No,0.12912520358483948,Low
10392,Jan,Honda,Policy Holder,No,No,0.4951965604317769,Medium
10393,Feb,Mazda,Policy Holder,No,No,0.6875751834011462,High
10394,Jan,Honda,Policy Holder,No,No,0.6695870200729472,High
10395,Jan,Pontiac,Policy Holder,No,No,0.6302009558819512,High
10396,Jan,Mazda,Policy Holder,No,No,0.5989443887011079,Medium
10397,Jan,Honda,Third Party,No,No,0.002641814598069855,Low
10398,Jan,Toyota,Policy Holder,No,No,0.1541549666491854,Low
10399,Jan,Chevrolet,Policy Holder,No,No,0.4715819100610491,Medium
10400,Jan,Saab,Third Party,No,No,0.06904989779067701,Low
10401,Jan,Toyota,Policy Holder,No,No,0.6864020909763854,High
10402,Jan,Pontiac,Third Party,No,No,0.0029322682704236774,Low
10403,Jan,Toyota,Third Party,No,No,0.06440851706484782,Low
10404,Jan,Pontiac,Third Party,No,No,0.004730042897064245,Low
10405,Jan,Accura,Policy Holder,No,No,0.9849702820501455,High
10406,Feb,Toyota,Third Party,No,No,0.057732751694953975,Low
10407,Feb,Accura,Policy Holder,No,No,0.17208584437936494,Low
10408,Feb,Saturn,Policy Holder,No,No,0.8027903436833673,High
10409,Feb,Ford,Third Party,No,No,0.06485771019530245,Low
10410,Feb,Honda,Third Party,No,No,0.02467022359868268,Low
10411,Feb,Toyota,Policy Holder,No,No,0.6861467858403417,High
10412,Feb,Toyota,Third Party,No,No,0.002819533111631941,Low
10413,Feb,Honda,Policy Holder,No,No,0.7379191065532495,High
10414,Feb,Chevrolet,Policy Holder,No,No,0.5789879191531405,Medium
10415,Feb,Mazda,Policy Holder,No,No,0.9281790774389193,High
10416,Mar,Pontiac,Policy Holder,No,No,0.6551344465101777,High
10417,Mar,Mazda,Policy Holder,No,No,0.12240282297818524,Low
10418,Dec,Toyota,Third Party,No,No,0.0011002556914991683,Low
10419,Dec,Accura,Policy Holder,No,No,0.7826814051908942,High
10420,Dec,Toyota,Policy Holder,No,No,0.5353822911218991,Medium
10421,Jan,Toyota,Policy Holder,No,No,0.7920912981726916,High
10422,Jan,Honda,Policy Holder,No,No,0.6444318081642643,High
10423,Jan,Chevrolet,Policy Holder,No,No,0.13208235489356845,Low
10424,Jan,Honda,Third Party,No,No,0.04346350908846868,Low
10425,Jan,Toyota,Third Party,No,No,0.0349397804757136,Low
10426,Jan,Pontiac,Policy Holder,No,No,0.6014552780334498,High
10427,Jan,Pontiac,Policy Holder,No,No,0.10054839240786323,Low
10428,Jan,Honda,Third Party,No,No,0.030702149247440212,Low
10429,Jan,Ford,Policy Holder,No,No,0.2543426688076036,Low
10430,Jan,Chevrolet,Policy Holder,No,No,0.7264780077109539,High
10431,Jan,Toyota,Policy Holder,No,No,0.7809956460847777,High
10432,Jan,Pontiac,Third Party,No,No,0.04861196568473426,Low
10433,Jan,Pontiac,Policy Holder,No,No,0.6912916473338357,High
10434,Jan,Mazda,Third Party,No,No,0.03446432442725163,Low
10435,Jan,Honda,Policy Holder,No,No,0.10235863981798914,Low
10436,Jan,Chevrolet,Third Party,No,No,0.003362047071156116,Low
10437,Jan,Pontiac,Policy Holder,No,No,0.5738706688566481,Medium
10438,Jan,Toyota,Policy Holder,No,No,0.6540489777359172,High
10439,Jan,Mazda,Policy Holder,No,No,0.6359797377223948,High
10440,Mar,Pontiac,Policy Holder,No,No,0.5702579370325881,Medium
10441,Mar,Toyota,Third Party,No,No,0.05228635901005792,Low
10442,Mar,Mazda,Policy Holder,No,No,0.6056377576304716,High
10443,Mar,Mazda,Policy Holder,No,No,0.6264108063443853,High
10444,Feb,Pontiac,Third Party,No,No,0.06626919485115965,Low
10445,Feb,Toyota,Policy Holder,No,No,0.7585793839714585,High
10446,Feb,Pontiac,Policy Holder,No,No,0.5188574505719963,Medium
10447,Mar,Toyota,Policy Holder,No,No,0.736454743188341,High
10448,Mar,Saab,Policy Holder,No,No,0.8544460786501809,High
10449,Mar,Pontiac,Third Party,No,No,0.0031972015870629857,Low
10450,Jun,Pontiac,Third Party,No,No,0.06377640183258192,Low
10451,Oct,Mazda,Policy Holder,No,No,0.060275860060417526,Low
10452,Oct,Chevrolet,Policy Holder,No,No,0.31156685959338337,Medium
10453,Oct,Ford,Policy Holder,No,No,0.6844638429125423,High
10454,Aug,VW,Policy Holder,No,No,0.41147574407099485,Medium
10455,Jun,Pontiac,Policy Holder,No,No,0.570043812756957,Medium
10456,May,Accura,Policy Holder,No,No,0.9975521160005582,High
10457,May,Toyota,Policy Holder,No,No,0.8287642001818674,High
10458,Apr,Toyota,Policy Holder,No,No,0.1273196034735757,Low
10459,Mar,Pontiac,Third Party,No,No,0.027224708594543085,Low
10460,Mar,Mazda,Third Party,No,No,0.03987080975825895,Low
10461,Mar,Honda,Policy Holder,No,No,0.16980649297796213,Low
10462,Mar,Toyota,Policy Holder,No,No,0.2067203262290666,Low
10463,Mar,Mazda,Policy Holder,No,No,0.17220257434507946,Low
10464,Feb,Chevrolet,Third Party,No,No,0.04126964639584875,Low
10465,Feb,Saab,Policy Holder,No,Yes,0.7172784939947705,High
10466,Mar,Pontiac,Policy Holder,No,No,0.151654116675082,Low
10467,Feb,Toyota,Policy Holder,No,No,0.6827180280276116,High
10468,Feb,Toyota,Third Party,No,No,0.04820776531290328,Low
10469,Feb,Chevrolet,Policy Holder,No,No,0.6135706305438974,High
10470,Feb,Honda,Policy Holder,No,No,0.0987115267952284,Low
10471,Feb,Mazda,Policy Holder,No,No,0.5771850012781655,Medium
10472,Feb,Toyota,Policy Holder,No,No,0.4894962061149375,Medium
10473,Feb,Honda,Policy Holder,No,No,0.0959358552122043,Low
10474,Feb,Mazda,Third Party,No,No,0.07434534324840057,Low
10475,Feb,Honda,Policy Holder,No,No,0.10733289489013514,Low
10476,Jan,Chevrolet,Third Party,No,No,0.031116070610549263,Low
10477,Jan,Mazda,Policy Holder,No,No,0.6915284481922293,High
10478,Jan,Pontiac,Policy Holder,No,No,0.06646400855781458,Low
10479,Jan,Pontiac,Policy Holder,No,No,0.15573510301029447,Low
10480,Jan,Honda,Third Party,No,No,0.03554597576729587,Low
10481,Dec,Mazda,Policy Holder,No,No,0.0410072287672804,Low
10482,Oct,Toyota,Policy Holder,No,No,0.7883707459472213,High
10483,Sep,Honda,Policy Holder,No,No,0.6496875961755073,High
10484,Jul,Pontiac,Policy Holder,No,No,0.5363968989330474,Medium
10485,Mar,Mazda,Policy Holder,No,No,0.20717197911061322,Low
10486,Mar,Honda,Policy Holder,No,No,0.7786900710753826,High
10487,Mar,Accura,Policy Holder,No,No,0.7891945847707132,High
10488,Mar,Pontiac,Third Party,No,No,0.13473464100215216,Low
10489,Feb,Mazda,Policy Holder,No,No,0.6297926501726319,High
10490,Feb,Pontiac,Policy Holder,No,No,0.08959676155712418,Low
10491,Feb,Toyota,Third Party,No,No,0.045720445328388225,Low
10492,Feb,Honda,Third Party,No,No,0.07549321505085654,Low
10493,Feb,Pontiac,Policy Holder,No,No,0.82830764563094,High
10494,Feb,Chevrolet,Third Party,No,No,0.03941857967663929,Low
10495,Feb,Mazda,Third Party,No,No,0.03528763321627642,Low
10496,Feb,Pontiac,Third Party,No,No,0.002236096347954493,Low
10497,Feb,Toyota,Policy Holder,No,No,0.8072261697134113,High
10498,Feb,Toyota,Policy Holder,No,No,0.7277755370990239,High
10499,Jan,Honda,Third Party,No,No,0.003924720364177964,Low
10500,Jan,Honda,Policy Holder,No,No,0.13608691023935782,Low
10501,Jan,Honda,Third Party,No,No,0.026197568265195738,Low
10502,Jan,Honda,Third Party,No,No,0.050171300016512294,Low
10503,Jan,Saab,Third Party,No,No,0.05352440089796075,Low
10504,Jan,Chevrolet,Third Party,No,No,0.10603749982830832,Low
10505,Jan,VW,Policy Holder,No,No,0.28306658776654925,Low
10506,Jan,Pontiac,Policy Holder,No,No,0.4930943435534906,Medium
10507,Jan,Toyota,Policy Holder,No,No,0.9909777611028843,High
10508,Dec,Pontiac,Policy Holder,No,No,0.5843428495499687,Medium
10509,Nov,Pontiac,Policy Holder,No,No,0.4243638836769294,Medium
10510,Mar,Honda,Policy Holder,No,No,0.8522342447022561,High
10511,Mar,Pontiac,Policy Holder,No,No,0.6596618420590799,High
10512,Feb,Mazda,Policy Holder,No,No,0.5234818121124805,Medium
10513,Mar,Chevrolet,Policy Holder,No,No,0.7991904522711741,High
10514,Mar,Honda,Policy Holder,No,No,0.5290149373029808,Medium
10515,Feb,Ford,Third Party,No,No,0.06171132476883194,Low
10516,Feb,Pontiac,Policy Holder,No,No,0.1294356403626685,Low
10517,Apr,Pontiac,Policy Holder,No,No,0.29939689706140904,Low
10518,Apr,Chevrolet,Policy Holder,No,No,0.11443574783366739,Low
10519,Jun,Mazda,Third Party,No,No,0.18299258397116228,Low
10520,Jun,Honda,Policy Holder,No,No,0.6219233853048057,High
10521,Mar,Mazda,Policy Holder,No,No,0.821275210709284,High
10522,Jun,Pontiac,Policy Holder,No,No,0.4655073029445618,Medium
10523,Jun,Toyota,Third Party,No,No,0.10320756967253839,Low
10524,Oct,Ford,Policy Holder,No,No,0.11313891301110127,Low
10525,Oct,Chevrolet,Policy Holder,No,No,0.09867514208323683,Low
10526,Nov,Chevrolet,Policy Holder,Yes,No,0.5611423131794144,Medium
10527,Oct,Pontiac,Policy Holder,No,No,0.6556904666985939,High
10528,Jun,Honda,Policy Holder,No,No,0.7435624021646249,High
10529,Jul,Accura,Policy Holder,No,No,0.8333928894224779,High
10530,Mar,Pontiac,Policy Holder,No,No,0.09765801787869763,Low
10531,Aug,Pontiac,Policy Holder,No,No,0.6091773378043054,High
10532,Aug,Pontiac,Third Party,No,No,0.06471268943242948,Low
10533,Nov,Chevrolet,Policy Holder,No,No,0.47498430061965524,Medium
10534,Nov,Honda,Policy Holder,No,No,0.03255131619505272,Low
10535,Mar,Honda,Policy Holder,No,No,0.6664951098558758,High
10536,Mar,Mazda,Policy Holder,No,No,0.63694761372114,High
10537,May,Chevrolet,Policy Holder,No,No,0.22783894730483506,Low
10538,Apr,Mazda,Policy Holder,No,No,0.13135563526669655,Low
10539,May,VW,Policy Holder,No,No,0.025171495539259625,Low
10540,May,Honda,Policy Holder,No,No,0.23249223783537495,Low
10541,Jul,Honda,Policy Holder,No,No,0.7232717259914249,High
10542,Jun,Honda,Policy Holder,No,No,0.8761133754812325,High
10543,Sep,Pontiac,Policy Holder,No,No,0.5377964645693164,Medium
10544,Sep,Pontiac,Third Party,No,No,0.003644625035766424,Low
10545,Nov,Toyota,Policy Holder,No,No,0.49166127287567984,Medium
10546,Oct,Accura,Policy Holder,No,No,0.8286421968047897,High
10547,Oct,Toyota,Policy Holder,No,No,0.16970370282737338,Low
10548,Dec,Ford,Third Party,No,No,0.003343116257548511,Low
10549,May,Mazda,Policy Holder,No,No,0.08605790586013778,Low
10550,Jul,Honda,Policy Holder,No,No,0.37756376224454286,Medium
10551,Jun,Mazda,Third Party,No,No,0.003203132278257967,Low
10552,Sep,Pontiac,Third Party,No,No,0.0750891636628359,Low
10553,Aug,Mazda,Policy Holder,No,No,0.6759726690195036,High
10554,Dec,Ford,Third Party,No,No,0.04043012279055675,Low
10555,Mar,Toyota,Third Party,No,No,0.09273856066284011,Low
10556,Feb,Pontiac,Policy Holder,No,No,0.859571798671195,High
10557,Mar,VW,Policy Holder,No,No,0.5126896280888231,Medium
10558,Jul,Pontiac,Third Party,No,No,0.6784207404450274,High
10559,Jul,Mazda,Policy Holder,No,No,0.13063668703565437,Low
10560,Sep,Honda,Policy Holder,No,No,0.6876718974624023,High
10561,Sep,Chevrolet,Policy Holder,No,No,0.7632068190461098,High
10562,Dec,Pontiac,Policy Holder,No,No,0.6326125818458053,High
10563,May,Mazda,Third Party,No,No,0.0009208285480565157,Low
10564,May,Pontiac,Third Party,No,No,0.057317850286288816,Low
10565,May,Pontiac,Policy Holder,No,No,0.6653542252521257,High
10566,Aug,Honda,Third Party,No,No,0.04202838700511218,Low
10567,Aug,Honda,Third Party,No,No,0.04557280567167093,Low
10568,Jul,Honda,Third Party,No,No,0.06034589124926668,Low
10569,Aug,Honda,Policy Holder,Yes,No,0.68567067175453,High
10570,Mar,Mazda,Third Party,No,No,0.1588423186836336,Low
10571,Mar,Honda,Policy Holder,No,No,0.025675979649683076,Low
10572,Oct,Chevrolet,Policy Holder,No,No,0.7751660512704294,High
10573,Oct,Ford,Third Party,No,No,0.1285103884285571,Low
10574,Nov,Honda,Policy Holder,No,No,0.6463238887982196,High
10575,Mar,Toyota,Third Party,No,No,0.10546581744314819,Low
10576,Oct,Toyota,Third Party,No,No,0.00403424577949298,Low
10577,Oct,Mazda,Policy Holder,No,No,0.4773524953144873,Medium
10578,Dec,Pontiac,Policy Holder,No,No,0.5343783012842237,Medium
10579,Dec,Honda,Third Party,No,No,0.13117005938502677,Low
10580,Oct,Mazda,Third Party,No,No,0.003005703413728639,Low
10581,Oct,Pontiac,Third Party,No,No,0.010174371582856613,Low
10582,Jun,Chevrolet,Policy Holder,No,No,0.11774892086153094,Low
10583,Jul,Mazda,Third Party,No,No,0.0014947015058116037,Low
10584,Mar,Honda,Third Party,No,No,0.04899630016066882,Low
10585,Apr,Honda,Third Party,No,No,0.050430616294486086,Low
10586,Sep,Toyota,Policy Holder,No,No,0.47575949929087813,Medium
10587,Jun,Honda,Policy Holder,No,No,0.1165702880998321,Low
10588,Apr,Toyota,Policy Holder,No,No,0.7182803375526772,High
10589,Jul,Mercury,Policy Holder,No,No,0.705720348061783,High
10590,Jul,Accura,Policy Holder,No,No,0.09469490385941891,Low
10591,Mar,Honda,Third Party,No,No,0.04246400398575431,Low
10592,Mar,Honda,Policy Holder,No,No,0.20471663500944104,Low
10593,Nov,Chevrolet,Policy Holder,No,No,0.03582662690351827,Low
10594,May,Honda,Policy Holder,No,No,0.6310998283649413,High
10595,Apr,Toyota,Policy Holder,No,No,0.1532496763012448,Low
10596,Sep,Toyota,Third Party,No,No,0.04893032108612112,Low
10597,Sep,Honda,Policy Holder,No,No,0.6658532312766466,High
10598,Sep,Mazda,Policy Holder,No,No,0.673487540784355,High
10599,Sep,Toyota,Third Party,No,No,0.10592183012879781,Low
10600,Aug,Mazda,Third Party,No,No,0.053138761177894976,Low
10601,Jun,Chevrolet,Policy Holder,No,No,0.5910426535950253,Medium
10602,Mar,Toyota,Policy Holder,No,No,0.17083006685413293,Low
10603,May,Pontiac,Policy Holder,No,No,0.6980033890208445,High
10604,May,Honda,Policy Holder,No,No,0.8380075233489837,High
10605,Aug,Pontiac,Policy Holder,No,No,0.7808326591654478,High
10606,Apr,Honda,Policy Holder,No,No,0.8041469924010184,High
10607,Mar,Chevrolet,Policy Holder,No,No,0.22901526323440913,Low
10608,Mar,Pontiac,Policy Holder,No,No,0.15750686586073567,Low
10609,Nov,Pontiac,Policy Holder,No,No,0.9682241832069599,High
10610,Aug,Toyota,Policy Holder,No,No,0.10252939838069716,Low
10611,Jul,Toyota,Policy Holder,No,No,0.12583992019684145,Low
10612,Mar,Pontiac,Third Party,No,No,0.06888452110715748,Low
10613,Jun,Honda,Policy Holder,No,No,0.02293390688426319,Low
10614,Jun,Pontiac,Policy Holder,No,No,0.10032017131365531,Low
10615,Jun,Honda,Third Party,No,No,0.00274001470201447,Low
10616,May,Honda,Policy Holder,No,No,0.7351869078999441,High
10617,Apr,Honda,Third Party,No,No,0.030090188747603518,Low
10618,Mar,Ford,Third Party,No,No,0.10178954708186044,Low
10619,Mar,Mazda,Policy Holder,No,No,0.0976690835632679,Low
10620,Apr,VW,Policy Holder,No,No,0.2688808958716709,Low
10621,Apr,VW,Third Party,No,No,0.021662024062989758,Low
10622,Apr,Pontiac,Policy Holder,No,No,0.6879139232681007,High
10623,Mar,Mazda,Policy Holder,No,No,0.16277179980259976,Low
10624,Apr,Chevrolet,Third Party,No,No,0.044971440511290484,Low
10625,Mar,Mazda,Third Party,No,No,0.08202070075547048,Low
10626,Mar,Toyota,Third Party,No,No,0.07647456688388082,Low
10627,Nov,Mazda,Policy Holder,No,No,0.035377060206488946,Low
10628,Dec,Pontiac,Third Party,No,No,0.0023770127167210627,Low
10629,Jan,Chevrolet,Policy Holder,No,No,0.11303614493839223,Low
10630,Mar,Toyota,Policy Holder,No,No,0.5944114839992962,Medium
10631,Jan,Chevrolet,Policy Holder,No,No,0.14917409202163268,Low
10632,Feb,Toyota,Policy Holder,No,No,0.12523924458890137,Low
10633,Feb,Chevrolet,Policy Holder,No,No,0.1109984365480041,Low
10634,Feb,Pontiac,Policy Holder,No,No,0.6284153237124159,High
10635,Feb,Toyota,Third Party,No,No,0.0045740627889033205,Low
10636,Feb,Honda,Policy Holder,No,No,0.7346112045336733,High
10637,Feb,Mazda,Policy Holder,No,No,0.11709889150706985,Low
10638,Feb,Pontiac,Policy Holder,No,No,0.08097253636753952,Low
10639,Feb,Toyota,Policy Holder,No,No,0.7376617762143298,High
10640,Mar,Pontiac,Policy Holder,No,No,0.12765280543352764,Low
10641,Mar,Chevrolet,Third Party,No,No,0.009131194582851753,Low
10642,Mar,Mazda,Policy Holder,No,No,0.14660382168132868,Low
10643,Mar,Honda,Policy Holder,No,No,0.5700641148933395,Medium
10644,Mar,Pontiac,Policy Holder,No,No,0.571908932489693,Medium
10645,Mar,Honda,Policy Holder,No,No,0.08637590960917842,Low
10646,Apr,Honda,Policy Holder,No,No,0.1149786707579824,Low
10647,Apr,Pontiac,Policy Holder,No,No,0.10545956005833486,Low
10648,Apr,Chevrolet,Policy Holder,No,No,0.14914370864606838,Low
10649,Apr,Pontiac,Third Party,No,No,0.02448310484748646,Low
10650,Apr,Mazda,Policy Holder,No,No,0.7576787861991929,High
10651,Apr,Ford,Third Party,No,No,0.043122295786735314,Low
10652,May,Chevrolet,Policy Holder,Yes,No,0.847282264950256,High
10653,May,Pontiac,Third Party,No,No,0.0824947111755567,Low
10654,May,Accura,Policy Holder,No,No,0.8526146213206327,High
10655,Mar,Chevrolet,Third Party,No,No,0.06877072646965467,Low
10656,Jun,Honda,Policy Holder,No,No,0.5410302652228349,Medium
10657,Sep,Mazda,Policy Holder,Yes,No,0.45112224662757555,Medium
10658,Sep,Chevrolet,Policy Holder,No,No,0.5735509843238495,Medium
10659,Oct,Pontiac,Policy Holder,No,No,0.1051571715263253,Low
10660,Oct,Mazda,Policy Holder,No,No,0.7842317872598521,High
10661,Nov,Chevrolet,Policy Holder,No,No,0.09087313195026088,Low
10662,Jan,Pontiac,Policy Holder,No,No,0.575772896802589,Medium
10663,Feb,Honda,Policy Holder,No,No,0.07944890611468117,Low
10664,Feb,Toyota,Policy Holder,No,No,0.14480246816180037,Low
10665,Feb,Pontiac,Policy Holder,No,No,0.13714374297679774,Low
10666,Feb,Toyota,Third Party,No,No,0.002809919775966491,Low
10667,Feb,Toyota,Policy Holder,No,No,0.20314182645976905,Low
10668,Mar,Honda,Policy Holder,No,No,0.8768245070295997,High
10669,Feb,Mazda,Policy Holder,No,No,0.06909297256987673,Low
10670,Feb,Accura,Policy Holder,No,No,0.7371178934881281,High
10671,Mar,Honda,Policy Holder,No,No,0.6000140580224581,High
10672,Mar,Saturn,Policy Holder,No,No,0.8459327039033977,High
10673,Mar,Mazda,Policy Holder,No,No,0.700526426279472,High
10674,Mar,Chevrolet,Policy Holder,No,No,0.7922623468725368,High
10675,Mar,Mazda,Policy Holder,No,No,0.2248582368360023,Low
10676,Apr,Honda,Policy Holder,No,No,0.5409669991317484,Medium
10677,Apr,Pontiac,Third Party,No,No,0.04821688088719232,Low
10678,Apr,Honda,Policy Holder,No,No,0.07370977053203902,Low
10679,Mar,Pontiac,Third Party,No,No,0.04091815202436844,Low
10680,Jun,Pontiac,Policy Holder,No,No,0.6681279721167205,High
10681,Jun,Pontiac,Policy Holder,No,No,0.6898368018508791,High
10682,Jun,Chevrolet,Policy Holder,No,No,0.15166514191454897,Low
10683,Jun,Honda,Policy Holder,No,No,0.07396184689404375,Low
10684,Jun,Toyota,Third Party,No,No,0.05919679429142761,Low
10685,Jul,Chevrolet,Policy Holder,No,No,0.4140067908240847,Medium
10686,Jul,Pontiac,Third Party,No,No,0.0017333637526970906,Low
10687,Sep,Mazda,Policy Holder,No,No,0.06471691617318016,Low
10688,Nov,Honda,Policy Holder,No,No,0.038950192603288955,Low
10689,Nov,Toyota,Policy Holder,No,No,0.479245700537539,Medium
10690,Nov,Pontiac,Policy Holder,No,No,0.43063233978481485,Medium
10691,Nov,Pontiac,Policy Holder,No,No,0.4451705494646502,Medium
10692,Mar,Honda,Policy Holder,No,No,0.7354707932170371,High
10693,Nov,Chevrolet,Policy Holder,No,No,0.5883827055771197,Medium
10694,Mar,Mazda,Third Party,No,No,0.10706740580231962,Low
10695,Aug,Pontiac,Policy Holder,No,No,0.6790585697441769,High
10696,Aug,Pontiac,Policy Holder,No,No,0.20914262761617086,Low
10697,Jul,Chevrolet,Policy Holder,No,No,0.08449974552085976,Low
10698,Mar,Chevrolet,Third Party,No,No,0.05337796309460337,Low
10699,Mar,Pontiac,Policy Holder,No,No,0.3709018145415894,Medium
10700,Jul,Honda,Policy Holder,No,No,0.057464665760658444,Low
10701,Jul,Honda,Policy Holder,No,No,0.049669502806753904,Low
10702,Jul,Dodge,Policy Holder,No,No,0.049948333553492125,Low
10703,Mar,Toyota,Policy Holder,No,No,0.6889652003210682,High
10704,Mar,Accura,Policy Holder,No,No,0.8264437433107392,High
10705,Jul,Mazda,Policy Holder,No,No,0.4285679139059462,Medium
10706,Jun,Toyota,Policy Holder,No,No,0.6020536782917066,High
10707,Jun,Mazda,Policy Holder,No,No,0.16391215967251765,Low
10708,Jun,Honda,Third Party,No,No,0.061764663444615175,Low
10709,Jun,Mazda,Policy Holder,No,No,0.08450551262691804,Low
10710,Mar,Honda,Third Party,Yes,No,0.053344898352452645,Low
10711,May,Pontiac,Third Party,No,No,0.5525345026842455,Medium
10712,May,Pontiac,Policy Holder,No,No,0.7967469911249254,High
10713,May,Pontiac,Policy Holder,No,No,0.639149126263068,High
10714,May,Toyota,Policy Holder,No,No,0.14254765080781645,Low
10715,Apr,Pontiac,Policy Holder,Yes,No,0.6073136275373311,High
10716,Apr,Mazda,Policy Holder,No,No,0.12035399292578862,Low
10717,Apr,Honda,Policy Holder,No,No,0.08455687387580116,Low
10718,Mar,Pontiac,Third Party,No,No,0.05936391130290743,Low
10719,Mar,Toyota,Third Party,No,No,0.08916462059418251,Low
10720,Mar,Honda,Policy Holder,No,No,0.16320440937014621,Low
10721,Mar,Accura,Policy Holder,Yes,No,0.6870456963626519,High
10722,Mar,Pontiac,Policy Holder,No,No,0.1435783953054125,Low
10723,Mar,Toyota,Third Party,No,No,0.04398222554736814,Low
10724,Mar,Toyota,Policy Holder,No,No,0.6555321453063502,High
10725,Mar,Accura,Policy Holder,No,No,0.700889495991354,High
10726,Mar,Pontiac,Policy Holder,No,No,0.1343357819061425,Low
10727,Mar,Toyota,Policy Holder,No,No,0.8913693949733612,High
10728,Mar,Honda,Third Party,No,No,0.09979175837924062,Low
10729,Feb,Pontiac,Third Party,No,No,0.052328530463079406,Low
10730,Feb,Toyota,Policy Holder,No,No,0.13266640370072227,Low
10731,Feb,Toyota,Policy Holder,No,No,0.12072319634047651,Low
10732,Feb,Mazda,Policy Holder,No,No,0.5865506595726889,Medium
10733,Mar,Pontiac,Policy Holder,Yes,No,0.6705253593587126,High
10734,Oct,Chevrolet,Third Party,No,No,0.0016633347563752938,Low
10735,Oct,Mazda,Policy Holder,No,No,0.053320028769343955,Low
10736,Oct,Toyota,Policy Holder,No,No,0.7366869478728811,High
10737,Oct,Toyota,Policy Holder,No,No,0.6537525763904516,High
10738,Oct,Pontiac,Third Party,No,No,0.0544195989739099,Low
10739,Oct,Chevrolet,Policy Holder,No,No,0.097393612102964,Low
10740,Oct,Mercury,Policy Holder,No,No,0.1663263319923932,Low
10741,Oct,Mazda,Policy Holder,No,No,0.6271870311519931,High
10742,Sep,Toyota,Third Party,No,No,0.06328794589704392,Low
10743,Sep,Toyota,Third Party,No,No,0.0629642111471906,Low
10744,Sep,Toyota,Policy Holder,No,No,0.656152112451089,High
10745,Sep,Accura,Policy Holder,No,No,0.7901757455842325,High
10746,Sep,Pontiac,Third Party,No,No,0.02797410272718727,Low
10747,Mar,Chevrolet,Third Party,No,No,0.058564253373178325,Low
10748,Jul,Toyota,Policy Holder,No,No,0.7776881633085105,High
10749,Mar,Toyota,Policy Holder,No,No,0.7053694018416685,High
10750,Jun,Toyota,Policy Holder,No,No,0.7206778133953253,High
10751,Jun,Mazda,Policy Holder,No,No,0.12470270112352083,Low
10752,Jun,Mazda,Third Party,No,No,0.003974990754038583,Low
10753,Jun,Honda,Third Party,No,No,0.04981953197775653,Low
10754,Jun,Mazda,Policy Holder,No,No,0.09726477128800724,Low
10755,Jun,Pontiac,Policy Holder,No,No,0.7930770234932455,High
10756,Jun,Toyota,Third Party,No,No,0.004261840683643024,Low
10757,Jun,Pontiac,Policy Holder,No,No,0.5977400307822923,Medium
10758,May,Toyota,Policy Holder,No,No,0.22190394639165847,Low
10759,May,Pontiac,Policy Holder,No,No,0.6377380845400272,High
10760,May,Toyota,Policy Holder,No,No,0.19421530939189896,Low
10761,Apr,Pontiac,Third Party,No,No,0.07559310836735411,Low
10762,Apr,Chevrolet,Policy Holder,No,No,0.9793409772328694,High
10763,Apr,Honda,Policy Holder,No,No,0.15370137457748764,Low
10764,Apr,Pontiac,Third Party,No,No,0.06803436445587982,Low
10765,Apr,Mazda,Policy Holder,No,No,0.5614593033844947,Medium
10766,Apr,Toyota,Policy Holder,No,No,0.15576120948431837,Low
10767,Apr,Pontiac,Policy Holder,No,No,0.554190962719351,Medium
10768,Mar,Toyota,Third Party,No,No,0.09185079888827999,Low
10769,Apr,Pontiac,Policy Holder,No,No,0.5943682709984447,Medium
10770,Mar,Mazda,Policy Holder,No,No,0.09859284774732945,Low
10771,Mar,Toyota,Policy Holder,No,No,0.24004318221323773,Low
10772,Mar,Mazda,Policy Holder,No,No,0.8047236823365194,High
10773,Mar,Mazda,Policy Holder,No,No,0.39016740418805657,Medium
10774,Mar,Chevrolet,Policy Holder,No,No,0.7987072555354786,High
10775,Mar,Mazda,Policy Holder,No,No,0.5562458486284928,Medium
10776,Feb,Honda,Policy Holder,No,No,0.5976377514835619,Medium
10777,Feb,Pontiac,Policy Holder,No,No,0.7707371860687238,High
10778,Feb,Pontiac,Policy Holder,No,No,0.5892246382382673,Medium
10779,Feb,Pontiac,Third Party,No,No,0.005392376195797025,Low
10780,Feb,Toyota,Policy Holder,No,No,0.5174741755238051,Medium
10781,Feb,Chevrolet,Policy Holder,No,No,0.7900103451969457,High
10782,Jan,Pontiac,Policy Holder,No,No,0.5493111965986124,Medium
10783,Dec,Pontiac,Policy Holder,No,No,0.05834958071049422,Low
10784,Dec,Toyota,Policy Holder,No,No,0.581966447439473,Medium
10785,Nov,Honda,Third Party,No,Yes,0.053752218371016576,Low
10786,Jun,Ford,Third Party,Yes,No,0.03175376129403547,Low
10787,Jul,Honda,Policy Holder,No,No,0.6973628825865341,High
10788,Apr,Mazda,Policy Holder,No,No,0.09497663502265559,Low
10789,May,Mazda,Policy Holder,No,No,0.15260463098538735,Low
10790,May,Pontiac,Policy Holder,No,No,0.7088322787170518,High
10791,Nov,Honda,Policy Holder,No,No,0.300538083288173,Medium
10792,Apr,Mazda,Policy Holder,No,No,0.7076887259719936,High
10793,Sep,Toyota,Policy Holder,No,No,0.6829196181930407,High
10794,Jun,Pontiac,Third Party,No,No,0.003868327888026809,Low
10795,May,Toyota,Policy Holder,No,No,0.7409134214902547,High
10796,Apr,Mazda,Third Party,No,No,0.004185656236501621,Low
10797,Aug,Honda,Third Party,No,No,0.04295366567614272,Low
10798,Dec,Pontiac,Policy Holder,No,No,0.6198135376138212,High
10799,Nov,Toyota,Policy Holder,No,No,0.1763920859155876,Low
10800,Aug,Toyota,Policy Holder,No,No,0.6454267072027593,High
10801,Jul,VW,Policy Holder,No,No,0.014098362209792667,Low
10802,Jul,Chevrolet,Policy Holder,No,No,0.5529166462349906,Medium
10803,Oct,Honda,Policy Holder,No,No,0.5177509601570186,Medium
10804,Aug,Honda,Policy Holder,No,No,0.6803920429347768,High
10805,Aug,Mazda,Third Party,No,No,0.0031036224553687938,Low
10806,Sep,Honda,Policy Holder,No,No,0.8243453950800277,High
10807,Apr,Mazda,Policy Holder,No,No,0.0793322713571058,Low
10808,Oct,Pontiac,Third Party,No,No,0.006609531233305462,Low
10809,Sep,Pontiac,Policy Holder,No,No,0.08203084251925112,Low
10810,Jul,Chevrolet,Policy Holder,No,No,0.6455911140714831,High
10811,Nov,Ford,Policy Holder,No,No,0.47452565416065534,Medium
10812,Nov,Chevrolet,Policy Holder,No,No,0.5170029507594244,Medium
10813,Nov,Chevrolet,Policy Holder,No,No,0.9792790973446929,High
10814,Jun,Honda,Third Party,No,No,0.025520324139859937,Low
10815,Jun,Pontiac,Policy Holder,No,No,0.7121620999818749,High
10816,Mar,Mazda,Policy Holder,Yes,No,0.519015139984599,Medium
10817,Mar,Honda,Policy Holder,No,No,0.10213709225503945,Low
10818,Sep,Pontiac,Policy Holder,No,No,0.7761475722244014,High
10819,Jan,Toyota,Policy Holder,No,No,0.7848463986499965,High
10820,Feb,Chevrolet,Third Party,No,No,0.09572124745983362,Low
10821,Apr,Mazda,Third Party,No,No,0.09191197908983899,Low
10822,Aug,Honda,Policy Holder,No,No,0.08572862995643302,Low
10823,Jun,Chevrolet,Policy Holder,Yes,No,0.032069319653840585,Low
10824,Oct,Toyota,Policy Holder,No,No,0.14024169223511646,Low
10825,May,Honda,Policy Holder,No,No,0.10893989875495234,Low
10826,Mar,Pontiac,Policy Holder,No,No,0.692317715767512,High
10827,Mar,Mazda,Policy Holder,No,No,0.6795579540855298,High
10828,Mar,Pontiac,Policy Holder,No,No,0.5915406743793927,Medium
10829,Mar,Mazda,Policy Holder,No,No,0.6440225188201469,High
10830,Jan,Mazda,Policy Holder,No,No,0.832293815524067,High
10831,Jan,Mazda,Policy Holder,No,No,0.8171182894952131,High
10832,Jul,VW,Policy Holder,No,No,0.029375547675103572,Low
10833,Mar,Mazda,Policy Holder,No,No,0.16590960590718443,Low
10834,Feb,Toyota,Third Party,No,No,0.09795975410661013,Low
10835,Feb,Honda,Policy Holder,No,No,0.13322604023660456,Low
10836,Jan,Honda,Policy Holder,No,No,0.08603587008077213,Low
10837,Jan,Chevrolet,Policy Holder,No,No,0.12300521847964378,Low
10838,Mar,Honda,Policy Holder,No,No,0.6304498825659085,High
10839,Aug,Accura,Policy Holder,No,No,0.6153476751141879,High
10840,Oct,Pontiac,Policy Holder,No,No,0.6790313170146834,High
10841,Jul,Pontiac,Policy Holder,No,No,0.5839853127940283,Medium
10842,Jul,Honda,Policy Holder,No,No,0.4895085438420367,Medium
10843,Dec,VW,Policy Holder,No,No,0.22201364432881168,Low
10844,Oct,Toyota,Policy Holder,No,No,0.15919145367658052,Low
10845,Oct,Pontiac,Policy Holder,No,No,0.5851821948385527,Medium
10846,Mar,Honda,Policy Holder,No,No,0.6208623961234331,High
10847,Nov,Pontiac,Policy Holder,No,No,0.46235110856533485,Medium
10848,Jul,Chevrolet,Policy Holder,No,No,0.05615444423117495,Low
10849,Oct,Toyota,Third Party,No,No,0.05011394893672033,Low
10850,Oct,Pontiac,Policy Holder,No,No,0.06264600314254384,Low
10851,Mar,Chevrolet,Policy Holder,No,No,0.772148236752881,High
10852,Jul,Pontiac,Third Party,No,No,0.03302377345840752,Low
10853,Jul,Pontiac,Policy Holder,No,No,0.01856726661919017,Low
10854,Jun,Mazda,Policy Holder,No,No,0.8693086007110409,High
10855,Feb,Honda,Policy Holder,No,No,0.15691269987771111,Low
10856,Feb,Toyota,Policy Holder,No,No,0.7218495243757445,High
10857,Mar,Toyota,Policy Holder,No,No,0.21051002520115394,Low
10858,Apr,Honda,Policy Holder,No,No,0.1970847436059729,Low
10859,Apr,Toyota,Policy Holder,No,No,0.8063468752942722,High
10860,May,Honda,Third Party,No,No,0.04529755758754254,Low
10861,May,Chevrolet,Third Party,Yes,No,0.04293840897899421,Low
10862,May,Chevrolet,Third Party,No,No,0.0814449729127332,Low
10863,May,Pontiac,Policy Holder,No,No,0.12395718643597099,Low
10864,May,Pontiac,Policy Holder,No,No,0.8665205348785974,High
10865,Jun,Pontiac,Policy Holder,No,No,0.0842649675468813,Low
10866,Jun,Mazda,Policy Holder,No,No,0.619131654854421,High
10867,Jul,Mazda,Third Party,No,No,0.02502519335549749,Low
10868,Sep,Honda,Policy Holder,No,No,0.055255205615295226,Low
10869,Sep,Toyota,Third Party,No,No,0.06040567622393825,Low
10870,Sep,Toyota,Policy Holder,No,No,0.48359080057721365,Medium
10871,Oct,Honda,Third Party,No,No,0.036680797681684564,Low
10872,Oct,Pontiac,Policy Holder,No,No,0.12743188947273962,Low
10873,Nov,Ford,Policy Holder,No,No,0.6265155327969927,High
10874,Mar,Accura,Policy Holder,No,No,0.8053514032389163,High
10875,Dec,Honda,Policy Holder,No,No,0.5551300159084109,Medium
10876,Feb,Toyota,Policy Holder,No,No,0.5585929750973477,Medium
10877,Mar,Ford,Policy Holder,No,No,0.7393487802089564,High
10878,Mar,Toyota,Policy Holder,No,No,0.023683014632996796,Low
10879,Mar,Honda,Policy Holder,No,No,0.6208068603855679,High
10880,May,Toyota,Third Party,No,No,0.06531271414942878,Low
10881,Jul,Accura,Policy Holder,No,No,0.1588293118320793,Low
10882,Jul,Honda,Third Party,No,No,0.012619081912244734,Low
10883,Jul,Honda,Third Party,No,No,0.08573597260675188,Low
10884,Jul,Pontiac,Policy Holder,No,No,0.08369823309125507,Low
10885,Aug,Toyota,Third Party,No,No,0.0017828721802744113,Low
10886,Aug,Toyota,Policy Holder,No,No,0.08523758911038425,Low
10887,Aug,Honda,Policy Holder,Yes,No,0.7678647655961338,High
10888,Sep,Mazda,Policy Holder,No,No,0.09231013749432376,Low
10889,Oct,Toyota,Policy Holder,Yes,No,0.6348989691971005,High
10890,Mar,Mazda,Policy Holder,No,No,0.7603889328664821,High
10891,Nov,Toyota,Third Party,No,No,0.03237529588996242,Low
10892,Nov,Mazda,Policy Holder,No,No,0.41677013103011645,Medium
10893,Oct,Pontiac,Policy Holder,No,No,0.06816308007645025,Low
10894,Oct,Jaguar,Third Party,No,No,0.07663095921517099,Low
10895,Oct,Pontiac,Policy Holder,No,No,0.5084408806511884,Medium
10896,Mar,Pontiac,Policy Holder,No,No,0.7738161929637217,High
10897,Sep,Toyota,Policy Holder,No,No,0.0877337423745287,Low
10898,Sep,Toyota,Third Party,No,No,0.08293101586178722,Low
10899,Aug,Pontiac,Policy Holder,No,No,0.15515858625657045,Low
10900,Mar,Accura,Policy Holder,No,No,0.7974408462759089,High
10901,Aug,Dodge,Policy Holder,No,No,0.056799090530684576,Low
10902,Jul,Accura,Policy Holder,No,No,0.1666206639723909,Low
10903,Jul,Pontiac,Policy Holder,No,No,0.04409703870092052,Low
10904,Mar,Mazda,Policy Holder,No,No,0.7187643990235474,High
10905,Jul,Pontiac,Policy Holder,No,No,0.7401704910691089,High
10906,Mar,Honda,Third Party,No,No,0.12417338877766262,Low
10907,Jul,Honda,Policy Holder,No,No,0.06158013606940759,Low
10908,Jul,Toyota,Third Party,No,No,0.002228189610869464,Low
10909,Jul,Mazda,Policy Holder,No,No,0.4086407474877576,Medium
10910,Jun,Pontiac,Policy Holder,No,No,0.7139641480085006,High
10911,Jun,Honda,Policy Holder,No,No,0.14301407702575056,Low
10912,May,Toyota,Policy Holder,No,No,0.2217988645875574,Low
10913,May,Toyota,Third Party,No,No,0.004610821273728761,Low
10914,May,Pontiac,Policy Holder,No,No,0.1327800834749187,Low
10915,May,Mazda,Policy Holder,No,No,0.8379024797148512,High
10916,May,VW,Policy Holder,No,No,0.04349755194404077,Low
10917,Mar,Honda,Policy Holder,No,No,0.6938532656677879,High
10918,Apr,Toyota,Policy Holder,No,No,0.7806911199880163,High
10919,Mar,Ford,Policy Holder,No,No,0.8042329683652725,High
10920,Dec,Pontiac,Policy Holder,Yes,No,0.6881602200284764,High
10921,Nov,Accura,Policy Holder,No,No,0.6381038691672295,High
10922,Nov,Pontiac,Policy Holder,No,No,0.042283917985939445,Low
10923,Nov,Pontiac,Policy Holder,No,No,0.4063864901617715,Medium
10924,Oct,Chevrolet,Policy Holder,No,No,0.14047753731302648,Low
10925,Nov,Toyota,Policy Holder,No,No,0.4393976937087163,Medium
10926,Oct,Chevrolet,Policy Holder,No,No,0.11519451035925488,Low
10927,Mar,Pontiac,Third Party,No,No,0.050493270681673426,Low
10928,Mar,Mazda,Policy Holder,No,No,0.7149392578140019,High
10929,Sep,Honda,Third Party,No,No,0.04955102630146743,Low
10930,Sep,Toyota,Policy Holder,No,No,0.7178689523141578,High
10931,Mar,Toyota,Policy Holder,No,No,0.6194444125098655,High
10932,Jul,Pontiac,Policy Holder,No,No,0.10176499693118164,Low
10933,Mar,Mazda,Policy Holder,No,No,0.5774945981839754,Medium
10934,Jun,Honda,Policy Holder,No,No,0.6659496002365562,High
10935,Jun,Chevrolet,Third Party,No,No,0.004530386685609328,Low
10936,Jun,Accura,Policy Holder,No,No,0.12013497863603441,Low
10937,May,Pontiac,Policy Holder,No,No,0.09757007113909918,Low
10938,May,Toyota,Third Party,No,No,0.11566025874967448,Low
10939,May,Pontiac,Policy Holder,No,No,0.10667955269969985,Low
10940,May,Toyota,Third Party,No,No,0.005547454009834515,Low
10941,May,Mazda,Policy Holder,No,No,0.1012523662846155,Low
10942,May,Mazda,Policy Holder,No,No,0.4487060360353532,Medium
10943,Apr,Mazda,Third Party,No,No,0.05487692692577888,Low
10944,Apr,Honda,Third Party,No,No,0.07926924502178685,Low
10945,Apr,Ford,Policy Holder,No,No,0.8240251034995553,High
10946,Mar,Pontiac,Third Party,No,No,0.003419709982008165,Low
10947,Mar,Pontiac,Policy Holder,No,No,0.6057118855168571,High
10948,Feb,Chevrolet,Policy Holder,No,No,0.12944752611726862,Low
10949,Jan,Pontiac,Policy Holder,Yes,No,0.6483356456816005,High
10950,Jan,Pontiac,Policy Holder,No,No,0.5676256821447618,Medium
10951,Aug,Toyota,Third Party,No,No,0.08785907232224563,Low
10952,Aug,Toyota,Policy Holder,No,No,0.7906778994402602,High
10953,Aug,Pontiac,Third Party,No,No,0.05365802317464181,Low
10954,Nov,Pontiac,Policy Holder,No,No,0.6016663950985803,High
10955,Nov,Mazda,Policy Holder,No,No,0.06123202798285688,Low
10956,Oct,Pontiac,Policy Holder,No,No,0.7872379808479177,High
10957,Jan,Toyota,Policy Holder,No,No,0.7031510723921707,High
10958,Jul,Pontiac,Third Party,No,No,0.0025410409765975854,Low
10959,Aug,Toyota,Policy Holder,No,No,0.1279444634246413,Low
10960,Oct,Toyota,Policy Holder,No,No,0.10596965661560696,Low
10961,Oct,Ford,Policy Holder,No,No,0.19769898171700143,Low
10962,Dec,Honda,Policy Holder,No,No,0.10326244747634702,Low
10963,Dec,Dodge,Policy Holder,No,No,0.0210825167894968,Low
10964,Dec,Pontiac,Policy Holder,No,No,0.8005541502214752,High
10965,Dec,Mazda,Policy Holder,No,No,0.070376023300949,Low
10966,Jan,Toyota,Policy Holder,No,No,0.8306417595074036,High
10967,Jan,Toyota,Policy Holder,No,No,0.10854574528473357,Low
10968,Jun,Mazda,Policy Holder,No,No,0.04708951873144976,Low
10969,May,Honda,Policy Holder,No,No,0.6910138613663608,High
10970,Nov,Mazda,Policy Holder,Yes,No,0.052718753020551325,Low
10971,Nov,Mazda,Third Party,No,No,0.0016116666311481848,Low
10972,Nov,Ford,Policy Holder,No,No,0.4906072477407131,Medium
10973,Oct,Pontiac,Policy Holder,No,No,0.7469342156094092,High
10974,Nov,Pontiac,Policy Holder,No,No,0.5543114587546185,Medium
10975,Aug,Chevrolet,Policy Holder,No,No,0.06292355658997198,Low
10976,Mar,Pontiac,Third Party,No,No,0.04976479315686714,Low
10977,Mar,Pontiac,Third Party,No,No,0.06866176482073512,Low
10978,Feb,Pontiac,Policy Holder,No,No,0.6314808142125096,High
10979,Apr,Chevrolet,Policy Holder,No,No,0.14367681103434465,Low
10980,May,Pontiac,Policy Holder,Yes,No,0.17756356562652856,Low
10981,May,Mazda,Third Party,No,Yes,0.14783800130124955,Low
10982,May,Honda,Third Party,No,No,0.03674958343277257,Low
10983,May,Mazda,Third Party,No,No,0.003806484656656915,Low
10984,Jun,Ford,Policy Holder,No,No,0.6883868630686788,High
10985,Jun,Honda,Third Party,No,No,0.07471884084733829,Low
10986,Jun,VW,Policy Holder,No,No,0.03993290714938003,Low
10987,Jul,Toyota,Third Party,No,No,0.03904193586272656,Low
10988,Jul,Honda,Policy Holder,No,No,0.11558698571050764,Low
10989,Aug,Toyota,Policy Holder,No,No,0.82693380214942,High
10990,Sep,Toyota,Policy Holder,No,No,0.720222309070198,High
10991,Oct,Pontiac,Policy Holder,No,No,0.14473113672849994,Low
10992,Mar,Honda,Third Party,No,No,0.04036269645922925,Low
10993,Nov,Pontiac,Policy Holder,No,No,0.045036574681858635,Low
10994,Nov,Pontiac,Third Party,No,No,0.025534988912132007,Low
10995,Feb,Mazda,Third Party,No,No,0.1114231425703699,Low
10996,Mar,Mazda,Policy Holder,No,No,0.07131110978503911,Low
10997,Mar,Mazda,Policy Holder,Yes,No,0.6652430589405325,High
10998,Apr,Toyota,Policy Holder,No,No,0.627622251552265,High
10999,May,Saab,Policy Holder,No,No,0.8076172226469587,High
11000,May,Toyota,Policy Holder,No,No,0.12707152197094324,Low
11001,Mar,Honda,Policy Holder,No,No,0.8181687096075364,High
11002,Jul,Mazda,Third Party,Yes,No,0.015466155892107238,Low
11003,Aug,Pontiac,Policy Holder,No,No,0.570377002235794,Medium
11004,Aug,Toyota,Policy Holder,No,No,0.6617280010838005,High
11005,Nov,Pontiac,Policy Holder,No,No,0.03585579050280038,Low
11006,Nov,Toyota,Policy Holder,Yes,No,0.0874935000317109,Low
11007,Nov,Pontiac,Policy Holder,Yes,No,0.03342049569809393,Low
11008,Nov,Accura,Policy Holder,No,No,0.7052431234408861,High
11009,Nov,Pontiac,Third Party,No,No,0.024675987037400537,Low
11010,Oct,Mazda,Third Party,No,No,0.0020201140833445,Low
11011,Oct,Ford,Policy Holder,Yes,No,0.5502968697992395,Medium
11012,Jul,Mazda,Policy Holder,No,No,0.6332766153905972,High
11013,Jul,Pontiac,Policy Holder,No,No,0.5241276787800705,Medium
11014,Mar,Chevrolet,Policy Holder,No,No,0.6918065683369238,High
11015,Mar,VW,Third Party,No,No,0.0250773663380975,Low
11016,Jul,Saab,Policy Holder,No,No,0.7911567924400424,High
11017,Jun,Toyota,Policy Holder,No,No,0.9926871226628278,High
11018,Jun,Pontiac,Policy Holder,No,No,0.09430272569170743,Low
11019,Jun,Mazda,Policy Holder,No,No,0.10568131348664798,Low
11020,May,Pontiac,Third Party,Yes,No,0.0029302181143770903,Low
11021,May,Pontiac,Policy Holder,No,No,0.1483272315973042,Low
11022,May,Pontiac,Third Party,No,No,0.05257104925440096,Low
11023,Mar,Chevrolet,Policy Holder,No,No,0.8360588117769298,High
11024,Apr,Mazda,Policy Holder,No,No,0.13257199410143056,Low
11025,Mar,Toyota,Policy Holder,No,No,0.6974183832207052,High
11026,Mar,Mazda,Policy Holder,No,No,0.11869187718245232,Low
11027,Mar,Pontiac,Third Party,No,No,0.055038019535827716,Low
11028,Mar,Pontiac,Third Party,No,No,0.04399189474452169,Low
11029,Mar,Mazda,Policy Holder,No,No,0.5605429591838408,Medium
11030,Oct,Pontiac,Policy Holder,No,No,0.7821252446258481,High
11031,Oct,Chevrolet,Third Party,No,No,0.07245894884085671,Low
11032,Sep,Mazda,Policy Holder,No,No,0.4615712286237493,Medium
11033,Sep,Chevrolet,Third Party,No,No,0.07560129233252055,Low
11034,Mar,Pontiac,Policy Holder,No,No,0.4947232127130226,Medium
11035,Jul,Honda,Policy Holder,No,No,0.12105879518362493,Low
11036,Jun,Pontiac,Policy Holder,No,No,0.193025629736153,Low
11037,Jun,Pontiac,Policy Holder,No,No,0.14510526798625942,Low
11038,May,Toyota,Third Party,No,No,0.07282999586284643,Low
11039,May,Honda,Policy Holder,No,No,0.06241319014491643,Low
11040,Apr,Mazda,Policy Holder,No,No,0.5739999895505689,Medium
11041,Mar,Pontiac,Third Party,No,No,0.08290647774068946,Low
11042,Mar,Pontiac,Policy Holder,No,No,0.6574728506330777,High
11043,Apr,Mazda,Policy Holder,No,No,0.5876590082916396,Medium
11044,Mar,Mazda,Policy Holder,No,No,0.7209737674243987,High
11045,Feb,Toyota,Third Party,No,No,0.09863816414582807,Low
11046,Feb,Honda,Policy Holder,No,No,0.6864572844750467,High
11047,Feb,Pontiac,Policy Holder,No,No,0.4379676855591974,Medium
11048,Mar,Ford,Third Party,Yes,Yes,0.11021761302011487,Low
11049,Jan,Pontiac,Policy Holder,No,No,0.10564964090942772,Low
11050,Nov,Chevrolet,Policy Holder,No,No,0.0883995184817326,Low
11051,Aug,Mazda,Policy Holder,No,No,0.5457539100471178,Medium
11052,Aug,Chevrolet,Policy Holder,No,No,0.15291581455920922,Low
11053,Sep,Mazda,Policy Holder,No,No,0.44607786360789214,Medium
11054,Sep,Chevrolet,Policy Holder,No,No,0.5007816858491386,Medium
11055,Oct,Chevrolet,Policy Holder,No,No,0.6533371795471242,High
11056,Dec,VW,Policy Holder,No,No,0.03125898617724107,Low
11057,Sep,Mazda,Policy Holder,No,No,0.5361061615594811,Medium
11058,Aug,Mazda,Policy Holder,No,No,0.12762234937962905,Low
11059,Mar,Toyota,Third Party,No,No,0.06964273549049425,Low
11060,Jul,Toyota,Policy Holder,No,No,0.09641345142587207,Low
11061,Mar,Pontiac,Third Party,No,No,0.060289748913907114,Low
11062,Jan,Honda,Policy Holder,No,No,0.15229716640449073,Low
11063,Feb,Honda,Policy Holder,No,No,0.1532885842555941,Low
11064,Apr,Chevrolet,Policy Holder,No,No,0.5458033429610165,Medium
11065,Mar,Toyota,Third Party,No,No,0.12272830003939385,Low
11066,May,Pontiac,Policy Holder,No,No,0.10475364406901345,Low
11067,Aug,Pontiac,Third Party,No,No,0.047678965495677905,Low
11068,Aug,Pontiac,Policy Holder,Yes,No,0.555876581111919,Medium
11069,Oct,Pontiac,Policy Holder,No,No,0.08341026442382347,Low
11070,Mar,Chevrolet,Policy Holder,No,No,0.9321688175135031,High
11071,Nov,Mazda,Third Party,No,No,0.034017085309347966,Low
11072,Dec,Mercury,Policy Holder,No,No,0.7827168066431344,High
11073,Feb,Mercury,Policy Holder,No,No,0.7972850361422955,High
11074,Mar,Honda,Policy Holder,No,No,0.06649768783705176,Low
11075,Mar,Pontiac,Policy Holder,No,No,0.10528685817417298,Low
11076,Mar,Mazda,Third Party,No,No,0.04516488370366407,Low
11077,Mar,Toyota,Policy Holder,No,No,0.16833862808442793,Low
11078,Apr,Chevrolet,Policy Holder,No,No,0.08512619235236221,Low
11079,Mar,Mazda,Policy Holder,No,No,0.8603370413536725,High
11080,Dec,Mercury,Policy Holder,No,No,0.12950328668181624,Low
11081,Dec,Pontiac,Policy Holder,No,No,0.5763407028426898,Medium
11082,Dec,Pontiac,Third Party,No,No,0.015042097540364585,Low
11083,Nov,Toyota,Policy Holder,No,No,0.05296245591179124,Low
11084,Nov,Mazda,Third Party,No,No,0.016287564024472706,Low
11085,Nov,Toyota,Third Party,No,No,0.017131303477731598,Low
11086,Nov,Dodge,Policy Holder,No,No,0.2969378500774121,Low
11087,Mar,Accura,Policy Holder,No,No,0.7866248063358399,High
11088,Sep,Mazda,Policy Holder,No,No,0.5187230981906833,Medium
11089,Aug,Honda,Policy Holder,No,No,0.5241876461044113,Medium
11090,Aug,Honda,Third Party,No,No,0.032813882622981204,Low
11091,Mar,Honda,Third Party,No,No,0.08786466454890528,Low
11092,Mar,Chevrolet,Third Party,No,No,0.0982887366632071,Low
11093,Mar,Toyota,Third Party,No,No,0.16814278202064803,Low
11094,Dec,Toyota,Third Party,No,No,0.047500441851184884,Low
11095,Dec,Chevrolet,Third Party,No,No,0.037268811521110924,Low
11096,Dec,Toyota,Policy Holder,No,No,0.6551114398733788,High
11097,Dec,Honda,Third Party,No,No,0.026842136379524324,Low
11098,Nov,Chevrolet,Policy Holder,No,No,0.5845095622526731,Medium
11099,Nov,Honda,Policy Holder,No,No,0.0888696011543954,Low
11100,Nov,Chevrolet,Policy Holder,No,No,0.5192425564331178,Medium
11101,Oct,Toyota,Third Party,No,No,0.003331769163898709,Low
11102,Sep,Pontiac,Policy Holder,No,No,0.10541754307087142,Low
11103,Sep,Toyota,Policy Holder,No,No,0.7608522723864075,High
11104,Aug,Pontiac,Policy Holder,No,No,0.624601217936275,High
11105,Mar,Mazda,Policy Holder,No,No,0.6329990449952766,High
11106,Aug,Pontiac,Policy Holder,No,No,0.7775486971086646,High
11107,Jul,Toyota,Policy Holder,No,No,0.5636381049367071,Medium
11108,Mar,Mazda,Third Party,No,No,0.059234601819490876,Low
11109,Jul,VW,Third Party,No,No,0.011702794944256868,Low
11110,Jul,Honda,Policy Holder,No,No,0.4723639983624754,Medium
11111,May,Mazda,Policy Holder,No,No,0.6103145068023742,High
11112,Mar,Saab,Policy Holder,No,No,0.894147738109,High
11113,Mar,Toyota,Third Party,No,No,0.0039987186535968815,Low
11114,Mar,Accura,Policy Holder,No,No,0.8718114936338841,High
11115,Mar,Accura,Policy Holder,No,No,0.7300863524589314,High
11116,Feb,Toyota,Policy Holder,No,No,0.11108497038715302,Low
11117,Dec,Pontiac,Policy Holder,No,No,0.05154236268297219,Low
11118,Aug,Dodge,Policy Holder,No,No,0.06101478479075114,Low
11119,Dec,Chevrolet,Third Party,No,No,0.7405705277420258,High
11120,Dec,Toyota,Policy Holder,No,No,0.5356623986594179,Medium
11121,Jun,Mazda,Third Party,No,No,0.05208621104729491,Low
11122,Mar,Pontiac,Policy Holder,No,No,0.7921600100481822,High
11123,Sep,Mazda,Policy Holder,No,No,0.5800585363875276,Medium
11124,Mar,Pontiac,Policy Holder,No,No,0.7414143695444214,High
11125,Nov,Chevrolet,Policy Holder,No,No,0.04678233036600052,Low
11126,Oct,Honda,Policy Holder,No,No,0.702612772868135,High
11127,Apr,Honda,Policy Holder,No,No,0.06314563976883875,Low
11128,Apr,Pontiac,Policy Holder,No,No,0.18673621805946813,Low
11129,Jun,Pontiac,Third Party,No,No,0.003336066749350486,Low
11130,Jun,Pontiac,Policy Holder,Yes,Yes,0.7778668217155781,High
11131,Jul,Honda,Policy Holder,No,No,0.05122345223190057,Low
11132,Aug,Pontiac,Third Party,No,No,0.0568426372220993,Low
11133,Sep,Pontiac,Third Party,No,No,0.04993481451548078,Low
11134,Oct,Toyota,Policy Holder,No,No,0.13420489524816243,Low
11135,Oct,Pontiac,Third Party,No,No,0.034314912798230526,Low
11136,Nov,Pontiac,Policy Holder,No,No,0.5282752777872902,Medium
11137,Nov,Honda,Policy Holder,No,No,0.564254835034519,Medium
11138,Nov,Mazda,Policy Holder,No,No,0.36906654360528435,Medium
11139,Oct,Honda,Policy Holder,No,No,0.627341718404143,High
11140,Mar,Pontiac,Policy Holder,No,No,0.5458022546190855,Medium
11141,Apr,Toyota,Policy Holder,No,No,0.09963489838629257,Low
11142,Apr,Honda,Policy Holder,No,No,0.08390740998647005,Low
11143,Mar,Toyota,Policy Holder,No,No,0.7622160780430305,High
11144,Jun,Mazda,Policy Holder,No,No,0.8197570149996483,High
11145,Mar,Mazda,Third Party,No,No,0.046088441867077626,Low
11146,May,Nisson,Policy Holder,No,No,0.7362342188765255,High
11147,Jul,Pontiac,Third Party,No,No,0.03521891080119073,Low
11148,Aug,Mazda,Third Party,No,No,0.036426952437269185,Low
11149,Nov,Toyota,Third Party,No,No,0.02870973814106302,Low
11150,Dec,Pontiac,Policy Holder,No,No,0.012147009868628898,Low
11151,Dec,Ford,Policy Holder,No,No,0.7323288837583121,High
11152,Nov,Toyota,Policy Holder,No,No,0.32813002610678554,Medium
11153,Jan,Honda,Policy Holder,No,No,0.15721695880292094,Low
11154,Jan,Chevrolet,Policy Holder,No,No,0.7880243641853452,High
11155,Mar,VW,Policy Holder,No,No,0.5067872028317405,Medium
11156,Mar,Accura,Policy Holder,No,No,0.26723591537422564,Low
11157,May,Mazda,Policy Holder,No,No,0.11051914396264562,Low
11158,Jun,Pontiac,Policy Holder,No,No,0.618451469439305,High
11159,Mar,Mazda,Third Party,No,No,0.07519756566045037,Low
11160,Mar,Honda,Third Party,No,No,0.005573514821298083,Low
11161,Jul,Honda,Policy Holder,No,No,0.13180122392806648,Low
11162,Jul,Mazda,Third Party,No,No,0.027001081770221418,Low
11163,Jun,Saab,Third Party,No,No,0.17093704903617488,Low
11164,Oct,Pontiac,Policy Holder,No,No,0.08861352387384992,Low
11165,Nov,Toyota,Policy Holder,No,No,0.6459524120245471,High
11166,Nov,Chevrolet,Policy Holder,No,No,0.08333238259327987,Low
11167,Nov,Honda,Policy Holder,Yes,No,0.050408257291987744,Low
11168,Dec,Chevrolet,Policy Holder,No,No,0.5673125388439438,Medium
11169,Dec,Toyota,Policy Holder,No,No,0.5674503509088532,Medium
11170,May,Toyota,Third Party,No,No,0.7467117959866254,High
11171,Jul,Pontiac,Policy Holder,No,No,0.8081850513775274,High
11172,Aug,Toyota,Policy Holder,No,No,0.3300559486646007,Medium
11173,Aug,Mazda,Policy Holder,No,No,0.5145538827350832,Medium
11174,Sep,Honda,Policy Holder,No,No,0.6276486037588742,High
11175,Oct,Honda,Third Party,No,No,0.0335195396229539,Low
11176,Oct,Mazda,Policy Holder,No,No,0.5366754086388995,Medium
11177,Apr,Mazda,Policy Holder,No,No,0.45175163596405926,Medium
11178,Apr,Mazda,Third Party,No,No,0.09822598085996741,Low
11179,Sep,Ford,Policy Holder,No,No,0.0864022240750609,Low
11180,Sep,Mazda,Policy Holder,No,No,0.10734756775992217,Low
11181,Aug,Mazda,Third Party,No,No,0.041507876119228404,Low
11182,Aug,Pontiac,Policy Holder,No,No,0.49971670705205334,Medium
11183,Aug,Pontiac,Policy Holder,No,No,0.6240212185983302,High
11184,Aug,Honda,Third Party,No,No,0.0042454141664581375,Low
11185,Jul,Mazda,Policy Holder,Yes,No,0.06705075104123907,Low
11186,Apr,Pontiac,Policy Holder,No,No,0.7329044056843101,High
11187,Jul,Mazda,Policy Holder,No,No,0.4990750925947952,Medium
11188,Jun,Ford,Policy Holder,No,No,0.0367475250619862,Low
11189,Apr,Toyota,Policy Holder,No,No,0.7736839081799802,High
11190,May,Honda,Policy Holder,No,No,0.5105453487960118,Medium
11191,Apr,Toyota,Policy Holder,No,No,0.5412797145430857,Medium
11192,Mar,Pontiac,Policy Holder,Yes,Yes,0.19554421994048926,Low
11193,Nov,Chevrolet,Policy Holder,No,No,0.6292160199814639,High
11194,Nov,Toyota,Policy Holder,No,No,0.13564446393510213,Low
11195,Apr,Honda,Third Party,No,No,0.03323856140796561,Low
11196,Nov,Chevrolet,Third Party,No,No,0.0223216134878574,Low
11197,Nov,Mazda,Third Party,No,No,0.01660359978474829,Low
11198,Nov,Pontiac,Policy Holder,No,No,0.05901970852580516,Low
11199,Nov,Honda,Third Party,No,No,0.02534228054906361,Low
11200,Oct,Pontiac,Third Party,No,No,0.05314230826817711,Low
11201,Sep,Chevrolet,Third Party,No,No,0.04572127401344588,Low
11202,Sep,Pontiac,Third Party,No,No,0.004323895544860148,Low
11203,Jun,Pontiac,Policy Holder,No,No,0.6730570087393174,High
11204,Jun,Porche,Policy Holder,No,No,0.5763293950775067,Medium
11205,May,Honda,Policy Holder,No,No,0.5160301759824465,Medium
11206,May,Honda,Policy Holder,No,No,0.6298154138316658,High
11207,Apr,Pontiac,Policy Holder,No,No,0.7447465780426108,High
11208,Apr,Honda,Third Party,No,No,0.08965778155162363,Low
11209,Mar,Mazda,Policy Holder,No,No,0.1746102118077506,Low
11210,Feb,Toyota,Policy Holder,No,No,0.621498691245308,High
11211,Apr,Honda,Policy Holder,No,No,0.6522810265187328,High
11212,Jan,Chevrolet,Policy Holder,No,No,0.6249405846842112,High
11213,Apr,Honda,Third Party,No,No,0.05294208970978236,Low
11214,Nov,Toyota,Third Party,No,No,0.00199842199157113,Low
11215,Nov,Toyota,Policy Holder,No,No,0.039638483367380864,Low
11216,Apr,Chevrolet,Third Party,No,No,0.10280374703077574,Low
11217,Oct,Pontiac,Third Party,No,No,0.06111149848505171,Low
11218,Jul,Mazda,Policy Holder,No,No,0.07513790243945227,Low
11219,Jul,Mazda,Policy Holder,No,No,0.06505550668225232,Low
11220,Jul,Pontiac,Policy Holder,No,No,0.5032442441088135,Medium
11221,Jun,Toyota,Policy Holder,No,No,0.9949800361375525,High
11222,Jun,Saturn,Policy Holder,No,No,0.8127132126378264,High
11223,Apr,Pontiac,Third Party,No,No,0.049250928749945785,Low
11224,Mar,Toyota,Policy Holder,No,No,0.7917763075858383,High
11225,Mar,Pontiac,Policy Holder,No,No,0.14101941830924236,Low
11226,Mar,Chevrolet,Policy Holder,No,No,0.09995576972618295,Low
11227,Feb,Toyota,Policy Holder,No,No,0.08712997477282299,Low
11228,Oct,Honda,Third Party,No,No,0.08738462122180961,Low
11229,Oct,Mazda,Third Party,No,No,0.08770831803595727,Low
11230,Sep,Toyota,Third Party,No,No,0.053495974745350124,Low
11231,Sep,Chevrolet,Policy Holder,No,No,0.7108068534743937,High
11232,Jun,Chevrolet,Policy Holder,No,No,0.6876387298650903,High
11233,Jun,Chevrolet,Policy Holder,No,No,0.07849889992063194,Low
11234,Apr,Mazda,Policy Holder,No,No,0.5770759357059178,Medium
11235,Apr,Toyota,Third Party,No,No,0.006173223189242292,Low
11236,Mar,Honda,Policy Holder,No,No,0.15604140491124985,Low
11237,Apr,Honda,Policy Holder,No,No,0.5143954286586142,Medium
11238,Mar,Honda,Policy Holder,No,No,0.8256424307315807,High
11239,Aug,Chevrolet,Policy Holder,No,No,0.10405311865130777,Low
11240,Feb,Chevrolet,Policy Holder,No,No,0.23626663778809132,Low
11241,Feb,Lexus,Policy Holder,No,No,0.677988818839034,High
11242,Apr,Toyota,Policy Holder,No,No,0.753728532550268,High
11243,Aug,Toyota,Policy Holder,No,No,0.17080765182339688,Low
11244,Mar,Chevrolet,Policy Holder,No,No,0.6984578991193509,High
11245,Jun,Honda,Policy Holder,No,No,0.13390092010691762,Low
11246,Aug,Toyota,Policy Holder,No,No,0.8778718859982266,High
11247,Aug,Honda,Third Party,No,No,0.0025946339754643146,Low
11248,Sep,Toyota,Third Party,No,No,0.04790285016866449,Low
11249,Nov,Toyota,Policy Holder,No,No,0.06721082884102692,Low
11250,Nov,Mazda,Policy Holder,Yes,No,0.3400454460993391,Medium
11251,Nov,Pontiac,Policy Holder,No,No,0.4485667059614754,Medium
11252,Nov,Pontiac,Third Party,No,No,0.02218935730754863,Low
11253,Oct,Honda,Policy Holder,No,No,0.12652786721467812,Low
11254,Jul,Honda,Policy Holder,No,No,0.1452903362862039,Low
11255,Jul,Mazda,Policy Holder,No,No,0.42996358571491466,Medium
11256,Jun,Chevrolet,Policy Holder,No,No,0.11909713715978261,Low
11257,Mar,Honda,Third Party,No,No,0.024793807740950375,Low
11258,Mar,Mazda,Third Party,No,No,0.07222313927371267,Low
11259,Jan,Mazda,Policy Holder,No,No,0.08713912764862862,Low
11260,Jan,Honda,Policy Holder,No,No,0.5900439616333824,Medium
11261,Jul,Chevrolet,Policy Holder,No,No,0.02045503089640416,Low
11262,Apr,Toyota,Policy Holder,No,No,0.72859544936908,High
11263,Jun,Chevrolet,Policy Holder,No,No,0.6885228456382544,High
11264,May,Chevrolet,Policy Holder,No,No,0.11374304693900573,Low
11265,Apr,Pontiac,Policy Holder,No,No,0.7759373892055024,High
11266,Apr,Toyota,Policy Holder,No,No,0.6112618743387711,High
11267,Apr,Ford,Policy Holder,No,No,0.8268735859233501,High
11268,Dec,Pontiac,Policy Holder,No,No,0.0607903057194473,Low
11269,Jan,Pontiac,Policy Holder,No,No,0.08030506417139642,Low
11270,Jan,Honda,Policy Holder,No,No,0.12143163521048879,Low
11271,Aug,Pontiac,Policy Holder,No,No,0.7085249714417549,High
11272,Aug,Toyota,Policy Holder,No,No,0.9901745677301818,High
11273,Jun,Pontiac,Third Party,No,No,0.0019857586404598477,Low
11274,Jan,Mazda,Policy Holder,No,No,0.5301404872676773,Medium
11275,Mar,Mazda,Third Party,No,No,0.058462573486447775,Low
11276,Mar,Mazda,Third Party,No,No,0.12985423474165877,Low
11277,Apr,Mercury,Policy Holder,No,No,0.8875447366513518,High
11278,May,Honda,Policy Holder,No,No,0.44876987290154663,Medium
11279,Jun,Saturn,Policy Holder,No,No,0.33090896984689294,Medium
11280,Jun,Toyota,Policy Holder,No,No,0.6468829175418335,High
11281,Jul,Honda,Third Party,No,No,0.019118225061982998,Low
11282,Sep,Pontiac,Policy Holder,No,No,0.44719219854666376,Medium
11283,Sep,Chevrolet,Policy Holder,No,No,0.6411197127674647,High
11284,Oct,Ford,Third Party,No,No,0.08588438357808731,Low
11285,Oct,Mazda,Policy Holder,No,No,0.7822198437142764,High
11286,Nov,Chevrolet,Policy Holder,No,No,0.4788031696889052,Medium
11287,Apr,Toyota,Third Party,No,No,0.005000687410066341,Low
11288,Jun,Toyota,Policy Holder,No,No,0.602910322771106,High
11289,Dec,Chevrolet,Policy Holder,No,No,0.49841610524493707,Medium
11290,Apr,Pontiac,Policy Holder,No,No,0.6626265991029356,High
11291,Dec,Mazda,Policy Holder,No,No,0.48899504933130056,Medium
11292,Mar,Mazda,Policy Holder,No,No,0.7239991608642778,High
11293,May,Toyota,Third Party,No,No,0.045530864011965294,Low
11294,May,Honda,Policy Holder,No,No,0.1446013940575275,Low
11295,Jun,Mazda,Third Party,No,No,0.15463152371938685,Low
11296,Jul,Chevrolet,Policy Holder,No,No,0.10064727787632917,Low
11297,Apr,Chevrolet,Policy Holder,No,No,0.7015364224563843,High
11298,Oct,Pontiac,Policy Holder,No,No,0.10102968105344631,Low
11299,Nov,Pontiac,Third Party,No,No,0.01447598195168369,Low
11300,Dec,Toyota,Policy Holder,No,No,0.8570567069852836,High
11301,Dec,Pontiac,Third Party,No,No,0.045738926502921586,Low
11302,Apr,Chevrolet,Policy Holder,No,No,0.6294671663552588,High
11303,Apr,Pontiac,Policy Holder,No,No,0.12491106542755841,Low
11304,May,Pontiac,Third Party,No,No,0.09811669705803136,Low
11305,Jun,Chevrolet,Policy Holder,No,No,0.19848908151238304,Low
11306,Apr,Accura,Third Party,No,No,0.13623578958390276,Low
11307,Sep,Pontiac,Policy Holder,No,No,0.01914895791624569,Low
11308,Sep,Chevrolet,Policy Holder,No,No,0.12787852442977937,Low
11309,Sep,Toyota,Third Party,No,No,0.0010925678399336355,Low
11310,Oct,Mazda,Policy Holder,No,No,0.5874815809646817,Medium
11311,Oct,Honda,Third Party,No,No,0.02974880869554533,Low
11312,Apr,Chevrolet,Third Party,No,No,0.04110600756110125,Low
11313,Apr,Chevrolet,Policy Holder,No,No,0.750836859426652,High
11314,Mar,Toyota,Third Party,No,No,0.15065390260543213,Low
11315,Mar,Pontiac,Policy Holder,No,No,0.7253171229027735,High
11316,Mar,Pontiac,Policy Holder,No,No,0.1108939702571738,Low
11317,Jul,Honda,Policy Holder,No,No,0.7934962867222023,High
11318,Aug,Honda,Policy Holder,No,No,0.12465800063381244,Low
11319,Jul,Honda,Third Party,No,No,0.04629860475102253,Low
11320,Dec,VW,Policy Holder,No,No,0.19080034850371128,Low
11321,Dec,Honda,Policy Holder,No,No,0.022225146173382587,Low
11322,Mar,Pontiac,Policy Holder,No,No,0.6974720676993343,High
11323,Aug,Chevrolet,Policy Holder,No,No,0.9931046745245603,High
11324,Sep,Toyota,Policy Holder,No,No,0.1209212789981841,Low
11325,Nov,Toyota,Policy Holder,No,No,0.5301053231615187,Medium
11326,Nov,Chevrolet,Third Party,No,No,0.02055672742171909,Low
11327,Dec,Honda,Third Party,No,No,0.044340101507072,Low
11328,Dec,Honda,Policy Holder,No,No,0.0625100106287408,Low
11329,Dec,Chevrolet,Policy Holder,No,No,0.08448590763103961,Low
11330,Dec,Toyota,Policy Holder,No,No,0.6117788751080102,High
11331,Apr,Honda,Policy Holder,No,No,0.9329689045526701,High
11332,Dec,Chevrolet,Third Party,No,No,0.056016131060940305,Low
11333,Nov,Pontiac,Policy Holder,No,No,0.38151773897430746,Medium
11334,Nov,Honda,Third Party,No,No,0.032359475449459184,Low
11335,Sep,Toyota,Policy Holder,No,No,0.5516718454398395,Medium
11336,Apr,Pontiac,Policy Holder,No,No,0.0913005138587716,Low
11337,Dec,Accura,Policy Holder,No,No,0.7330084174575683,High
11338,Dec,VW,Policy Holder,No,No,0.18885263859898552,Low
11339,Dec,Pontiac,Policy Holder,No,No,0.6507472040517113,High
11340,Dec,Honda,Third Party,No,No,0.048245283777458375,Low
11341,Sep,Toyota,Policy Holder,No,No,0.5375694218849902,Medium
11342,Jul,Toyota,Policy Holder,No,No,0.09924830508082438,Low
11343,Apr,Toyota,Third Party,No,No,0.03944067427448598,Low
11344,May,Chevrolet,Policy Holder,No,No,0.56250928502222,Medium
11345,Apr,Pontiac,Policy Holder,No,No,0.6174155273443074,High
11346,Dec,Honda,Policy Holder,No,No,0.6058713545695663,High
11347,Sep,Mazda,Policy Holder,No,No,0.1020320317482117,Low
11348,Sep,Mazda,Policy Holder,No,No,0.5310990664264413,Medium
11349,Apr,Toyota,Policy Holder,No,No,0.6398327491808421,High
11350,Aug,Pontiac,Third Party,No,No,0.03291564326963804,Low
11351,Aug,Chevrolet,Policy Holder,No,No,0.1427212641192021,Low
11352,Aug,Toyota,Policy Holder,No,No,0.13887145751795615,Low
11353,Jul,Honda,Policy Holder,No,No,0.0516478278563005,Low
11354,May,Chevrolet,Policy Holder,No,No,0.16361940294889052,Low
11355,Apr,Chevrolet,Policy Holder,No,No,0.14095567832454353,Low
11356,Feb,Toyota,Third Party,No,No,0.05218982231236829,Low
11357,Feb,Toyota,Third Party,No,No,0.003051824965550778,Low
11358,Dec,Chevrolet,Policy Holder,No,No,0.5461618378051496,Medium
11359,Dec,Nisson,Policy Holder,No,No,0.6661612313510229,High
11360,Apr,Honda,Third Party,No,No,0.0006559479009867905,Low
11361,Dec,Honda,Third Party,Yes,No,0.0031983319670576384,Low
11362,Nov,Chevrolet,Policy Holder,No,No,0.04812366896761648,Low
11363,Apr,Chevrolet,Policy Holder,No,No,0.11821917423550261,Low
11364,Oct,Mazda,Third Party,No,No,0.041711735264139446,Low
11365,Oct,Pontiac,Policy Holder,No,No,0.6208131216183167,High
11366,Jun,Toyota,Policy Holder,No,No,0.8094968411857296,High
11367,Jun,Pontiac,Policy Holder,No,No,0.10416961105388209,Low
11368,May,Pontiac,Policy Holder,No,No,0.5993034290083936,Medium
11369,Apr,Honda,Third Party,No,No,0.03436789558844187,Low
11370,May,Accura,Policy Holder,No,No,0.8874519582526327,High
11371,Apr,Mazda,Third Party,No,No,0.03771313676644828,Low
11372,Apr,Pontiac,Policy Holder,No,No,0.7610200366986446,High
11373,Mar,Toyota,Policy Holder,No,No,0.7582636628111942,High
11374,Mar,Honda,Third Party,No,No,0.880042610753988,High
11375,Jan,Pontiac,Policy Holder,No,No,0.7252307753852606,High
11376,Sep,Honda,Policy Holder,No,No,0.7352717851280389,High
11377,Apr,Mazda,Third Party,No,No,0.036345578589398964,Low
11378,Aug,Toyota,Policy Holder,No,No,0.09910231202704411,Low
11379,Aug,Chevrolet,Policy Holder,No,No,0.12920062866498072,Low
11380,Aug,Dodge,Policy Holder,No,No,0.06175054485511292,Low
11381,Mar,Toyota,Third Party,No,No,0.07925796728347238,Low
11382,Mar,Pontiac,Policy Holder,No,No,0.7412226784276466,High
11383,Apr,Toyota,Policy Holder,No,No,0.07457334973271738,Low
11384,May,Honda,Policy Holder,No,No,0.5986164950317036,Medium
11385,May,Toyota,Policy Holder,No,No,0.7787001850129142,High
11386,Jul,Honda,Policy Holder,No,No,0.06321354265288273,Low
11387,Jul,Mazda,Third Party,No,No,0.02914806585414068,Low
11388,Sep,Mazda,Policy Holder,No,No,0.8194597151407799,High
11389,Oct,VW,Policy Holder,No,No,0.018935554263987218,Low
11390,Oct,Toyota,Policy Holder,No,No,0.7386718270260049,High
11391,Nov,Chevrolet,Third Party,No,No,0.02040602756283598,Low
11392,Mar,Toyota,Policy Holder,Yes,No,0.667897119423746,High
11393,Apr,Pontiac,Third Party,No,No,0.10126204098574099,Low
11394,Apr,Mazda,Policy Holder,Yes,No,0.11705429889200371,Low
11395,Apr,Chevrolet,Policy Holder,No,No,0.6947851019472566,High
11396,Apr,Toyota,Policy Holder,No,No,0.6836107874987654,High
11397,Jul,Toyota,Policy Holder,No,No,0.07194387762285494,Low
11398,Aug,Nisson,Third Party,No,No,0.05579794004944285,Low
11399,Aug,Ford,Policy Holder,No,No,0.7549765485759334,High
11400,Oct,Chevrolet,Third Party,No,No,0.052959638871319124,Low
11401,Nov,Pontiac,Third Party,No,No,0.017369741717665848,Low
11402,Dec,Honda,Policy Holder,No,No,0.5888186785045506,Medium
11403,Dec,Honda,Policy Holder,No,No,0.05653276406095928,Low
11404,Dec,Mazda,Policy Holder,No,No,0.5991322199608278,Medium
11405,Dec,Chevrolet,Policy Holder,Yes,No,0.11745785584464047,Low
11406,Dec,Honda,Policy Holder,No,No,0.42978572198274034,Medium
11407,Nov,Toyota,Third Party,No,No,0.028049583576779724,Low
11408,Oct,Mazda,Policy Holder,No,No,0.7134042511961752,High
11409,Aug,Honda,Policy Holder,Yes,No,0.5021287517353454,Medium
11410,Jul,Pontiac,Policy Holder,No,No,0.4818434002060781,Medium
11411,Apr,Pontiac,Policy Holder,No,No,0.5892535294781326,Medium
11412,Apr,Toyota,Policy Holder,Yes,No,0.044390007964475196,Low
11413,Apr,Pontiac,Policy Holder,No,No,0.6701241557311549,High
11414,Apr,Ford,Policy Holder,No,No,0.7091361025569575,High
11415,Apr,Pontiac,Policy Holder,No,No,0.7781664460893204,High
11416,Dec,Pontiac,Policy Holder,No,No,0.4308962841012326,Medium
11417,Dec,Mazda,Policy Holder,No,No,0.08991684405735514,Low
11418,Dec,Honda,Policy Holder,No,No,0.5589617427419626,Medium
11419,Nov,Pontiac,Policy Holder,No,No,0.507222071679156,Medium
11420,Nov,Honda,Policy Holder,No,No,0.056180994321710365,Low
11421,Nov,Toyota,Policy Holder,No,No,0.08490745748609113,Low
11422,Oct,Toyota,Policy Holder,No,No,0.4406643897656159,Medium
11423,Oct,Pontiac,Policy Holder,No,No,0.14983416072666148,Low
11424,Sep,Pontiac,Policy Holder,No,No,0.7287704806723376,High
11425,Sep,Mazda,Policy Holder,No,No,0.7786206173696348,High
11426,Sep,Pontiac,Policy Holder,No,No,0.6674386532814188,High
11427,Aug,Honda,Policy Holder,No,No,0.6165928721755004,High
11428,Aug,Chevrolet,Policy Holder,No,No,0.6109283008443235,High
11429,Jul,Pontiac,Policy Holder,No,No,0.39006484868159846,Medium
11430,Jun,Chevrolet,Policy Holder,No,No,0.7253269462980737,High
11431,Jun,Toyota,Policy Holder,No,No,0.6373238404790761,High
11432,May,Accura,Policy Holder,No,No,0.7684485453022641,High
11433,May,Pontiac,Policy Holder,No,No,0.8349328497001931,High
11434,Apr,Mazda,Policy Holder,No,No,0.6976128058502925,High
11435,Apr,Mazda,Third Party,No,No,0.0032759928779685673,Low
11436,Apr,Mazda,Third Party,No,No,0.13664679181972528,Low
11437,Mar,Mazda,Third Party,No,No,0.06235235155988575,Low
11438,Sep,Mazda,Third Party,No,No,0.12190108938299782,Low
11439,Sep,Ford,Third Party,No,No,0.03475302355544143,Low
11440,Sep,Pontiac,Policy Holder,No,No,0.11025505507758453,Low
11441,Jan,Honda,Third Party,No,No,0.07229053659467846,Low
11442,Mar,Pontiac,Third Party,No,No,0.0022098748074268113,Low
11443,May,Pontiac,Policy Holder,No,No,0.12894585194520825,Low
11444,May,Chevrolet,Third Party,No,No,0.05421690688930276,Low
11445,Jul,Chevrolet,Third Party,No,No,0.026900812868406388,Low
11446,Oct,Chevrolet,Policy Holder,No,No,0.08457216116312433,Low
11447,Sep,Honda,Policy Holder,No,No,0.0733479054472551,Low
11448,Apr,Accura,Policy Holder,No,No,0.7873031513513117,High
11449,May,Pontiac,Third Party,No,No,0.005712245136394496,Low
11450,May,Toyota,Third Party,No,No,0.09154352107275707,Low
11451,Apr,Honda,Policy Holder,No,No,0.7898408433919772,High
11452,Sep,Pontiac,Policy Holder,No,No,0.09202646804545596,Low
11453,Sep,Honda,Policy Holder,No,No,0.7458819724681593,High
11454,Sep,Ford,Policy Holder,No,No,0.7099424766507362,High
11455,Dec,Mazda,Policy Holder,No,No,0.09993221712526941,Low
11456,Feb,Accura,Policy Holder,No,No,0.7397219261765686,High
11457,Feb,Accura,Policy Holder,No,No,0.8269633725002196,High
11458,Jul,Pontiac,Policy Holder,No,No,0.7350590079656529,High
11459,Aug,Pontiac,Third Party,No,No,0.0415179107885276,Low
11460,Jul,Pontiac,Policy Holder,No,No,0.42976656815381387,Medium
11461,Apr,Mazda,Third Party,No,No,0.032592246720244814,Low
11462,Apr,Ford,Third Party,No,No,0.18984416976827753,Low
11463,Dec,Toyota,Third Party,No,No,0.04070704281160116,Low
11464,Dec,Pontiac,Policy Holder,No,No,0.0384054340201014,Low
11465,May,Pontiac,Policy Holder,No,No,0.168642389590558,Low
11466,May,Mazda,Policy Holder,No,No,0.10291434246177848,Low
11467,Apr,Chevrolet,Policy Holder,No,No,0.8804443793162499,High
11468,Apr,Honda,Policy Holder,No,No,0.4436309179870405,Medium
11469,Apr,Mazda,Policy Holder,No,No,0.582277440949279,Medium
11470,Apr,Chevrolet,Policy Holder,No,No,0.11600072250319593,Low
11471,May,Toyota,Policy Holder,No,No,0.8854346067813776,High
11472,May,Saab,Policy Holder,No,No,0.7947646465711747,High
11473,Aug,Mazda,Third Party,No,No,0.05458593311835344,Low
11474,Jul,Pontiac,Policy Holder,No,No,0.4122836219264227,Medium
11475,Aug,Toyota,Third Party,No,No,0.07033459566187579,Low
11476,Sep,Honda,Policy Holder,No,No,0.8372968226662894,High
11477,Nov,Honda,Policy Holder,No,No,0.43444571420054856,Medium
11478,Apr,Chevrolet,Third Party,No,No,0.08704122898311668,Low
11479,Jun,Pontiac,Policy Holder,No,No,0.8193961420132232,High
11480,Mar,Honda,Third Party,No,No,0.14169242758955167,Low
11481,May,Pontiac,Policy Holder,No,No,0.7712714272787109,High
11482,Jun,Pontiac,Policy Holder,No,No,0.16626531609204612,Low
11483,Dec,Mazda,Policy Holder,No,No,0.10916785726713199,Low
11484,Dec,Toyota,Third Party,No,No,0.05367442091309567,Low
11485,Dec,Toyota,Third Party,No,No,0.011292632556935307,Low
11486,Apr,Honda,Third Party,No,No,0.021259391513382176,Low
11487,Oct,Toyota,Policy Holder,No,No,0.6355272538078088,High
11488,Oct,VW,Policy Holder,No,No,0.017227513667206755,Low
11489,Aug,Chevrolet,Third Party,Yes,No,0.04115473193780896,Low
11490,Apr,Pontiac,Policy Holder,No,No,0.8259248431397459,High
11491,Dec,Pontiac,Policy Holder,No,No,0.09904740281718172,Low
11492,Dec,Toyota,Policy Holder,No,No,0.4951126829216296,Medium
11493,Sep,Ford,Third Party,No,No,0.24130407334455692,Low
11494,Aug,Pontiac,Third Party,No,No,0.075795331906334,Low
11495,Apr,Toyota,Third Party,No,No,0.07048708046568189,Low
11496,Jul,Pontiac,Policy Holder,No,No,0.6597471929699413,High
11497,May,Pontiac,Policy Holder,No,No,0.11943306403405993,Low
11498,Oct,Pontiac,Policy Holder,No,No,0.5632387899973191,Medium
11499,Oct,Pontiac,Policy Holder,No,No,0.5930580584706014,Medium
11500,Sep,Honda,Third Party,No,No,0.05448538962185474,Low
11501,Apr,Toyota,Policy Holder,No,No,0.7445722882961668,High
11502,Apr,Chevrolet,Third Party,No,No,0.006164725222909087,Low
11503,Feb,Toyota,Policy Holder,No,No,0.11120543062310954,Low
11504,Sep,Honda,Third Party,No,No,0.0231178579499065,Low
11505,Jul,Pontiac,Policy Holder,No,No,0.0931155991430042,Low
11506,Jul,Chevrolet,Third Party,No,No,0.037245525045840465,Low
11507,Mar,Honda,Policy Holder,No,No,0.5880765408938007,Medium
11508,May,Toyota,Policy Holder,No,No,0.16000784636016166,Low
11509,Jun,Pontiac,Third Party,No,No,0.048001673753164775,Low
11510,Jul,Toyota,Third Party,No,No,0.04456419415834128,Low
11511,Aug,Toyota,Policy Holder,No,No,0.6566106294185059,High
11512,Sep,Pontiac,Third Party,No,No,0.02436085151044512,Low
11513,Apr,Mazda,Policy Holder,No,No,0.6883108878326417,High
11514,Sep,Chevrolet,Policy Holder,No,No,0.07058690866981168,Low
11515,Nov,Pontiac,Policy Holder,No,No,0.07012602792695455,Low
11516,Dec,Pontiac,Policy Holder,No,No,0.7759396746463453,High
11517,Dec,Toyota,Third Party,No,No,0.03360450549496909,Low
11518,May,VW,Policy Holder,No,No,0.01745271727162666,Low
11519,May,Honda,Policy Holder,No,No,0.13472474675657686,Low
11520,Aug,Pontiac,Policy Holder,No,No,0.6316840223098669,High
11521,Aug,Pontiac,Third Party,No,No,0.034749484302345264,Low
11522,Sep,Pontiac,Policy Holder,No,No,0.07715621728113516,Low
11523,Apr,Ford,Third Party,No,No,0.09504654643905922,Low
11524,Sep,Toyota,Policy Holder,No,No,0.498778895202822,Medium
11525,Dec,Accura,Policy Holder,No,No,0.08893704926565668,Low
11526,Dec,Toyota,Third Party,No,No,0.03469095478144467,Low
11527,Dec,Toyota,Policy Holder,No,No,0.9847573003134411,High
11528,Dec,Mazda,Policy Holder,No,No,0.10168849079921051,Low
11529,Sep,Honda,Policy Holder,No,No,0.09624184563114327,Low
11530,Sep,Pontiac,Policy Holder,No,No,0.6011101006402086,High
11531,Apr,Pontiac,Third Party,No,No,0.06863687882879597,Low
11532,Sep,Honda,Policy Holder,No,No,0.8170091799104768,High
11533,Sep,Pontiac,Policy Holder,No,No,0.7433358179033391,High
11534,Jun,Mazda,Policy Holder,No,No,0.6212934597183822,High
11535,Jun,Honda,Policy Holder,No,No,0.0852033443516704,Low
11536,May,Honda,Third Party,No,No,0.057320720162973564,Low
11537,May,Mazda,Policy Holder,No,No,0.575151786948205,Medium
11538,May,Toyota,Policy Holder,No,No,0.7054064976510994,High
11539,May,Chevrolet,Policy Holder,No,No,0.7813493339584826,High
11540,Apr,Toyota,Policy Holder,No,No,0.6431553039022426,High
11541,Jan,Toyota,Policy Holder,No,No,0.538652976281323,Medium
11542,Dec,Toyota,Policy Holder,No,No,0.7296687867286457,High
11543,Dec,Mazda,Policy Holder,No,No,0.047899366710070126,Low
11544,Nov,Mazda,Policy Holder,Yes,No,0.060666953849566836,Low
11545,Oct,Chevrolet,Third Party,No,No,0.059011834488258245,Low
11546,Oct,Honda,Policy Holder,No,No,0.6428344485711189,High
11547,Sep,Mazda,Third Party,No,No,0.0035593336421648756,Low
11548,Sep,Mazda,Policy Holder,No,No,0.5579960076761886,Medium
11549,Sep,Toyota,Policy Holder,No,No,0.6954703206355699,High
11550,Sep,Mercury,Policy Holder,No,No,0.8554635835662294,High
11551,Sep,Pontiac,Policy Holder,No,No,0.03543353387620037,Low
11552,Sep,Toyota,Policy Holder,No,No,0.6170976283291105,High
11553,Sep,Mazda,Policy Holder,No,No,0.10110502311534281,Low
11554,Aug,Toyota,Third Party,No,No,0.03840743526213354,Low
11555,Aug,Saturn,Policy Holder,No,No,0.7411273764846052,High
11556,Apr,Mazda,Third Party,No,No,0.056758114729770055,Low
11557,Jun,Mercury,Policy Holder,No,No,0.7326974134709245,High
11558,May,Honda,Policy Holder,No,No,0.14851602796515742,Low
11559,May,Toyota,Policy Holder,No,No,0.7828913001043084,High
11560,May,Pontiac,Policy Holder,No,No,0.7046841235855305,High
11561,Apr,Honda,Policy Holder,No,No,0.7971321325399882,High
11562,Mar,Ford,Policy Holder,No,No,0.14051100688646534,Low
11563,Feb,Honda,Policy Holder,No,No,0.767283693104188,High
11564,May,Chevrolet,Policy Holder,No,No,0.15331519927411186,Low
11565,May,Mazda,Third Party,No,No,0.05482449275318608,Low
11566,May,Chevrolet,Third Party,No,No,0.004250422254610383,Low
11567,Sep,Honda,Policy Holder,No,No,0.09199268386140211,Low
11568,Jun,Dodge,Policy Holder,No,No,0.0483579808623147,Low
11569,Jun,Accura,Policy Holder,No,No,0.2595218648272726,Low
11570,Jul,Honda,Policy Holder,No,No,0.5537204359101151,Medium
11571,Jul,Pontiac,Policy Holder,No,No,0.051214221161263306,Low
11572,Sep,Honda,Policy Holder,No,No,0.6163419127375109,High
11573,Nov,Honda,Policy Holder,No,No,0.0588742673665225,Low
11574,Nov,Pontiac,Policy Holder,No,No,0.04538131546144851,Low
11575,Oct,Chevrolet,Policy Holder,No,No,0.6707742818271736,High
11576,Dec,Mazda,Policy Holder,No,No,0.6176045593693555,High
11577,Mar,Toyota,Policy Holder,No,No,0.6383040350516183,High
11578,Oct,Honda,Third Party,No,No,0.6666740195340166,High
11579,Nov,Toyota,Policy Holder,Yes,No,0.5294672314559482,Medium
11580,Nov,Toyota,Policy Holder,No,No,0.0486651610205797,Low
11581,Dec,Toyota,Policy Holder,No,No,0.5429098892230854,Medium
11582,Jun,Mazda,Policy Holder,No,No,0.026997021192414664,Low
11583,Jun,Chevrolet,Third Party,No,No,0.004444224842511243,Low
11584,Apr,Toyota,Policy Holder,No,No,0.7263507833924477,High
11585,Sep,Honda,Third Party,No,No,0.03077726939282899,Low
11586,Dec,VW,Policy Holder,No,No,0.024214271006528936,Low
11587,Jan,Mazda,Policy Holder,No,No,0.6213293726427384,High
11588,Mar,Ford,Policy Holder,No,No,0.25431041173669305,Low
11589,Jun,Toyota,Policy Holder,No,No,0.20089003966708882,Low
11590,Jun,Toyota,Policy Holder,No,No,0.18511295757420487,Low
11591,May,Mazda,Policy Holder,No,No,0.11690892136866131,Low
11592,Jul,Honda,Policy Holder,No,No,0.059723440840015164,Low
11593,Sep,Honda,Policy Holder,No,No,0.4780933189120437,Medium
11594,Sep,Honda,Policy Holder,No,No,0.08816343523779753,Low
11595,Oct,VW,Policy Holder,No,No,0.32476795340873404,Medium
11596,Oct,Dodge,Policy Holder,No,No,0.03926339436423815,Low
11597,Dec,Accura,Third Party,No,No,0.05218459958273071,Low
11598,Dec,Ford,Policy Holder,No,No,0.780397972352871,High
11599,Jun,Pontiac,Third Party,No,No,0.0035083063041322425,Low
11600,May,Chevrolet,Third Party,No,No,0.0944858732177123,Low
11601,Apr,Honda,Policy Holder,No,No,0.10753368679302716,Low
11602,May,Honda,Third Party,No,No,0.0036252038656090836,Low
11603,Aug,Toyota,Third Party,No,No,0.0026644509278198314,Low
11604,Nov,Dodge,Third Party,No,No,0.011495486718725658,Low
11605,Oct,Honda,Policy Holder,No,No,0.10952709630974462,Low
11606,Dec,Ford,Policy Holder,No,No,0.6214085348614512,High
11607,Apr,Toyota,Third Party,No,No,0.06546167993923349,Low
11608,Oct,Toyota,Policy Holder,No,No,0.6850399161075796,High
11609,Aug,Mazda,Policy Holder,No,No,0.6876828146127422,High
11610,May,Saab,Policy Holder,No,No,0.8210431668417039,High
11611,Oct,Pontiac,Policy Holder,No,No,0.0998726797631336,Low
11612,Oct,Toyota,Policy Holder,No,No,0.5698918871523799,Medium
11613,Oct,Ford,Policy Holder,No,No,0.09695840941709602,Low
11614,Aug,Toyota,Third Party,No,No,0.03713001510131145,Low
11615,Jul,Honda,Policy Holder,No,No,0.5295475106961797,Medium
11616,Jun,Pontiac,Policy Holder,No,No,0.13191718596333477,Low
11617,Mar,Pontiac,Policy Holder,No,No,0.7582425610132177,High
11618,Jan,Toyota,Policy Holder,No,No,0.7452300801725822,High
11619,Nov,Chevrolet,Policy Holder,No,No,0.052838470625071535,Low
11620,Jun,Pontiac,Policy Holder,No,No,0.09321645551917715,Low
11621,Apr,Mazda,Policy Holder,No,No,0.10203620369779784,Low
11622,Nov,Honda,Third Party,No,No,0.024225300025347153,Low
11623,Nov,Mazda,Third Party,No,No,0.06226884643128602,Low
11624,Jul,Pontiac,Policy Holder,No,No,0.06866746539898172,Low
11625,Mar,Toyota,Policy Holder,No,No,0.7213374306494855,High
11626,Jan,Pontiac,Policy Holder,No,No,0.6974629641570683,High
11627,Jan,VW,Policy Holder,No,No,0.2063561107227058,Low
11628,Dec,Pontiac,Policy Holder,No,No,0.3909168283950006,Medium
11629,Dec,Chevrolet,Third Party,No,No,0.10384993524691347,Low
11630,Dec,Pontiac,Policy Holder,No,No,0.08336889508465771,Low
11631,Sep,Toyota,Policy Holder,No,No,0.6555103090345342,High
11632,Feb,Honda,Policy Holder,No,No,0.7088451638389769,High
11633,Jan,Honda,Policy Holder,No,No,0.44134713781585705,Medium
11634,Apr,Toyota,Policy Holder,No,No,0.8076665155789882,High
11635,May,Pontiac,Policy Holder,No,No,0.7325501182999848,High
11636,Sep,Chevrolet,Policy Holder,No,No,0.08086958331084715,Low
11637,Sep,Pontiac,Third Party,No,No,0.08367191995863252,Low
11638,Sep,Toyota,Third Party,No,No,0.09911306204627593,Low
11639,Nov,Mazda,Policy Holder,No,No,0.05049462536055009,Low
11640,Jan,Honda,Third Party,No,No,0.07931405091611506,Low
11641,May,Toyota,Policy Holder,No,No,0.0913720384991282,Low
11642,Sep,Honda,Policy Holder,No,No,0.06751068876048304,Low
11643,Sep,Toyota,Third Party,No,No,0.040469420738272886,Low
11644,Apr,Toyota,Policy Holder,No,No,0.10935450964249686,Low
11645,Oct,Honda,Third Party,No,No,0.041840424385076846,Low
11646,Dec,Ford,Policy Holder,No,No,0.11136835184748059,Low
11647,Dec,Pontiac,Third Party,No,No,0.0029393025385998635,Low
11648,Dec,Honda,Policy Holder,No,No,0.48069797520621543,Medium
11649,Dec,Toyota,Third Party,No,No,0.08466596154471207,Low
11650,Oct,Mazda,Policy Holder,No,No,0.08600715965865798,Low
11651,Apr,Pontiac,Third Party,No,No,0.04321252793660167,Low
11652,May,Mazda,Policy Holder,No,No,0.7579338061053654,High
11653,May,Pontiac,Policy Holder,No,No,0.13473756144620114,Low
11654,May,Pontiac,Policy Holder,No,No,0.8189975371032352,High
11655,May,Mazda,Policy Holder,No,No,0.6114443457953234,High
11656,May,Chevrolet,Policy Holder,No,No,0.08012056551626386,Low
11657,May,Pontiac,Policy Holder,No,No,0.8055773414774621,High
11658,Apr,Mazda,Policy Holder,No,No,0.7577823952699767,High
11659,Jan,Honda,Policy Holder,No,No,0.07305815476000872,Low
11660,Dec,Chevrolet,Policy Holder,No,No,0.6424312467513437,High
11661,Nov,Pontiac,Policy Holder,No,No,0.07531563382378927,Low
11662,Nov,Mazda,Policy Holder,No,No,0.05491920129732213,Low
11663,Sep,Honda,Policy Holder,No,No,0.06401776254894338,Low
11664,Aug,Dodge,Third Party,No,No,0.018912063985715544,Low
11665,Jul,Pontiac,Third Party,No,No,0.0405346820481175,Low
11666,May,Mazda,Policy Holder,No,No,0.7473823791363554,High
11667,Feb,Toyota,Policy Holder,No,No,0.2456731880942935,Low
11668,Apr,Honda,Policy Holder,No,No,0.642096092865867,High
11669,Jan,Toyota,Policy Holder,No,No,0.6673244905416558,High
11670,Oct,Chevrolet,Third Party,No,No,0.056089588301839986,Low
11671,Jan,Honda,Policy Holder,No,No,0.1776997620923593,Low
11672,Jul,Chevrolet,Policy Holder,No,No,0.057351008021708255,Low
11673,Aug,Pontiac,Policy Holder,No,No,0.430301004499769,Medium
11674,Oct,Toyota,Policy Holder,No,No,0.07953015215251272,Low
11675,Nov,Pontiac,Policy Holder,No,No,0.0290766563831315,Low
11676,Apr,Honda,Policy Holder,No,No,0.05306199264308308,Low
11677,Apr,Toyota,Third Party,No,No,0.09579729687060343,Low
11678,May,Mazda,Policy Holder,No,No,0.6122049536332191,High
11679,May,Dodge,Policy Holder,No,No,0.05121086038736456,Low
11680,Sep,Pontiac,Policy Holder,No,No,0.9863486628915527,High
11681,Aug,Chevrolet,Policy Holder,No,No,0.10544357086663247,Low
11682,Apr,Mazda,Policy Holder,No,No,0.7754296820853759,High
11683,Nov,Honda,Policy Holder,No,No,0.39050529709717907,Medium
11684,Dec,Pontiac,Policy Holder,No,No,0.5684333904131016,Medium
11685,Apr,Mazda,Third Party,Yes,No,0.163239611441056,Low
11686,Jul,Mazda,Policy Holder,No,No,0.09748560161258356,Low
11687,Aug,Pontiac,Third Party,Yes,No,0.06693697255026285,Low
11688,Oct,Toyota,Third Party,No,No,0.004923151815733988,Low
11689,Dec,Mazda,Policy Holder,No,No,0.08678967048463505,Low
11690,Aug,Honda,Policy Holder,No,No,0.7149959458427148,High
11691,Apr,Toyota,Policy Holder,No,No,0.6984074305217924,High
11692,Jun,Toyota,Policy Holder,No,No,0.5883265453455372,Medium
11693,Jan,Pontiac,Policy Holder,No,No,0.7960814104831752,High
11694,Jun,Chevrolet,Third Party,No,No,0.07555545778808194,Low
11695,Sep,Chevrolet,Policy Holder,No,No,0.1059661924472704,Low
11696,Apr,Honda,Third Party,No,No,0.04135782027312407,Low
11697,Aug,Toyota,Policy Holder,No,No,0.7998346648120457,High
11698,Jul,Accura,Policy Holder,No,No,0.604481642553121,High
11699,Sep,Pontiac,Policy Holder,No,No,0.5215035836410756,Medium
11700,Oct,Mazda,Third Party,No,No,0.0029390919880155856,Low
11701,Oct,Pontiac,Third Party,No,No,0.04619992003476854,Low
11702,Oct,Ford,Third Party,No,No,0.005114438027195984,Low
11703,Jan,Honda,Policy Holder,No,No,0.47136671094108545,Medium
11704,Jan,Pontiac,Third Party,No,No,0.07262506415119531,Low
11705,Apr,Ford,Policy Holder,No,No,0.12715357543831335,Low
11706,May,Toyota,Policy Holder,No,No,0.49627278911651845,Medium
11707,May,Pontiac,Policy Holder,No,No,0.546567042757183,Medium
11708,Jul,Pontiac,Policy Holder,No,No,0.38627726611165913,Medium
11709,Jul,Toyota,Policy Holder,No,No,0.1092819584203523,Low
11710,Nov,Honda,Policy Holder,No,No,0.05384438119082285,Low
11711,Nov,Pontiac,Policy Holder,No,No,0.42209194631790614,Medium
11712,Sep,Pontiac,Third Party,No,No,0.06615737121534108,Low
11713,Dec,Ford,Policy Holder,No,No,0.10151786055525379,Low
11714,May,Chevrolet,Third Party,No,No,0.005033668695024465,Low
11715,Dec,Pontiac,Policy Holder,No,No,0.060539468251212245,Low
11716,May,Mazda,Policy Holder,No,No,0.7179066712205969,High
11717,May,Pontiac,Third Party,No,No,0.06818632159293414,Low
11718,Sep,Honda,Policy Holder,No,No,0.39814574105285583,Medium
11719,Jul,Honda,Policy Holder,No,No,0.652804298690129,High
11720,Oct,Pontiac,Policy Holder,No,No,0.6976515638041362,High
11721,Jun,Pontiac,Policy Holder,No,No,0.6646566069708592,High
11722,Jun,Mercury,Policy Holder,No,No,0.2339580867408075,Low
11723,Nov,Ford,Policy Holder,No,No,0.6842741873216783,High
11724,Nov,Pontiac,Policy Holder,No,No,0.06365327763817372,Low
11725,Oct,Toyota,Policy Holder,No,No,0.7073055156220861,High
11726,Oct,Toyota,Policy Holder,No,No,0.23104907538025585,Low
11727,Aug,Pontiac,Policy Holder,No,No,0.6522322316322479,High
11728,Jul,Chevrolet,Third Party,No,No,0.040416134048580056,Low
11729,Apr,Mazda,Third Party,No,No,0.053365819561177176,Low
11730,Apr,Honda,Policy Holder,No,No,0.505009733993293,Medium
11731,Jan,Chevrolet,Policy Holder,No,No,0.7945126895028289,High
11732,Jan,Mazda,Third Party,No,No,0.11289291788879327,Low
11733,Apr,Chevrolet,Policy Holder,No,No,0.5304630240240191,Medium
11734,Aug,Mazda,Policy Holder,No,No,0.6936946215193254,High
11735,Sep,Toyota,Policy Holder,No,No,0.6166580458026296,High
11736,Sep,Chevrolet,Policy Holder,No,No,0.6556996272271952,High
11737,Sep,Honda,Policy Holder,No,No,0.6119964742115312,High
11738,Oct,Mazda,Policy Holder,No,No,0.023540613072871575,Low
11739,Apr,Toyota,Third Party,Yes,No,0.07941561489747248,Low
11740,Oct,Pontiac,Policy Holder,No,No,0.7156823720116315,High
11741,Oct,Chevrolet,Policy Holder,No,No,0.6693504799460848,High
11742,Sep,Pontiac,Policy Holder,No,No,0.555316289059795,Medium
11743,Sep,Honda,Third Party,No,No,0.01635126962807812,Low
11744,Jun,Toyota,Policy Holder,No,No,0.16437669853841785,Low
11745,Apr,Pontiac,Policy Holder,No,No,0.7442752127212557,High
11746,Oct,Pontiac,Third Party,No,No,0.04391752720078944,Low
11747,Oct,Honda,Policy Holder,No,No,0.5476279354519586,Medium
11748,Aug,Mazda,Third Party,No,No,0.04391178256527614,Low
11749,Feb,Pontiac,Third Party,No,No,0.031713924650368625,Low
11750,Dec,Toyota,Third Party,No,No,0.0025515892370422846,Low
11751,Jan,Accura,Policy Holder,No,No,0.5492521073047245,Medium
11752,Jul,Toyota,Policy Holder,No,No,0.6525185779388946,High
11753,Jul,Chevrolet,Policy Holder,No,No,0.527350198177031,Medium
11754,Apr,Chevrolet,Policy Holder,No,No,0.6907646368706419,High
11755,Aug,Honda,Policy Holder,Yes,Yes,0.7492542912340925,High
11756,Oct,Honda,Policy Holder,No,No,0.6908110907508938,High
11757,Dec,Mazda,Policy Holder,No,No,0.15023314623004855,Low
11758,Jun,Pontiac,Policy Holder,No,No,0.1205333615819228,Low
11759,Aug,Honda,Policy Holder,No,No,0.6829457615798751,High
11760,Oct,Pontiac,Policy Holder,No,No,0.8130797233720578,High
11761,Oct,Toyota,Policy Holder,No,No,0.5772500150131786,Medium
11762,Oct,Chevrolet,Policy Holder,No,No,0.586457119195821,Medium
11763,Apr,Honda,Policy Holder,No,No,0.6257812720797641,High
11764,Jan,Honda,Policy Holder,No,No,0.5601107125693982,Medium
11765,Mar,Pontiac,Policy Holder,No,No,0.1048000051882366,Low
11766,May,Accura,Policy Holder,No,No,0.8625228906899282,High
11767,May,Honda,Policy Holder,No,No,0.6433806216528589,High
11768,Sep,Honda,Third Party,No,No,0.05786629954179016,Low
11769,Sep,Toyota,Policy Holder,No,No,0.11808509209220326,Low
11770,Apr,Toyota,Third Party,No,No,0.0591324578314884,Low
11771,Oct,Mazda,Third Party,No,No,0.043117168754315746,Low
11772,Oct,Toyota,Policy Holder,No,No,0.11393104687894814,Low
11773,Dec,Toyota,Policy Holder,No,No,0.6418144778646361,High
11774,Nov,Toyota,Policy Holder,No,No,0.6469237987934118,High
11775,May,Mazda,Third Party,No,No,0.0030741350191587423,Low
11776,Jun,Toyota,Policy Holder,No,No,0.3637017746896951,Medium
11777,Jun,Chevrolet,Third Party,No,No,0.061987921934831505,Low
11778,Jun,Pontiac,Policy Holder,No,No,0.15925661850508682,Low
11779,Jan,Pontiac,Policy Holder,No,No,0.7603053534433766,High
11780,Mar,Honda,Third Party,No,No,0.06257055292108847,Low
11781,Jun,Nisson,Policy Holder,No,No,0.6213228906117465,High
11782,Sep,Chevrolet,Policy Holder,No,No,0.9674253610909717,High
11783,Apr,Chevrolet,Policy Holder,No,No,0.7838815330396259,High
11784,Nov,Pontiac,Policy Holder,No,No,0.3753974664808895,Medium
11785,Jan,Pontiac,Third Party,No,No,0.03617119490348344,Low
11786,Jan,Toyota,Third Party,No,No,0.038809098911173054,Low
11787,Jun,Toyota,Policy Holder,No,No,0.56009348696507,Medium
11788,May,Dodge,Policy Holder,No,No,0.08427060677148644,Low
11789,Dec,Pontiac,Policy Holder,No,No,0.5143270359162392,Medium
11790,Oct,Mazda,Third Party,No,No,0.051396890115240096,Low
11791,Apr,Toyota,Third Party,No,No,0.0788086985085248,Low
11792,Oct,Honda,Third Party,No,No,0.004584456453467454,Low
11793,Jun,Pontiac,Policy Holder,No,No,0.11644128113116332,Low
11794,Apr,Pontiac,Policy Holder,No,No,0.6051456909127939,High
11795,Aug,Mazda,Policy Holder,No,No,0.09273148752244849,Low
11796,Aug,Toyota,Policy Holder,No,No,0.06789852857559776,Low
11797,Feb,Honda,Third Party,No,No,0.03918411065995686,Low
11798,Feb,Pontiac,Third Party,No,No,0.033111161163078016,Low
11799,Mar,Honda,Policy Holder,No,No,0.3977978143727548,Medium
11800,Mar,Honda,Policy Holder,No,No,0.12665867638848866,Low
11801,May,Toyota,Third Party,No,No,0.03931323122073819,Low
11802,Apr,Toyota,Policy Holder,No,No,0.20565624075768596,Low
11803,Sep,Mazda,Policy Holder,No,No,0.05438095281266113,Low
11804,Aug,Toyota,Policy Holder,No,No,0.1715336138465109,Low
11805,May,Mazda,Policy Holder,No,No,0.10274649411058043,Low
11806,Jan,Pontiac,Third Party,No,No,0.04808475209300109,Low
11807,Jun,Pontiac,Policy Holder,No,No,0.5673619403269279,Medium
11808,Apr,Honda,Policy Holder,No,No,0.8135373605888654,High
11809,Feb,Honda,Third Party,No,No,0.032900657107369814,Low
11810,Nov,Honda,Policy Holder,No,No,0.4847326135801409,Medium
11811,Apr,Pontiac,Third Party,No,No,0.04251819174485577,Low
11812,Apr,Mazda,Policy Holder,No,No,0.1447126520885161,Low
11813,Dec,Toyota,Policy Holder,No,No,0.7914348819315846,High
11814,Nov,Pontiac,Policy Holder,No,No,0.045829520887033175,Low
11815,Jul,Honda,Policy Holder,No,No,0.7449741259105812,High
11816,Jun,Toyota,Policy Holder,No,No,0.13973308596446332,Low
11817,Jan,Toyota,Policy Holder,No,No,0.10407804606203129,Low
11818,Apr,Mazda,Third Party,No,No,0.05780143883750699,Low
11819,Jul,Honda,Policy Holder,No,No,0.08717520954304318,Low
11820,Jan,Toyota,Policy Holder,No,No,0.7805879332176868,High
11821,Jan,Chevrolet,Third Party,No,No,0.06675881126592884,Low
11822,Oct,Pontiac,Policy Holder,No,No,0.5697119482742288,Medium
11823,Nov,Honda,Policy Holder,No,No,0.4362314828613309,Medium
11824,Oct,Pontiac,Policy Holder,No,No,0.4534116441726886,Medium
11825,Sep,Toyota,Policy Holder,No,No,0.4073024025694382,Medium
11826,Jan,VW,Policy Holder,No,No,0.34242063089341696,Medium
11827,Jan,Chevrolet,Policy Holder,No,No,0.10918455292788311,Low
11828,Jan,Ford,Policy Holder,Yes,No,0.7080906829752321,High
11829,Jan,Toyota,Policy Holder,No,No,0.15735449159490708,Low
11830,Jan,Pontiac,Policy Holder,No,No,0.5513094242418939,Medium
11831,Jan,Pontiac,Policy Holder,No,No,0.10226028356243762,Low
11832,Apr,Pontiac,Third Party,No,No,0.041770858974982894,Low
11833,Aug,Mazda,Policy Holder,No,No,0.8639184714821206,High
11834,Jul,Pontiac,Third Party,No,No,0.05286411294153833,Low
11835,Jul,Mazda,Policy Holder,No,No,0.030069363482353527,Low
11836,Feb,Toyota,Third Party,No,No,0.067716629930557,Low
11837,Jan,Toyota,Third Party,No,No,0.0787658599443287,Low
11838,Jan,Pontiac,Policy Holder,No,No,0.8162791398328981,High
11839,Jan,Toyota,Third Party,No,No,0.07774800067685719,Low
11840,Mar,Honda,Third Party,Yes,No,0.04437929200857598,Low
11841,Mar,Toyota,Policy Holder,No,No,0.7281462804226222,High
11842,Jan,Mercury,Policy Holder,No,No,0.8200857641023953,High
11843,Jan,Toyota,Policy Holder,No,No,0.1799046347947507,Low
11844,Jun,Pontiac,Policy Holder,No,No,0.5615238529726239,Medium
11845,Jan,Toyota,Policy Holder,No,No,0.6721402090877642,High
11846,Jan,Pontiac,Third Party,No,No,0.047999981879310157,Low
11847,Mar,Chevrolet,Policy Holder,No,No,0.7295639027566848,High
11848,Mar,Accura,Third Party,No,No,0.11857302090914106,Low
11849,Mar,Pontiac,Third Party,No,No,0.05002039170410448,Low
11850,Jul,Accura,Policy Holder,No,No,0.8516855979235352,High
11851,Nov,Pontiac,Policy Holder,No,No,0.42863421884656777,Medium
11852,Oct,Pontiac,Third Party,No,No,0.05636082632803387,Low
11853,Mar,Pontiac,Policy Holder,No,No,0.19412310259348778,Low
11854,Mar,Accura,Policy Holder,No,No,0.8891639752645927,High
11855,May,Pontiac,Policy Holder,No,No,0.21175099849017914,Low
11856,Apr,Toyota,Policy Holder,No,No,0.8148009719539306,High
11857,Apr,Toyota,Policy Holder,No,No,0.6565950208866312,High
11858,Apr,Chevrolet,Policy Holder,No,No,0.20362644096816143,Low
11859,Jun,Mazda,Policy Holder,No,No,0.6981587503382732,High
11860,Jun,Honda,Policy Holder,No,No,0.1584570581058335,Low
11861,Jul,Chevrolet,Third Party,No,No,0.050758332350350606,Low
11862,Oct,Toyota,Policy Holder,No,No,0.5779463151269196,Medium
11863,Oct,Pontiac,Third Party,No,No,0.05947251798514005,Low
11864,Sep,Mazda,Policy Holder,No,No,0.09881135739415747,Low
11865,Oct,Pontiac,Policy Holder,No,No,0.4850592839458734,Medium
11866,Mar,Toyota,Policy Holder,No,No,0.6381409989451078,High
11867,Apr,Mazda,Policy Holder,No,No,0.48702955211467214,Medium
11868,Mar,Toyota,Policy Holder,No,No,0.7445353853046413,High
11869,May,Chevrolet,Policy Holder,No,No,0.9341375979479728,High
11870,Jun,Toyota,Policy Holder,No,No,0.19382844923057937,Low
11871,Jun,Honda,Policy Holder,Yes,No,0.6369801451144957,High
11872,Apr,Toyota,Policy Holder,No,No,0.6380150764835589,High
11873,Aug,Pontiac,Policy Holder,No,No,0.12486702711828035,Low
11874,Oct,Chevrolet,Policy Holder,No,No,0.22601700457549367,Low
11875,Jan,Pontiac,Policy Holder,No,No,0.09287774722263785,Low
11876,May,Pontiac,Policy Holder,No,No,0.8180904561396327,High
11877,May,Toyota,Policy Holder,No,No,0.7340333553539578,High
11878,May,Honda,Policy Holder,No,No,0.7461195658510468,High
11879,Jun,Honda,Policy Holder,No,No,0.1652802480306246,Low
11880,Jun,Honda,Policy Holder,No,No,0.5807112281031244,Medium
11881,Nov,Honda,Policy Holder,No,No,0.3549817675551584,Medium
11882,Apr,Toyota,Policy Holder,No,No,0.1130630826142253,Low
11883,Jan,Mazda,Policy Holder,No,No,0.676563174224483,High
11884,Jan,Pontiac,Policy Holder,No,No,0.7918177741747847,High
11885,May,Honda,Policy Holder,No,No,0.8560391979674933,High
11886,Jun,Toyota,Third Party,No,No,0.08210917319608531,Low
11887,Jun,Mazda,Third Party,No,No,0.1322928249358908,Low
11888,Aug,Chevrolet,Policy Holder,No,No,0.5272651389805554,Medium
11889,Oct,Toyota,Policy Holder,No,No,0.11675411282232391,Low
11890,Nov,Pontiac,Policy Holder,No,No,0.559565502518493,Medium
11891,Nov,Mazda,Policy Holder,No,No,0.036098269077767704,Low
11892,Apr,Toyota,Third Party,No,No,0.05533308431394618,Low
11893,Mar,Honda,Policy Holder,No,No,0.09122023176489365,Low
11894,Jul,Honda,Policy Holder,No,No,0.06871323996843456,Low
11895,Jun,Toyota,Policy Holder,No,No,0.10480422479987865,Low
11896,Sep,Chevrolet,Policy Holder,No,No,0.6176342421213467,High
11897,Sep,Pontiac,Third Party,No,No,0.028295575654907076,Low
11898,Nov,Chevrolet,Third Party,No,No,0.018577233698228664,Low
11899,Apr,Pontiac,Policy Holder,No,No,0.7714390510081467,High
11900,Apr,Honda,Third Party,No,No,0.02854357747197289,Low
11901,Apr,BMW,Policy Holder,No,No,0.8221325695930053,High
11902,Apr,Honda,Policy Holder,No,No,0.7324799281262633,High
11903,Sep,Pontiac,Third Party,Yes,No,0.037633551689341065,Low
11904,Sep,VW,Policy Holder,No,No,0.2896028462639969,Low
11905,Dec,Pontiac,Policy Holder,No,No,0.01943526929287146,Low
11906,Mar,Dodge,Policy Holder,No,No,0.08308262561423538,Low
11907,Apr,Honda,Policy Holder,No,No,0.16057631049738202,Low
11908,Mar,Pontiac,Policy Holder,No,No,0.2552227806771753,Low
11909,Mar,Honda,Policy Holder,No,No,0.0867663371952356,Low
11910,Apr,Pontiac,Policy Holder,No,No,0.692406607294292,High
11911,Feb,Chevrolet,Policy Holder,No,No,0.08875590977100734,Low
11912,Feb,Pontiac,Policy Holder,No,No,0.037614221502895694,Low
11913,Aug,Toyota,Third Party,No,No,0.002880652429828483,Low
11914,Sep,Pontiac,Third Party,No,No,0.025759935786566598,Low
11915,May,Honda,Policy Holder,No,No,0.60311431199077,High
11916,Feb,Pontiac,Policy Holder,No,No,0.6774740301784982,High
11917,Feb,Toyota,Policy Holder,No,No,0.1209652343063303,Low
11918,Nov,Toyota,Policy Holder,No,No,0.3897651216713944,Medium
11919,May,Ford,Policy Holder,No,No,0.8060729881502484,High
11920,Jul,Pontiac,Third Party,No,No,0.037183530724812716,Low
11921,Aug,Honda,Policy Holder,No,No,0.11641907140838345,Low
11922,Dec,Accura,Third Party,No,No,0.25176457248751233,Low
11923,Jan,Toyota,Policy Holder,No,No,0.601905316093626,High
11924,Jan,Toyota,Third Party,No,No,0.05468625100196568,Low
11925,Jan,Pontiac,Policy Holder,No,No,0.09481411540395453,Low
11926,Jan,Toyota,Policy Holder,No,No,0.7664029023153428,High
11927,May,Pontiac,Policy Holder,No,No,0.6400657516890839,High
11928,May,Pontiac,Policy Holder,No,No,0.6586883357019525,High
11929,Apr,VW,Policy Holder,No,No,0.1553534330118987,Low
11930,Jan,Honda,Policy Holder,No,No,0.6629485102360142,High
11931,Jan,Honda,Policy Holder,No,No,0.6674572616342997,High
11932,Jan,Pontiac,Third Party,No,No,0.052181785367430275,Low
11933,Dec,Toyota,Third Party,No,No,0.038768533276438956,Low
11934,Aug,Honda,Policy Holder,No,No,0.5489461890229541,Medium
11935,Sep,Pontiac,Policy Holder,No,No,0.9867789100553173,High
11936,Oct,Ford,Policy Holder,No,No,0.11615365152182254,Low
11937,Oct,Dodge,Third Party,No,No,0.022612233129004435,Low
11938,Oct,Mazda,Policy Holder,No,No,0.5451881308621934,Medium
11939,May,Pontiac,Policy Holder,No,No,0.672556508720417,High
11940,May,Pontiac,Policy Holder,No,No,0.6892019339624936,High
11941,Dec,Honda,Policy Holder,No,No,0.05395214307471664,Low
11942,Dec,Pontiac,Policy Holder,No,No,0.06263569829828153,Low
11943,Dec,Mazda,Policy Holder,No,No,0.07796522836081844,Low
11944,Dec,Pontiac,Policy Holder,No,No,0.4405273415159425,Medium
11945,May,Toyota,Third Party,No,No,0.10376596577713157,Low
11946,Dec,Honda,Policy Holder,No,No,0.6458423514695775,High
11947,Jul,Toyota,Third Party,No,No,0.04187103942442495,Low
11948,Jul,Honda,Third Party,No,No,0.0013557408813047538,Low
11949,Mar,Chevrolet,Policy Holder,Yes,No,0.8120110393446613,High
11950,Mar,Chevrolet,Third Party,No,No,0.02857058438084193,Low
11951,Feb,Honda,Policy Holder,No,No,0.8164852462685545,High
11952,Feb,Mazda,Policy Holder,No,No,0.6145336922266875,High
11953,Jan,Pontiac,Policy Holder,No,No,0.5596731889844819,Medium
11954,Jan,Pontiac,Policy Holder,No,No,0.10383938941399311,Low
11955,Jan,Toyota,Policy Holder,No,No,0.11964098452584736,Low
11956,Feb,Pontiac,Policy Holder,No,No,0.49816662656607913,Medium
11957,Feb,Pontiac,Policy Holder,No,No,0.0771873829159652,Low
11958,Feb,Pontiac,Policy Holder,No,No,0.14190047038976927,Low
11959,Feb,Honda,Policy Holder,No,No,0.2033142734622017,Low
11960,Mar,Mazda,Policy Holder,No,No,0.7649045179080826,High
11961,Mar,Toyota,Policy Holder,No,No,0.7384568937120014,High
11962,May,Honda,Policy Holder,No,No,0.08074993291199907,Low
11963,Jun,Toyota,Policy Holder,No,No,0.7312764055507859,High
11964,May,Honda,Third Party,No,No,0.04141816518124115,Low
11965,May,Pontiac,Policy Holder,No,No,0.16579135886977187,Low
11966,May,Mazda,Third Party,Yes,No,0.04032371678994781,Low
11967,May,Chevrolet,Third Party,No,No,0.04334720835008691,Low
11968,Jan,Chevrolet,Policy Holder,No,No,0.11660209693255742,Low
11969,Dec,Pontiac,Policy Holder,No,No,0.056885189156862075,Low
11970,Sep,Pontiac,Policy Holder,No,No,0.6699695577398824,High
11971,Sep,Pontiac,Third Party,No,No,0.06277563734752575,Low
11972,Aug,Pontiac,Policy Holder,No,No,0.10907539076146114,Low
11973,May,Mazda,Policy Holder,No,No,0.8737759257062014,High
11974,May,Toyota,Third Party,No,No,0.1391061325198095,Low
11975,Jul,Mazda,Third Party,Yes,No,0.028186958022674412,Low
11976,Jul,Chevrolet,Third Party,Yes,No,0.03525950249221656,Low
11977,Jul,Toyota,Policy Holder,No,No,0.10800782484079514,Low
11978,Jun,Pontiac,Policy Holder,No,No,0.6367985311884015,High
11979,May,Pontiac,Policy Holder,No,No,0.08038958411456362,Low
11980,Oct,Honda,Policy Holder,No,No,0.6698076756337139,High
11981,Aug,Chevrolet,Policy Holder,No,No,0.5718484190334633,Medium
11982,May,Saab,Policy Holder,No,No,0.8606953911042196,High
11983,Jun,Chevrolet,Third Party,No,No,0.0007932473920475915,Low
11984,Jan,Nisson,Policy Holder,No,No,0.7659527986981035,High
11985,Aug,Mazda,Policy Holder,No,No,0.07486693981117605,Low
11986,Dec,Nisson,Policy Holder,No,No,0.7600338578128428,High
11987,Dec,Toyota,Third Party,No,No,0.05655130647306611,Low
11988,Nov,Toyota,Policy Holder,No,No,0.058726807889380166,Low
11989,Oct,Chevrolet,Policy Holder,No,No,0.10809335688361472,Low
11990,Oct,Chevrolet,Policy Holder,No,No,0.6074419170560003,High
11991,May,Toyota,Policy Holder,No,No,0.7053300694415041,High
11992,Jan,Accura,Policy Holder,No,No,0.09625359321143326,Low
11993,Jan,Honda,Policy Holder,No,No,0.7087093528886966,High
11994,Jan,Honda,Policy Holder,No,No,0.5306312278510621,Medium
11995,Jun,Pontiac,Policy Holder,No,No,0.15784737786619085,Low
11996,Feb,Toyota,Policy Holder,No,No,0.19210598875526394,Low
11997,Feb,Ford,Third Party,No,No,0.08379367796062538,Low
11998,May,Toyota,Policy Holder,No,No,0.8243638535296608,High
11999,Apr,Mazda,Policy Holder,No,No,0.7032669733440274,High
12000,Feb,Toyota,Third Party,No,No,0.003920070896692169,Low
12001,Feb,Pontiac,Policy Holder,No,No,0.6617779073302597,High
12002,Feb,Mazda,Third Party,No,No,0.04917248610307673,Low
12003,Feb,Mazda,Third Party,No,No,0.0696898843693374,Low
12004,May,Mazda,Policy Holder,No,No,0.7221638133905086,High
12005,Feb,Pontiac,Policy Holder,No,No,0.03784954241805383,Low
12006,Feb,Mazda,Third Party,No,No,0.03901952150744664,Low
12007,Feb,Toyota,Third Party,No,No,0.050062276222365684,Low
12008,Feb,Honda,Third Party,No,No,0.022104044905523923,Low
12009,Jan,VW,Third Party,No,No,0.010959235369781651,Low
12010,May,Honda,Policy Holder,No,No,0.15419385946667816,Low
12011,May,Chevrolet,Policy Holder,No,No,0.6912442825710383,High
12012,Jan,Mazda,Policy Holder,No,No,0.5729358206417571,Medium
12013,Jan,Chevrolet,Policy Holder,No,No,0.2496529285392259,Low
12014,Jan,Honda,Policy Holder,No,No,0.5742465890038095,Medium
12015,May,Chevrolet,Third Party,No,No,0.07435742715994724,Low
12016,Nov,Ford,Policy Holder,No,No,0.5746980964983347,Medium
12017,Nov,Mercury,Policy Holder,No,No,0.6199316699479893,High
12018,May,Toyota,Policy Holder,No,No,0.19026937721367274,Low
12019,Dec,Honda,Third Party,No,No,0.0017650274496326594,Low
12020,Dec,Pontiac,Policy Holder,No,No,0.08578066604733865,Low
12021,Dec,Honda,Policy Holder,No,No,0.10503703417265116,Low
12022,Dec,Mazda,Policy Holder,No,No,0.5617098778256496,Medium
12023,Dec,VW,Policy Holder,No,No,0.24516650692391675,Low
12024,Dec,Mazda,Policy Holder,No,No,0.054723874800489715,Low
12025,May,Toyota,Policy Holder,No,No,0.6448973970480736,High
12026,Dec,Pontiac,Policy Holder,No,No,0.5069033629448625,Medium
12027,Jan,Toyota,Policy Holder,No,No,0.07633598848016576,Low
12028,Jan,Mazda,Policy Holder,No,No,0.4342101737969124,Medium
12029,Jan,Pontiac,Third Party,No,No,0.11985611120150667,Low
12030,Jan,Pontiac,Policy Holder,No,No,0.15281194125428677,Low
12031,Jan,Honda,Policy Holder,No,No,0.15529316715515798,Low
12032,Jan,Honda,Policy Holder,No,No,0.8012472388833095,High
12033,Jan,Chevrolet,Third Party,No,No,0.0036669455288664307,Low
12034,Jan,Toyota,Policy Holder,No,No,0.07801027944781856,Low
12035,Jan,Toyota,Third Party,No,No,0.05590953210781035,Low
12036,Jan,Toyota,Policy Holder,No,No,0.7272106969726648,High
12037,May,Mazda,Policy Holder,No,No,0.9923677193654694,High
12038,Jan,Honda,Policy Holder,No,No,0.8061344681180713,High
12039,Jan,Mazda,Third Party,No,No,0.03639871288524138,Low
12040,Jan,Pontiac,Third Party,No,No,0.029084016883937518,Low
12041,Jan,Honda,Policy Holder,No,No,0.5792607805675493,Medium
12042,Jan,Toyota,Policy Holder,No,No,0.6668733009233798,High
12043,May,Chevrolet,Third Party,No,No,0.06733587826715157,Low
12044,Jan,Honda,Policy Holder,No,No,0.7568064327598663,High
12045,May,Toyota,Policy Holder,No,No,0.7474581892990071,High
12046,Jan,Toyota,Third Party,No,No,0.003446470647457898,Low
12047,Jan,Chevrolet,Policy Holder,No,No,0.17480953734072646,Low
12048,Jan,Chevrolet,Third Party,No,No,0.003333127282897948,Low
12049,Feb,Pontiac,Policy Holder,No,No,0.4943386813548075,Medium
12050,Feb,Honda,Policy Holder,No,No,0.45886259326062756,Medium
12051,Jan,Pontiac,Policy Holder,No,No,0.10228865889961868,Low
12052,May,Accura,Policy Holder,No,No,0.8564490351086337,High
12053,Feb,Honda,Policy Holder,No,No,0.08513175435133154,Low
12054,Feb,Pontiac,Third Party,No,No,0.047204931702903664,Low
12055,Feb,Chevrolet,Policy Holder,No,No,0.6758814987300477,High
12056,Feb,Toyota,Third Party,No,No,0.04172129568823414,Low
12057,Mar,Pontiac,Third Party,No,No,0.0024396426007830263,Low
12058,Mar,Pontiac,Policy Holder,No,No,0.7575380928552431,High
12059,May,Toyota,Third Party,No,No,0.1382362559469007,Low
12060,Jul,Toyota,Policy Holder,No,No,0.08349312765067758,Low
12061,Jul,Pontiac,Policy Holder,Yes,No,0.0493732121136467,Low
12062,Aug,Toyota,Policy Holder,No,No,0.687640674118475,High
12063,Dec,Pontiac,Policy Holder,No,No,0.13051629297039807,Low
12064,Dec,Pontiac,Policy Holder,No,No,0.3541739888553774,Medium
12065,May,Toyota,Policy Holder,No,No,0.20887969999272918,Low
12066,Dec,Honda,Policy Holder,No,No,0.612879990631407,High
12067,Dec,Mazda,Policy Holder,No,No,0.39488928127330925,Medium
12068,Jan,Pontiac,Third Party,No,No,0.02903046560994279,Low
12069,Jan,Ford,Policy Holder,No,No,0.740789105090012,High
12070,Jan,Pontiac,Third Party,No,No,0.003299655186408464,Low
12071,Jan,Toyota,Policy Holder,No,No,0.7216324017776805,High
12072,Jan,Honda,Third Party,No,No,0.0014838608537518366,Low
12073,Jan,Pontiac,Policy Holder,No,No,0.10862870344721481,Low
12074,Jan,Pontiac,Third Party,No,No,0.06493639121476755,Low
12075,Jan,Toyota,Policy Holder,No,No,0.8395897940546083,High
12076,Jan,Ford,Policy Holder,No,No,0.6197596731563193,High
12077,Jan,Pontiac,Policy Holder,No,No,0.10390562760349774,Low
12078,Jan,Pontiac,Third Party,No,No,0.060622330274932655,Low
12079,Jan,Pontiac,Third Party,No,No,0.07211961868433914,Low
12080,May,Pontiac,Third Party,No,No,0.05008427977199424,Low
12081,Jan,Pontiac,Policy Holder,No,No,0.5694969688881855,Medium
12082,Jan,Honda,Policy Holder,No,No,0.09839565873327161,Low
12083,Feb,Toyota,Third Party,No,No,0.0025136378421347365,Low
12084,Jan,Honda,Third Party,No,No,0.037222373815020644,Low
12085,May,Chevrolet,Policy Holder,No,No,0.7866578869978401,High
12086,Feb,Pontiac,Policy Holder,No,No,0.08611534399690657,Low
12087,Feb,Pontiac,Policy Holder,No,No,0.5670347142289226,Medium
12088,Feb,Pontiac,Policy Holder,No,No,0.9885353001574337,High
12089,Feb,Honda,Policy Holder,No,No,0.5927728046730052,Medium
12090,Feb,Saturn,Policy Holder,No,No,0.7907842557650739,High
12091,Feb,Pontiac,Policy Holder,No,No,0.11817623677060789,Low
12092,Feb,Honda,Policy Holder,No,No,0.6282305361123945,High
12093,Feb,Pontiac,Third Party,No,No,0.03831318522204615,Low
12094,Mar,Accura,Policy Holder,No,No,0.7806802480892862,High
12095,Mar,Mazda,Third Party,No,No,0.07756833502124014,Low
12096,Mar,Pontiac,Policy Holder,No,No,0.7406742251371267,High
12097,Apr,Ford,Policy Holder,No,No,0.6891919785404977,High
12098,May,Chevrolet,Policy Holder,No,No,0.6405918194167516,High
12099,May,Pontiac,Policy Holder,No,No,0.12252400612469597,Low
12100,Jun,Chevrolet,Policy Holder,No,No,0.7557718287896166,High
12101,Oct,Chevrolet,Policy Holder,No,No,0.7194817767553825,High
12102,Oct,Pontiac,Policy Holder,No,No,0.5741831379198677,Medium
12103,Dec,Mazda,Policy Holder,No,No,0.05688364918452612,Low
12104,May,Toyota,Third Party,No,No,0.04588367246976075,Low
12105,Oct,Pontiac,Third Party,No,No,0.055070140118972974,Low
12106,Aug,Chevrolet,Policy Holder,No,No,0.4958571932459773,Medium
12107,Aug,Toyota,Policy Holder,No,No,0.6471447985053512,High
12108,May,Pontiac,Third Party,No,No,0.027133978004344358,Low
12109,Jun,Honda,Policy Holder,No,No,0.058910404320789485,Low
12110,Jun,Pontiac,Third Party,No,No,0.05004310960322799,Low
12111,May,Chevrolet,Third Party,No,No,0.07548401649651938,Low
12112,Apr,Pontiac,Policy Holder,No,No,0.0662833649207974,Low
12113,Apr,Honda,Policy Holder,No,No,0.09613764675532925,Low
12114,Mar,Honda,Policy Holder,No,No,0.7453401628516518,High
12115,Mar,Mazda,Third Party,No,No,0.046696714662522905,Low
12116,Mar,Toyota,Policy Holder,No,No,0.22047719684595915,Low
12117,Mar,Honda,Policy Holder,No,No,0.09807583045275385,Low
12118,Mar,Chevrolet,Policy Holder,No,No,0.7520682107860492,High
12119,Mar,Chevrolet,Policy Holder,No,No,0.6153200680393941,High
12120,May,Honda,Policy Holder,No,No,0.6392951077227348,High
12121,Mar,Mazda,Third Party,No,No,0.05116284656605511,Low
12122,Mar,Toyota,Policy Holder,No,No,0.1811374529697175,Low
12123,Feb,Chevrolet,Third Party,No,No,0.0008894688766928432,Low
12124,Feb,Toyota,Third Party,No,No,0.05267832025090731,Low
12125,Feb,VW,Policy Holder,No,No,0.2946148728690909,Low
12126,Feb,Mazda,Third Party,No,No,0.024146229737605277,Low
12127,Feb,Ford,Policy Holder,No,No,0.6180869259009207,High
12128,Feb,Honda,Third Party,No,No,0.05514482545466453,Low
12129,Feb,Pontiac,Policy Holder,No,No,0.1339077042470856,Low
12130,Feb,Pontiac,Third Party,No,No,0.06124193634800576,Low
12131,Feb,Mazda,Policy Holder,No,No,0.12554151707241765,Low
12132,Feb,Pontiac,Policy Holder,No,No,0.5124110865388504,Medium
12133,Feb,Honda,Policy Holder,No,No,0.6551237848745631,High
12134,Feb,Pontiac,Policy Holder,No,No,0.7168965799831318,High
12135,Feb,Toyota,Policy Holder,No,No,0.7121143102321459,High
12136,Feb,Toyota,Policy Holder,No,No,0.5404273668183183,Medium
12137,Feb,Mazda,Policy Holder,No,No,0.2516833995847464,Low
12138,Feb,Toyota,Policy Holder,Yes,No,0.6246302548120375,High
12139,Jan,Honda,Policy Holder,No,No,0.8254993119120205,High
12140,Jan,Toyota,Policy Holder,No,No,0.11106633574006221,Low
12141,Jan,Honda,Third Party,No,No,0.020911440431748075,Low
12142,Jan,Toyota,Policy Holder,No,No,0.7973278797272079,High
12143,Jan,Honda,Policy Holder,No,No,0.10188962639162694,Low
12144,Jan,Pontiac,Policy Holder,No,No,0.10691345677091008,Low
12145,Oct,Pontiac,Policy Holder,No,No,0.6237263716368728,High
12146,May,Pontiac,Policy Holder,No,No,0.15261480343300377,Low
12147,Sep,Honda,Policy Holder,No,No,0.5477165541712329,Medium
12148,Aug,Honda,Third Party,No,No,0.046952093119395535,Low
12149,Aug,Chevrolet,Third Party,No,No,0.05221920812639892,Low
12150,Aug,Pontiac,Third Party,No,No,0.06767726673590095,Low
12151,Jul,Toyota,Policy Holder,No,No,0.5103196045103262,Medium
12152,May,Honda,Third Party,No,No,0.20818364722517946,Low
12153,May,Toyota,Policy Holder,No,No,0.8141503896767796,High
12154,Mar,Chevrolet,Third Party,No,No,0.12265412435494596,Low
12155,Mar,Pontiac,Policy Holder,No,No,0.10955023950962715,Low
12156,Mar,Mazda,Policy Holder,No,No,0.6574889594821849,High
12157,May,Mazda,Policy Holder,No,No,0.5479028573648653,Medium
12158,Mar,Honda,Policy Holder,No,No,0.6398308387903113,High
12159,Mar,Toyota,Policy Holder,No,No,0.6729990955143542,High
12160,Mar,Chevrolet,Policy Holder,No,No,0.612204860854711,High
12161,May,Pontiac,Policy Holder,No,No,0.830613740323834,High
12162,Feb,Toyota,Policy Holder,No,No,0.15183148175344785,Low
12163,Feb,Pontiac,Policy Holder,No,No,0.12076000372134993,Low
12164,Feb,Toyota,Policy Holder,No,No,0.6130796224891325,High
12165,Feb,Pontiac,Policy Holder,No,No,0.12173432224653966,Low
12166,Feb,Mazda,Policy Holder,No,No,0.15091979482034948,Low
12167,Feb,VW,Third Party,No,No,0.010653454304910614,Low
12168,Jan,Pontiac,Policy Holder,No,No,0.08229634911424158,Low
12169,Feb,Chevrolet,Policy Holder,No,No,0.582576937269775,Medium
12170,Jan,Ford,Policy Holder,No,No,0.732016084354862,High
12171,Jan,Toyota,Third Party,No,No,0.03845790360689781,Low
12172,Jan,Pontiac,Policy Holder,No,No,0.6461860894867999,High
12173,May,Pontiac,Policy Holder,No,No,0.7232387986280328,High
12174,Jan,Honda,Third Party,No,No,0.06436200270267149,Low
12175,May,Toyota,Policy Holder,No,No,0.7725090980383343,High
12176,Jan,Pontiac,Policy Holder,No,No,0.08984496053576295,Low
12177,Jan,Toyota,Policy Holder,No,No,0.47725840892175425,Medium
12178,Jan,Mazda,Policy Holder,No,No,0.8931021022964458,High
12179,Jan,Honda,Policy Holder,No,No,0.8321216717404324,High
12180,Dec,Honda,Policy Holder,No,No,0.7338845148759113,High
12181,Nov,VW,Third Party,No,No,0.0038662624964068866,Low
12182,Oct,Toyota,Policy Holder,No,No,0.7174025810380688,High
12183,May,Mazda,Policy Holder,No,No,0.6337557193947547,High
12184,Feb,Mazda,Third Party,No,No,0.06567431492511758,Low
12185,Mar,Toyota,Policy Holder,No,No,0.6966694495136454,High
12186,Jul,Toyota,Policy Holder,No,No,0.0870905631099696,Low
12187,Mar,Pontiac,Policy Holder,No,No,0.7692164416187663,High
12188,Mar,Accura,Third Party,No,No,0.138660081547649,Low
12189,May,Pontiac,Policy Holder,No,No,0.7671172817689836,High
12190,Jul,Pontiac,Policy Holder,No,No,0.9835054714076623,High
12191,Jun,Mazda,Third Party,No,No,0.04897426385532597,Low
12192,Nov,Chevrolet,Third Party,No,No,0.0015122123525482774,Low
12193,Oct,Mazda,Policy Holder,No,No,0.5005213798436218,Medium
12194,May,Honda,Third Party,No,No,0.01530422787854667,Low
12195,Dec,Chevrolet,Policy Holder,No,No,0.7732496937552864,High
12196,Apr,Pontiac,Policy Holder,No,No,0.7308966559891109,High
12197,Mar,Honda,Policy Holder,No,No,0.18248310400610734,Low
12198,Aug,Toyota,Policy Holder,No,No,0.7252201230329561,High
12199,Aug,Chevrolet,Policy Holder,No,No,0.5936624730643024,Medium
12200,Aug,Toyota,Policy Holder,No,No,0.4948192933485241,Medium
12201,May,Chevrolet,Third Party,No,No,0.005071394089865155,Low
12202,May,Toyota,Policy Holder,No,No,0.7273903244068814,High
12203,May,Honda,Third Party,No,No,0.06799554396987983,Low
12204,Jun,Honda,Policy Holder,No,No,0.08936838585597796,Low
12205,Aug,Accura,Policy Holder,No,No,0.12455958048914002,Low
12206,Aug,Toyota,Policy Holder,No,No,0.6958952035751272,High
12207,Jul,Honda,Third Party,No,No,0.03804189440602245,Low
12208,Oct,Mazda,Third Party,No,No,0.060004652197859554,Low
12209,Oct,Pontiac,Policy Holder,No,No,0.06589677858333855,Low
12210,Sep,BMW,Policy Holder,No,No,0.02384663621747796,Low
12211,May,Pontiac,Policy Holder,No,No,0.07097077574939666,Low
12212,May,Pontiac,Third Party,No,No,0.14256442174290854,Low
12213,Jul,Chevrolet,Policy Holder,No,No,0.596846591748243,Medium
12214,May,Honda,Policy Holder,No,No,0.5979321168551933,Medium
12215,Sep,Pontiac,Third Party,No,No,0.0739288805410431,Low
12216,Jun,Mazda,Policy Holder,No,No,0.8286963399504049,High
12217,May,Honda,Third Party,No,No,0.0046015819180712176,Low
12218,Aug,Mazda,Third Party,No,No,0.003819015714132756,Low
12219,Nov,Chevrolet,Policy Holder,No,No,0.062451810162077674,Low
12220,Nov,Honda,Policy Holder,No,No,0.05164700602746149,Low
12221,Oct,Pontiac,Policy Holder,No,No,0.5815085390125071,Medium
12222,Dec,Pontiac,Third Party,No,No,0.0636233775634525,Low
12223,May,Honda,Policy Holder,No,No,0.5717810819864612,Medium
12224,Sep,Honda,Third Party,No,No,0.027541536732445023,Low
12225,Sep,Ford,Policy Holder,No,No,0.14839593711961,Low
12226,Aug,Ford,Policy Holder,No,No,0.7844711311792122,High
12227,Apr,Mazda,Policy Holder,No,No,0.085653344908963,Low
12228,Oct,Mazda,Policy Holder,No,No,0.1314128711766617,Low
12229,Nov,Mazda,Third Party,Yes,No,0.016557212548787864,Low
12230,Oct,VW,Third Party,No,No,0.012212203052660112,Low
12231,Oct,Pontiac,Third Party,No,No,0.04638000190899556,Low
12232,May,Pontiac,Policy Holder,No,No,0.7346394652761026,High
12233,Oct,Ford,Policy Holder,Yes,No,0.6376118079285691,High
12234,Sep,Chevrolet,Policy Holder,No,No,0.023212674434270855,Low
12235,Feb,Toyota,Policy Holder,No,No,0.7210304283519459,High
12236,Feb,Pontiac,Policy Holder,No,No,0.1095650270658071,Low
12237,May,Pontiac,Policy Holder,No,No,0.7882416851671689,High
12238,Feb,Toyota,Policy Holder,No,No,0.7673092615827869,High
12239,Feb,Toyota,Third Party,No,No,0.03504743174909018,Low
12240,Feb,Chevrolet,Policy Holder,No,No,0.6889731996886846,High
12241,Jul,Chevrolet,Policy Holder,No,No,0.8791382864778502,High
12242,Nov,Toyota,Policy Holder,Yes,No,0.4009452070946044,Medium
12243,Jul,Honda,Policy Holder,No,No,0.6660734744534856,High
12244,Nov,Mazda,Policy Holder,No,No,0.037340812623976705,Low
12245,May,Pontiac,Policy Holder,No,No,0.6881665869520607,High
12246,Oct,Accura,Policy Holder,No,No,0.1515954019573414,Low
12247,Sep,Pontiac,Policy Holder,No,No,0.10250816109324944,Low
12248,Jun,Mazda,Policy Holder,No,No,0.5224220231509942,Medium
12249,May,Chevrolet,Policy Holder,No,No,0.8018806071126912,High
12250,Oct,Toyota,Policy Holder,No,No,0.20443265650722553,Low
12251,Oct,Pontiac,Policy Holder,No,No,0.6893305019820712,High
12252,Sep,Honda,Policy Holder,No,No,0.7754047946630106,High
12253,Apr,Honda,Policy Holder,No,No,0.062406181871801844,Low
12254,Oct,Pontiac,Policy Holder,No,No,0.7637177281136901,High
12255,Sep,Toyota,Policy Holder,No,No,0.6726536209989208,High
12256,Jul,Pontiac,Policy Holder,No,No,0.4761083684623432,Medium
12257,Jul,Mazda,Third Party,No,No,0.019256827971195205,Low
12258,Mar,Toyota,Policy Holder,No,No,0.16239836311629965,Low
12259,Mar,Toyota,Third Party,No,No,0.05716690669814431,Low
12260,Mar,Toyota,Third Party,No,No,0.1389518173102748,Low
12261,Feb,Pontiac,Policy Holder,No,No,0.7277790885963634,High
12262,Nov,Pontiac,Policy Holder,No,No,0.4565991368893571,Medium
12263,Oct,Saturn,Policy Holder,No,No,0.05855495316475479,Low
12264,May,Toyota,Third Party,No,No,0.05251021747130981,Low
12265,Jul,Mazda,Third Party,No,No,0.001893052579791226,Low
12266,May,Honda,Policy Holder,No,No,0.7649270547987573,High
12267,Apr,Pontiac,Policy Holder,No,No,0.7500360170267542,High
12268,Oct,Chevrolet,Policy Holder,No,No,0.11540760404552151,Low
12269,Oct,Pontiac,Third Party,No,No,0.06852330743891331,Low
12270,Jul,Honda,Policy Holder,No,No,0.5616435465599225,Medium
12271,Jun,Pontiac,Third Party,No,No,0.06825560106599841,Low
12272,Jun,Pontiac,Third Party,No,No,0.035913084275583214,Low
12273,May,Pontiac,Third Party,No,No,0.02921623174214952,Low
12274,Apr,Honda,Policy Holder,No,No,0.11568421571804365,Low
12275,Apr,VW,Policy Holder,No,No,0.023813281083327278,Low
12276,Apr,Honda,Third Party,No,No,0.04163891242795016,Low
12277,Jul,Pontiac,Third Party,No,No,0.02949169737812397,Low
12278,Jul,Chevrolet,Policy Holder,No,No,0.6274931826629044,High
12279,May,Toyota,Policy Holder,No,No,0.7172323183988324,High
12280,Apr,Pontiac,Policy Holder,No,No,0.12052578659164014,Low
12281,Apr,Pontiac,Third Party,No,No,0.05252244464794674,Low
12282,Jul,Pontiac,Policy Holder,No,No,0.40978452061355414,Medium
12283,Apr,Chevrolet,Policy Holder,No,No,0.6284987215022872,High
12284,Dec,Honda,Policy Holder,No,No,0.6387023893005058,High
12285,Jan,Honda,Policy Holder,No,No,0.5969892892934274,Medium
12286,Jan,BMW,Policy Holder,No,No,0.7456426050679457,High
12287,Jan,Mazda,Policy Holder,No,No,0.15836639542211808,Low
12288,Feb,Mazda,Third Party,No,No,0.02858801388757664,Low
12289,Feb,Toyota,Policy Holder,No,No,0.7612486926265494,High
12290,Feb,Pontiac,Third Party,No,No,0.043775783865826694,Low
12291,Feb,Mazda,Policy Holder,No,No,0.6538434304354619,High
12292,Feb,Pontiac,Policy Holder,No,No,0.730348791546628,High
12293,May,Pontiac,Policy Holder,No,No,0.6025534678311832,High
12294,Feb,Ford,Policy Holder,No,No,0.8198513935133663,High
12295,Mar,Pontiac,Policy Holder,No,No,0.10424325937442737,Low
12296,Mar,Mazda,Third Party,No,No,0.02752647418058419,Low
12297,Mar,Pontiac,Policy Holder,No,No,0.7655910396828984,High
12298,Mar,Toyota,Policy Holder,No,No,0.7833527761545729,High
12299,Apr,Pontiac,Policy Holder,No,No,0.6698456131782162,High
12300,Apr,Honda,Policy Holder,No,No,0.07977046926103097,Low
12301,Apr,Accura,Policy Holder,No,No,0.8403168408293821,High
12302,Apr,Toyota,Policy Holder,No,No,0.13548654401453003,Low
12303,Apr,Honda,Policy Holder,No,No,0.5305149662161435,Medium
12304,May,Pontiac,Policy Holder,No,No,0.12740523860286115,Low
12305,May,Honda,Policy Holder,No,No,0.5826683599568807,Medium
12306,May,Mazda,Policy Holder,No,No,0.12648902026466838,Low
12307,May,Honda,Policy Holder,No,No,0.6385892822858151,High
12308,Jun,Chevrolet,Policy Holder,No,No,0.8426614311237363,High
12309,Jun,Pontiac,Policy Holder,No,No,0.10065260292620903,Low
12310,Sep,Pontiac,Third Party,No,No,0.04443606737567991,Low
12311,Sep,Mazda,Third Party,No,No,0.04506804072416278,Low
12312,Sep,Pontiac,Policy Holder,No,No,0.6710780231480575,High
12313,May,Pontiac,Third Party,No,No,0.060061976221566345,Low
12314,Oct,Mazda,Policy Holder,No,No,0.6812053510255832,High
12315,Oct,Pontiac,Policy Holder,No,No,0.697943462653524,High
12316,May,Mazda,Third Party,No,No,0.04953036936880762,Low
12317,Oct,Toyota,Policy Holder,No,No,0.6095760756006401,High
12318,Dec,Pontiac,Policy Holder,No,No,0.08835780163690948,Low
12319,Feb,Toyota,Third Party,Yes,No,0.0036839918583038696,Low
12320,Feb,Pontiac,Policy Holder,No,No,0.7199887148892989,High
12321,Feb,Mazda,Policy Holder,No,No,0.5551423769233611,Medium
12322,Feb,Pontiac,Policy Holder,No,No,0.4963753155737568,Medium
12323,Mar,Chevrolet,Third Party,No,No,0.0038264780197391213,Low
12324,Apr,Mazda,Third Party,No,No,0.09080772559925859,Low
12325,May,Toyota,Third Party,No,No,0.10129532298225384,Low
12326,May,Honda,Policy Holder,No,No,0.7890507868735467,High
12327,Jun,Mazda,Policy Holder,No,No,0.12945560907746761,Low
12328,Jun,Mazda,Policy Holder,No,No,0.5331314986442416,Medium
12329,Jun,Pontiac,Policy Holder,No,No,0.430773053284406,Medium
12330,Jun,Pontiac,Policy Holder,No,No,0.5663047510553567,Medium
12331,Jun,Pontiac,Policy Holder,No,No,0.0652363599644756,Low
12332,Jul,Pontiac,Policy Holder,No,No,0.5389664309063199,Medium
12333,Jul,Mazda,Third Party,No,No,0.02537735199230556,Low
12334,Jul,Chevrolet,Policy Holder,No,No,0.11977593776097213,Low
12335,May,Pontiac,Third Party,No,No,0.06087706642452368,Low
12336,Jul,Accura,Third Party,No,No,0.0629760923005226,Low
12337,Aug,Mazda,Policy Holder,No,No,0.05942408984693169,Low
12338,Aug,Mazda,Policy Holder,No,No,0.15431514350342843,Low
12339,Sep,Chevrolet,Policy Holder,No,No,0.6033990146017736,High
12340,Nov,Honda,Policy Holder,No,No,0.315044044168583,Medium
12341,Nov,Toyota,Third Party,No,No,0.0227201582902019,Low
12342,Nov,Honda,Third Party,No,No,0.01721608613816495,Low
12343,Nov,Toyota,Policy Holder,Yes,No,0.05184468461576227,Low
12344,Nov,Mercury,Policy Holder,No,No,0.5087871839949348,Medium
12345,Nov,Toyota,Policy Holder,No,No,0.07712627446856919,Low
12346,Nov,Pontiac,Policy Holder,No,No,0.4662878842398352,Medium
12347,Nov,Toyota,Policy Holder,No,No,0.07791299074879039,Low
12348,Nov,Chevrolet,Policy Holder,No,No,0.4700518516026495,Medium
12349,Nov,Accura,Policy Holder,No,No,0.5424022658783423,Medium
12350,Nov,Toyota,Policy Holder,No,No,0.6433020383407717,High
12351,Oct,Ford,Third Party,No,No,0.04148509713367538,Low
12352,Oct,Toyota,Policy Holder,No,No,0.13084201007127866,Low
12353,Oct,Mazda,Policy Holder,No,No,0.7676058261457841,High
12354,Sep,Mazda,Policy Holder,No,No,0.5225083509862898,Medium
12355,Sep,Dodge,Policy Holder,No,No,0.0633296025496259,Low
12356,Aug,Honda,Third Party,No,No,0.04483304277324986,Low
12357,Jul,Mazda,Policy Holder,No,No,0.6204666394430729,High
12358,Jul,Honda,Policy Holder,No,No,0.04175607485662011,Low
12359,Jul,Chevrolet,Policy Holder,No,No,0.10434918221287244,Low
12360,Jul,Toyota,Policy Holder,No,No,0.24794124979726495,Low
12361,Jul,Pontiac,Policy Holder,No,No,0.3955971666709083,Medium
12362,Jul,Pontiac,Third Party,No,No,0.02891349000187309,Low
12363,Jul,Accura,Policy Holder,No,No,0.5280505904057445,Medium
12364,Jul,Pontiac,Policy Holder,No,No,0.5316195570972502,Medium
12365,Jun,Pontiac,Policy Holder,No,No,0.6140767522373606,High
12366,Jun,Ford,Third Party,No,No,0.15387557220047005,Low
12367,May,Ford,Policy Holder,No,No,0.19206050746899547,Low
12368,Jun,Honda,Third Party,No,No,0.042051427658669455,Low
12369,Jun,Honda,Policy Holder,No,No,0.6942625651089935,High
12370,May,Toyota,Third Party,No,No,0.004830695550076507,Low
12371,May,Mazda,Policy Holder,No,No,0.5141100425687526,Medium
12372,May,Pontiac,Third Party,No,No,0.07688828317829043,Low
12373,Apr,Mazda,Policy Holder,No,No,0.12295991675622261,Low
12374,Apr,Pontiac,Third Party,No,No,0.0031187400399133552,Low
12375,Apr,Toyota,Policy Holder,No,No,0.7912667475533349,High
12376,Apr,Mazda,Third Party,No,No,0.004733700251558293,Low
12377,Mar,Honda,Third Party,No,No,0.009656287440093248,Low
12378,Mar,Chevrolet,Policy Holder,No,No,0.7286133354177196,High
12379,Mar,Honda,Third Party,No,No,0.08283003890141317,Low
12380,Mar,Chevrolet,Third Party,No,No,0.06593368666677443,Low
12381,Mar,VW,Policy Holder,No,No,0.3602100871398104,Medium
12382,Mar,Pontiac,Third Party,No,No,0.005053119095091634,Low
12383,Mar,Honda,Policy Holder,No,No,0.12014561511300716,Low
12384,Feb,Toyota,Policy Holder,No,No,0.8113778040089105,High
12385,May,Chevrolet,Third Party,No,No,0.061253023569548495,Low
12386,Dec,Honda,Policy Holder,No,No,0.4338464541317368,Medium
12387,Nov,Pontiac,Policy Holder,No,No,0.07931317703261524,Low
12388,May,Pontiac,Policy Holder,No,No,0.6142809095640349,High
12389,Oct,Pontiac,Third Party,No,No,0.07121958048578264,Low
12390,May,Mazda,Third Party,No,No,0.08823806337397806,Low
12391,Oct,Honda,Third Party,No,No,0.002579075111981067,Low
12392,May,Chevrolet,Policy Holder,No,No,0.769524877228451,High
12393,Oct,Chevrolet,Third Party,No,No,0.06726397867946819,Low
12394,May,Mazda,Third Party,No,No,0.6854802676560969,High
12395,Sep,Chevrolet,Policy Holder,No,No,0.08756060934523481,Low
12396,Sep,Mazda,Policy Holder,No,No,0.10648323569894236,Low
12397,Sep,Chevrolet,Third Party,No,No,0.036972548313269696,Low
12398,Jul,Pontiac,Third Party,No,No,0.04369699032579993,Low
12399,Jul,Pontiac,Policy Holder,No,No,0.045088633250402355,Low
12400,Jul,Honda,Policy Holder,No,No,0.7244332052002688,High
12401,Jun,Pontiac,Policy Holder,No,No,0.7143651844896547,High
12402,Jun,Mazda,Policy Holder,No,No,0.06260190483292344,Low
12403,Jun,Toyota,Policy Holder,No,No,0.5686108438807792,Medium
12404,Jun,Mazda,Third Party,No,No,0.06415319712939542,Low
12405,May,Mazda,Policy Holder,No,No,0.15929387747204476,Low
12406,May,Pontiac,Policy Holder,No,No,0.5626117962615974,Medium
12407,May,Pontiac,Third Party,No,No,0.07711480001397344,Low
12408,May,Accura,Policy Holder,No,No,0.1948897522009259,Low
12409,May,Accura,Policy Holder,No,No,0.8484404889528434,High
12410,May,Honda,Third Party,No,No,0.02850467243299584,Low
12411,Apr,Toyota,Third Party,No,No,0.08408042649979881,Low
12412,Apr,Honda,Third Party,No,No,0.0033009375848610206,Low
12413,Apr,Honda,Policy Holder,No,No,0.1268709615605033,Low
12414,Apr,Ford,Policy Holder,No,No,0.03836845680158149,Low
12415,Apr,Toyota,Policy Holder,No,No,0.14097105427664045,Low
12416,May,Toyota,Policy Holder,No,No,0.19516565568460914,Low
12417,Apr,Chevrolet,Policy Holder,No,No,0.11760612454114656,Low
12418,Apr,Accura,Third Party,No,No,0.0547436260823787,Low
12419,May,Chevrolet,Third Party,No,No,0.13286125307561164,Low
12420,Apr,Toyota,Third Party,No,No,0.05883642599436212,Low
12421,Apr,Accura,Policy Holder,No,No,0.7461405442375152,High
12422,Mar,Mazda,Policy Holder,No,No,0.6611762313697204,High
12423,Mar,Toyota,Policy Holder,No,No,0.7308934127450113,High
12424,Mar,Pontiac,Policy Holder,No,No,0.19311473786855402,Low
12425,Mar,Toyota,Third Party,No,No,0.11297962676331749,Low
12426,Mar,Mazda,Policy Holder,No,No,0.6514721406731563,High
12427,May,Chevrolet,Policy Holder,No,No,0.5714239816578455,Medium
12428,Feb,Accura,Third Party,No,No,0.1639051642973345,Low
12429,Feb,Toyota,Policy Holder,No,No,0.7530428951791711,High
12430,Feb,Pontiac,Policy Holder,No,No,0.09271361095634965,Low
12431,Feb,Toyota,Third Party,No,No,0.003233466533810537,Low
12432,Feb,Honda,Policy Holder,No,No,0.6457442927772629,High
12433,May,Chevrolet,Policy Holder,No,No,0.5992376281968197,Medium
12434,Feb,Toyota,Policy Holder,No,No,0.06922487864157321,Low
12435,Feb,Chevrolet,Third Party,No,No,0.09198717558777077,Low
12436,Feb,Pontiac,Policy Holder,Yes,Yes,0.6575587850766694,High
12437,Jan,Honda,Third Party,No,No,0.042446945599630276,Low
12438,Jan,Honda,Policy Holder,No,No,0.7709130367888175,High
12439,Jan,Honda,Policy Holder,Yes,No,0.80713198585088,High
12440,Nov,Ford,Third Party,No,No,0.03044105725845106,Low
12441,Mar,Honda,Policy Holder,No,No,0.9388240735662752,High
12442,Apr,Ford,Third Party,No,No,0.047825802340974576,Low
12443,Jun,Toyota,Policy Holder,No,No,0.6895780484547495,High
12444,Jun,Toyota,Policy Holder,No,No,0.6274862470361159,High
12445,Jun,Honda,Policy Holder,No,No,0.8015622787129084,High
12446,Jun,Toyota,Policy Holder,No,No,0.761982841120908,High
12447,Aug,Chevrolet,Third Party,No,No,0.06216097964830292,Low
12448,Aug,Honda,Third Party,No,No,0.06439023343798118,Low
12449,May,Pontiac,Policy Holder,No,No,0.6706088523483079,High
12450,May,Mazda,Third Party,No,No,0.05251801525506505,Low
12451,Mar,VW,Policy Holder,No,No,0.19659792242872737,Low
12452,Aug,Pontiac,Policy Holder,No,No,0.6315659159603393,High
12453,Sep,Toyota,Policy Holder,No,No,0.09132605556538077,Low
12454,May,Toyota,Policy Holder,No,No,0.7200393894634163,High
12455,Apr,Honda,Third Party,No,No,0.03245904625634659,Low
12456,May,Honda,Policy Holder,No,No,0.6563510709978075,High
12457,Nov,Honda,Policy Holder,No,No,0.4326146774860174,Medium
12458,Nov,Pontiac,Policy Holder,No,No,0.2899349359378608,Low
12459,Nov,Pontiac,Policy Holder,No,No,0.05525425907687892,Low
12460,Nov,Toyota,Policy Holder,No,No,0.04521752401482512,Low
12461,Sep,Pontiac,Policy Holder,Yes,No,0.37819110297210173,Medium
12462,Aug,Honda,Policy Holder,Yes,No,0.12446668197170135,Low
12463,Aug,Toyota,Policy Holder,No,No,0.8241043593399007,High
12464,Jun,Pontiac,Policy Holder,No,No,0.5591209466415769,Medium
12465,Apr,Pontiac,Policy Holder,No,No,0.680575546994018,High
12466,Jan,Pontiac,Policy Holder,No,No,0.521299961924787,Medium
12467,Jan,Pontiac,Policy Holder,No,No,0.6702311264882649,High
12468,Dec,Pontiac,Policy Holder,No,No,0.5568948095856713,Medium
12469,Mar,Pontiac,Policy Holder,No,No,0.09958313364905873,Low
12470,Jul,Toyota,Policy Holder,No,No,0.10047361217648614,Low
12471,Jul,Honda,Policy Holder,No,No,0.37206306253113575,Medium
12472,Jun,Honda,Policy Holder,No,No,0.6755462851056238,High
12473,Jun,Pontiac,Policy Holder,No,No,0.09343244033448106,Low
12474,Sep,Mazda,Policy Holder,No,No,0.11274789473046137,Low
12475,Jan,Chevrolet,Policy Holder,No,No,0.5493337628564847,Medium
12476,Feb,Pontiac,Third Party,No,No,0.03757902202919588,Low
12477,Mar,Saab,Policy Holder,No,No,0.825933898684133,High
12478,Jun,Chevrolet,Policy Holder,No,No,0.6180561301912909,High
12479,May,Toyota,Third Party,No,No,0.10931976755742917,Low
12480,Jun,Toyota,Policy Holder,No,No,0.11583102485668809,Low
12481,Oct,Mazda,Policy Holder,No,No,0.4496896496728171,Medium
12482,Oct,Pontiac,Policy Holder,No,No,0.7261679999101083,High
12483,Oct,Toyota,Third Party,No,No,0.10032859211038497,Low
12484,May,Pontiac,Third Party,No,No,0.056541921751780674,Low
12485,Apr,Accura,Policy Holder,No,No,0.8012578438921939,High
12486,Mar,Toyota,Policy Holder,No,No,0.12614393252774914,Low
12487,Mar,Honda,Policy Holder,No,No,0.4889907400330445,Medium
12488,Mar,Toyota,Policy Holder,No,No,0.1310826470952185,Low
12489,Mar,Toyota,Policy Holder,No,No,0.7618137574559344,High
12490,Mar,Toyota,Policy Holder,No,No,0.7199084786058509,High
12491,Mar,Toyota,Third Party,No,No,0.10990868980366002,Low
12492,Mar,Pontiac,Third Party,Yes,No,0.06546313303495534,Low
12493,Mar,Accura,Third Party,No,No,0.12478302764722225,Low
12494,Feb,Mazda,Policy Holder,No,No,0.7815519535604017,High
12495,Feb,Toyota,Policy Holder,No,No,0.8025318498425165,High
12496,Feb,Honda,Policy Holder,No,No,0.9862748094357618,High
12497,Oct,Honda,Policy Holder,No,No,0.5593253400202975,Medium
12498,Jul,Pontiac,Policy Holder,No,No,0.48968446251034725,Medium
12499,Jun,Toyota,Policy Holder,No,No,0.21550308639583307,Low
12500,May,Honda,Policy Holder,No,No,0.1311044120879209,Low
12501,May,Pontiac,Policy Holder,No,No,0.17869027212397837,Low
12502,Mar,Honda,Third Party,No,No,0.10680126969892759,Low
12503,Mar,Chevrolet,Policy Holder,No,No,0.6935884660035692,High
12504,May,Mazda,Policy Holder,No,No,0.6786088283647626,High
12505,Mar,Toyota,Third Party,No,No,0.09861233602496115,Low
12506,Mar,Mazda,Third Party,No,No,0.003927448187550482,Low
12507,Mar,Pontiac,Policy Holder,No,No,0.6203762285802368,High
12508,May,Honda,Third Party,No,No,0.10869214175015679,Low
12509,Feb,Pontiac,Policy Holder,No,No,0.12788070004772437,Low
12510,Feb,Pontiac,Policy Holder,No,No,0.7659602194245023,High
12511,Dec,Mazda,Policy Holder,No,No,0.5459630810026251,Medium
12512,Oct,Pontiac,Policy Holder,No,No,0.7628250309854838,High
12513,Apr,Toyota,Policy Holder,No,No,0.6851977108664185,High
12514,Apr,Pontiac,Policy Holder,No,No,0.5563457927423421,Medium
12515,Oct,Chevrolet,Policy Holder,No,No,0.6179288917045169,High
12516,Aug,Porche,Policy Holder,No,No,0.6413010827504776,High
12517,Dec,Toyota,Third Party,No,No,0.029391988402832202,Low
12518,Nov,Pontiac,Policy Holder,No,No,0.4517189904478641,Medium
12519,May,Chevrolet,Policy Holder,No,No,0.7076469386269618,High
12520,Jul,Chevrolet,Policy Holder,No,No,0.69343193988274,High
12521,Dec,Toyota,Policy Holder,No,No,0.08327083136353543,Low
12522,Jan,Mazda,Policy Holder,No,No,0.8019121490359218,High
12523,Feb,Honda,Policy Holder,No,No,0.6847358026147295,High
12524,Mar,Honda,Policy Holder,No,No,0.6690397112860916,High
12525,Mar,VW,Policy Holder,No,No,0.039684607833261706,Low
12526,Apr,Pontiac,Policy Holder,No,No,0.7261134576525754,High
12527,May,Honda,Policy Holder,No,No,0.15979953824909693,Low
12528,May,Mazda,Policy Holder,No,No,0.6647571397649493,High
12529,May,Pontiac,Policy Holder,No,No,0.6691098477549827,High
12530,May,Honda,Policy Holder,No,No,0.7631806915073827,High
12531,Jun,Chevrolet,Policy Holder,No,No,0.8099142226826285,High
12532,Jun,Pontiac,Policy Holder,No,No,0.6018952559487735,High
12533,Jun,Chevrolet,Policy Holder,No,No,0.8156677110504612,High
12534,Jun,Pontiac,Policy Holder,No,No,0.5911945982432362,Medium
12535,Jun,Pontiac,Policy Holder,No,No,0.4793329552870923,Medium
12536,Jun,Toyota,Policy Holder,No,No,0.07035848466782832,Low
12537,Jun,Honda,Policy Holder,No,No,0.07863798350415059,Low
12538,Jul,Pontiac,Third Party,No,No,0.0171846390091509,Low
12539,Jul,Honda,Third Party,No,No,0.03231914132702805,Low
12540,Aug,Pontiac,Policy Holder,No,No,0.5608375266201346,Medium
12541,Oct,Honda,Third Party,No,No,0.03923123454173552,Low
12542,Oct,Pontiac,Policy Holder,No,No,0.21817864469000334,Low
12543,Nov,Pontiac,Policy Holder,No,No,0.5886503282211809,Medium
12544,Nov,Honda,Policy Holder,No,No,0.042596250859386384,Low
12545,Nov,Mazda,Policy Holder,No,No,0.3258223879105801,Medium
12546,Dec,Toyota,Policy Holder,No,No,0.5723153632581626,Medium
12547,Feb,Toyota,Policy Holder,No,No,0.9956542828914852,High
12548,Mar,Mazda,Policy Holder,No,No,0.1283428902629178,Low
12549,Mar,Pontiac,Policy Holder,No,No,0.6164091592688463,High
12550,May,Pontiac,Policy Holder,No,No,0.7371016562850172,High
12551,Apr,Toyota,Policy Holder,No,No,0.7656898418665077,High
12552,Jun,Pontiac,Policy Holder,Yes,No,0.6393475540787341,High
12553,Jul,Pontiac,Policy Holder,No,No,0.18528540623322512,Low
12554,Jul,Honda,Third Party,No,No,0.01932755467568808,Low
12555,May,Mazda,Third Party,Yes,No,0.03671529703320238,Low
12556,Jul,Honda,Policy Holder,No,No,0.06548156341711293,Low
12557,Jul,Pontiac,Policy Holder,No,No,0.5526492848107387,Medium
12558,May,Mazda,Third Party,No,No,0.05680289463069951,Low
12559,Jul,Mazda,Third Party,No,No,0.0336985841597356,Low
12560,Oct,Pontiac,Third Party,No,No,0.055479512376862175,Low
12561,May,VW,Third Party,No,No,0.021982394410449982,Low
12562,Nov,Honda,Policy Holder,No,No,0.3466493934631818,Medium
12563,Oct,Toyota,Policy Holder,No,No,0.5661225546419955,Medium
12564,Sep,Pontiac,Policy Holder,No,No,0.5122685946851977,Medium
12565,Aug,BMW,Policy Holder,No,No,0.751491082079273,High
12566,Aug,Toyota,Policy Holder,No,No,0.1485654789566909,Low
12567,Aug,Mazda,Policy Holder,No,No,0.5398461611530342,Medium
12568,Jul,Honda,Policy Holder,No,No,0.07006685212141155,Low
12569,May,Honda,Policy Holder,No,No,0.6372481994509276,High
12570,Jul,Pontiac,Third Party,No,No,0.04096441397257971,Low
12571,Jul,Honda,Policy Holder,No,No,0.45243187872551605,Medium
12572,Jul,Ford,Policy Holder,No,No,0.6291486343191808,High
12573,May,Mazda,Policy Holder,No,No,0.16686497131841796,Low
12574,May,Mazda,Policy Holder,No,No,0.11001408914853106,Low
12575,May,Honda,Policy Holder,No,No,0.1624646674013971,Low
12576,Apr,Pontiac,Third Party,No,No,0.10224091282272536,Low
12577,Apr,Toyota,Policy Holder,No,No,0.11530694271327685,Low
12578,Apr,VW,Policy Holder,No,No,0.019862029737452703,Low
12579,Feb,Honda,Policy Holder,Yes,No,0.6213036041849572,High
12580,Jan,Ford,Policy Holder,No,No,0.6362755576766072,High
12581,Dec,Toyota,Policy Holder,No,No,0.07717159111294394,Low
12582,Nov,Honda,Policy Holder,No,No,0.03664322271383746,Low
12583,Nov,Chevrolet,Policy Holder,No,No,0.07271488099435536,Low
12584,Nov,Mazda,Policy Holder,No,No,0.49095909991324693,Medium
12585,Nov,Toyota,Policy Holder,No,No,0.6361265861435209,High
12586,Nov,Accura,Policy Holder,No,No,0.735650061054062,High
12587,Nov,Pontiac,Third Party,No,No,0.02241681097795058,Low
12588,Nov,Pontiac,Third Party,No,No,0.0266618408515491,Low
12589,Oct,Toyota,Policy Holder,No,No,0.7224560361227408,High
12590,Oct,Toyota,Policy Holder,No,No,0.09181087803331466,Low
12591,Sep,Toyota,Policy Holder,No,No,0.5748671130720123,Medium
12592,Sep,Chevrolet,Policy Holder,No,No,0.6127171675036648,High
12593,Aug,Toyota,Policy Holder,No,No,0.06365090939363797,Low
12594,May,Chevrolet,Third Party,No,No,0.03909218620780538,Low
12595,Aug,Toyota,Policy Holder,No,No,0.12291576388138184,Low
12596,Jul,Pontiac,Policy Holder,No,No,0.06850044594085747,Low
12597,Jul,Chevrolet,Policy Holder,No,No,0.07883885798824272,Low
12598,Jun,Chevrolet,Policy Holder,No,No,0.901439848669267,High
12599,Jun,Toyota,Policy Holder,No,No,0.7653043815823274,High
12600,Jun,Pontiac,Policy Holder,No,No,0.10935447974825037,Low
12601,Jun,Toyota,Policy Holder,No,No,0.6265940215708995,High
12602,Jun,Chevrolet,Policy Holder,No,No,0.10472762921189065,Low
12603,Jun,Pontiac,Third Party,No,No,0.07244320609408891,Low
12604,May,Mazda,Third Party,No,No,0.06751328643254136,Low
12605,May,Mercury,Policy Holder,No,No,0.5589969097584068,Medium
12606,May,Pontiac,Policy Holder,No,No,0.13761361210686157,Low
12607,May,Honda,Third Party,No,No,0.028041638570596796,Low
12608,Apr,Honda,Third Party,No,No,0.08828925945601236,Low
12609,Apr,Pontiac,Policy Holder,No,No,0.09584687587567395,Low
12610,May,Pontiac,Third Party,No,No,0.12164125415613963,Low
12611,Mar,Toyota,Third Party,No,No,0.0030141497773719782,Low
12612,Mar,Toyota,Third Party,No,No,0.046675459587214495,Low
12613,Mar,Chevrolet,Policy Holder,No,No,0.15192534206324945,Low
12614,Mar,Ford,Policy Holder,No,No,0.7731241770630869,High
12615,Feb,Chevrolet,Policy Holder,No,No,0.6206231129419162,High
12616,Jan,Chevrolet,Third Party,No,No,0.0029450223073572866,Low
12617,Jan,Honda,Policy Holder,No,No,0.10459340990099328,Low
12618,Nov,Honda,Policy Holder,No,No,0.036906739394612795,Low
12619,Nov,Honda,Third Party,No,No,0.01435467414861657,Low
12620,Nov,Pontiac,Policy Holder,No,No,0.04751475726832974,Low
12621,Nov,Pontiac,Policy Holder,No,No,0.3924634137783609,Medium
12622,Nov,Toyota,Third Party,No,No,0.0012715229488482092,Low
12623,May,Accura,Policy Holder,No,No,0.12546396285533887,Low
12624,Feb,Toyota,Policy Holder,No,No,0.7356169489716855,High
12625,Jun,Chevrolet,Third Party,No,No,0.041455735123825624,Low
12626,May,Chevrolet,Policy Holder,No,No,0.7127085685072805,High
12627,May,Chevrolet,Third Party,No,No,0.04357078168067077,Low
12628,Mar,Pontiac,Policy Holder,No,No,0.09537236760599985,Low
12629,Dec,VW,Third Party,No,No,0.014063913235796225,Low
12630,Dec,Mazda,Policy Holder,No,No,0.08224966992574015,Low
12631,Apr,Honda,Policy Holder,Yes,Yes,0.1627923412296572,Low
12632,Jun,Toyota,Policy Holder,No,No,0.09295172080730034,Low
12633,Jun,Pontiac,Policy Holder,No,No,0.07006032541924709,Low
12634,Oct,Dodge,Policy Holder,No,No,0.038217118841594115,Low
12635,Oct,Chevrolet,Policy Holder,No,No,0.11588075971129973,Low
12636,May,Pontiac,Third Party,No,No,0.03085285741872611,Low
12637,Oct,Honda,Third Party,No,No,0.0015010119138506891,Low
12638,Oct,Mazda,Policy Holder,No,No,0.02904421817705504,Low
12639,Jul,Honda,Policy Holder,No,No,0.673557838199855,High
12640,Feb,Ford,Policy Holder,No,No,0.8406515376052488,High
12641,Feb,Mazda,Policy Holder,No,No,0.6309783553694399,High
12642,May,Chevrolet,Policy Holder,No,No,0.8737489568849274,High
12643,May,Toyota,Policy Holder,No,No,0.8302226488071736,High
12644,Jul,Pontiac,Policy Holder,No,No,0.08309961721926339,Low
12645,Jun,Pontiac,Policy Holder,No,No,0.07496930792948127,Low
12646,Jun,Honda,Policy Holder,No,No,0.8118604895004593,High
12647,Sep,Honda,Third Party,No,No,0.003904621024896162,Low
12648,Sep,Pontiac,Policy Holder,No,No,0.6473051983862609,High
12649,Sep,Toyota,Policy Holder,No,No,0.8618328633628163,High
12650,Nov,Pontiac,Third Party,No,No,0.03160123892601586,Low
12651,Mar,Mazda,Policy Holder,No,No,0.0939502789709535,Low
12652,Mar,Chevrolet,Third Party,No,No,0.041130191294332305,Low
12653,Feb,Pontiac,Policy Holder,No,No,0.20067854094291496,Low
12654,Jun,Honda,Policy Holder,No,No,0.6018990423103422,High
12655,Apr,Pontiac,Policy Holder,No,No,0.1002265983926025,Low
12656,May,Ford,Policy Holder,No,No,0.7308052630633246,High
12657,Jun,Mercury,Policy Holder,No,No,0.8824196368068825,High
12658,Jun,Honda,Policy Holder,No,No,0.10966640333753026,Low
12659,Jul,Toyota,Policy Holder,No,No,0.5481979040129639,Medium
12660,Jun,Chevrolet,Third Party,No,No,0.07437410286323468,Low
12661,Jun,Toyota,Policy Holder,No,No,0.14723211947194834,Low
12662,Sep,Toyota,Policy Holder,No,No,0.693556283304292,High
12663,Nov,Mazda,Third Party,No,No,0.01861080912686148,Low
12664,Nov,Pontiac,Policy Holder,No,No,0.4063088774588785,Medium
12665,Dec,Pontiac,Policy Holder,No,No,0.5620441089151784,Medium
12666,Dec,Honda,Policy Holder,No,No,0.3936914791635154,Medium
12667,Nov,Honda,Policy Holder,No,No,0.01037044844873082,Low
12668,Nov,Toyota,Policy Holder,No,No,0.6444274997804305,High
12669,Nov,Toyota,Policy Holder,Yes,No,0.3860986857686749,Medium
12670,Oct,Mazda,Policy Holder,No,No,0.5446972458942141,Medium
12671,Sep,Saab,Policy Holder,No,No,0.7490149621719063,High
12672,Sep,Mazda,Third Party,No,No,0.04376065494089218,Low
12673,Jun,Toyota,Policy Holder,No,No,0.7637908573552592,High
12674,Jul,Pontiac,Policy Holder,Yes,No,0.5436794851838936,Medium
12675,Jul,Toyota,Policy Holder,No,No,0.08672496873523071,Low
12676,Jul,Toyota,Third Party,No,No,0.001550327742591267,Low
12677,Jul,Mazda,Policy Holder,No,No,0.12794736125184578,Low
12678,Jul,Mazda,Policy Holder,No,No,0.05768379711788678,Low
12679,Jun,Honda,Policy Holder,No,No,0.732934861327027,High
12680,Jun,Mazda,Policy Holder,No,No,0.14202013529573407,Low
12681,May,Pontiac,Policy Holder,No,No,0.7476317248592801,High
12682,May,Toyota,Policy Holder,No,No,0.8380078100995926,High
12683,May,Pontiac,Policy Holder,No,No,0.09247829081432045,Low
12684,Mar,Honda,Policy Holder,No,No,0.76986922752929,High
12685,Mar,Pontiac,Policy Holder,No,No,0.5480755138509918,Medium
12686,Oct,Honda,Policy Holder,No,No,0.7965807891466649,High
12687,Oct,Pontiac,Policy Holder,No,No,0.7058690748038,High
12688,Oct,Toyota,Third Party,No,No,0.03268166954391775,Low
12689,Sep,Toyota,Policy Holder,No,No,0.11335971164471455,Low
12690,Sep,Pontiac,Policy Holder,No,No,0.06749764196582378,Low
12691,Aug,Honda,Policy Holder,No,No,0.7566494784360335,High
12692,Jun,Mazda,Third Party,No,No,0.0486678674956803,Low
12693,Jul,Toyota,Policy Holder,No,No,0.3235198715018381,Medium
12694,Jun,Pontiac,Policy Holder,No,No,0.746896752284864,High
12695,May,Pontiac,Policy Holder,No,No,0.12244504711811713,Low
12696,May,Chevrolet,Policy Holder,No,No,0.1679614758460323,Low
12697,May,Toyota,Third Party,No,No,0.005385443856804854,Low
12698,May,Pontiac,Policy Holder,No,No,0.8057467677992544,High
12699,Apr,Honda,Policy Holder,No,No,0.8474673538409092,High
12700,Apr,Mazda,Policy Holder,No,No,0.9924635183336215,High
12701,Apr,Pontiac,Policy Holder,No,No,0.6209959635788781,High
12702,Apr,Mazda,Third Party,No,No,0.0012902305579787744,Low
12703,Apr,Toyota,Policy Holder,No,No,0.19239204319730296,Low
12704,Apr,Honda,Policy Holder,No,No,0.6984974363210317,High
12705,Apr,Toyota,Policy Holder,No,No,0.7577625961677266,High
12706,Mar,Honda,Policy Holder,No,No,0.1341616059082297,Low
12707,Mar,Toyota,Policy Holder,No,No,0.11126705419777493,Low
12708,Feb,Honda,Policy Holder,No,No,0.43797426805203205,Medium
12709,Feb,Mazda,Policy Holder,No,No,0.11178868834555837,Low
12710,Jan,Pontiac,Policy Holder,No,No,0.11506663564639558,Low
12711,Nov,Honda,Policy Holder,No,No,0.03603844111833157,Low
12712,Sep,Toyota,Third Party,No,No,0.039505459067850635,Low
12713,Jul,Toyota,Third Party,No,No,0.004603761854207355,Low
12714,Sep,Toyota,Policy Holder,No,No,0.6796961215308777,High
12715,Oct,Honda,Policy Holder,No,No,0.560538274824051,Medium
12716,Jul,Honda,Policy Holder,No,No,0.06957832662540411,Low
12717,May,Honda,Policy Holder,No,No,0.6328036763202465,High
12718,Apr,Chevrolet,Policy Holder,No,No,0.19869425938273008,Low
12719,Mar,Toyota,Third Party,No,No,0.0575820302777907,Low
12720,Mar,Toyota,Policy Holder,No,No,0.7542357877205073,High
12721,Oct,VW,Third Party,No,No,0.008183508494664671,Low
12722,Aug,Honda,Policy Holder,No,No,0.6042275153434417,High
12723,Aug,Toyota,Third Party,No,No,0.08217899009800957,Low
12724,Jun,Pontiac,Policy Holder,No,No,0.5428419051576407,Medium
12725,Jun,Chevrolet,Policy Holder,No,No,0.7387275366761905,High
12726,Jun,Toyota,Policy Holder,No,No,0.9004269604457198,High
12727,Jan,Chevrolet,Policy Holder,No,No,0.6853301833010254,High
12728,Nov,Pontiac,Policy Holder,No,No,0.2875164352270916,Low
12729,Oct,Accura,Policy Holder,No,No,0.8362478951198891,High
12730,Jan,Toyota,Third Party,No,No,0.04712663071350711,Low
12731,Aug,Toyota,Third Party,No,No,0.04529710014728961,Low
12732,Aug,Pontiac,Policy Holder,No,No,0.5657111991963006,Medium
12733,Nov,Honda,Policy Holder,No,No,0.3549675639310183,Medium
12734,Oct,Pontiac,Third Party,No,No,0.05358939045033045,Low
12735,Aug,Honda,Policy Holder,No,No,0.5733391566202787,Medium
12736,Feb,Ford,Third Party,No,No,0.052317368404754754,Low
12737,Feb,Honda,Policy Holder,No,No,0.6825923971253056,High
12738,Mar,Mazda,Policy Holder,No,No,0.7611939295320228,High
12739,Jun,Toyota,Third Party,No,No,0.07968873291011191,Low
12740,Jun,Toyota,Policy Holder,No,No,0.6313266873448883,High
12741,Aug,Mazda,Third Party,No,No,0.11447190616326607,Low
12742,Oct,Toyota,Policy Holder,No,No,0.2512112138843525,Low
12743,Oct,Toyota,Policy Holder,No,No,0.1701324973266847,Low
12744,Nov,Toyota,Policy Holder,No,No,0.061319339665496235,Low
12745,Nov,Pontiac,Third Party,No,No,0.050627310797208246,Low
12746,Feb,Toyota,Policy Holder,No,No,0.199332323640173,Low
12747,Jun,Pontiac,Policy Holder,No,No,0.6785452103041959,High
12748,Jun,Pontiac,Policy Holder,No,No,0.26775543934039536,Low
12749,Apr,Toyota,Policy Holder,No,No,0.17648021937255293,Low
12750,Aug,VW,Policy Holder,No,No,0.02315088611688822,Low
12751,Sep,Mazda,Policy Holder,No,No,0.8052448034082657,High
12752,Nov,Pontiac,Policy Holder,No,No,0.05543418215588943,Low
12753,Nov,Pontiac,Policy Holder,No,No,0.026475945896811987,Low
12754,Nov,Mazda,Policy Holder,No,No,0.06721686592988196,Low
12755,Nov,Toyota,Policy Holder,No,No,0.5711309468516556,Medium
12756,Nov,Chevrolet,Third Party,Yes,No,0.03988818591732669,Low
12757,Nov,Mazda,Policy Holder,No,No,0.04519592341178028,Low
12758,Oct,Pontiac,Policy Holder,No,No,0.6345807631442055,High
12759,Sep,Saab,Policy Holder,No,No,0.7379088915563063,High
12760,Aug,Mazda,Third Party,No,No,0.04791626399385643,Low
12761,Aug,Pontiac,Policy Holder,No,No,0.13840046774158934,Low
12762,Mar,Pontiac,Policy Holder,No,No,0.6372688406308997,High
12763,Feb,Honda,Policy Holder,No,No,0.08590876562615396,Low
12764,Jun,Pontiac,Third Party,No,No,0.060104092847663534,Low
12765,Dec,Mazda,Policy Holder,No,No,0.1524629973267848,Low
12766,Nov,Accura,Policy Holder,No,No,0.06991794689910527,Low
12767,Nov,Mazda,Policy Holder,No,No,0.06901008183888527,Low
12768,Nov,Pontiac,Third Party,No,No,0.029005883340007393,Low
12769,Nov,Pontiac,Policy Holder,No,No,0.038012099707436756,Low
12770,Nov,Pontiac,Policy Holder,No,No,0.5943127617704145,Medium
12771,Oct,Mazda,Third Party,No,No,0.05900003732421536,Low
12772,Aug,Pontiac,Policy Holder,No,No,0.7080547168406178,High
12773,Aug,Mazda,Policy Holder,No,No,0.768201414339282,High
12774,Jul,Mazda,Policy Holder,No,No,0.06394909265689792,Low
12775,Jul,Chevrolet,Policy Holder,No,No,0.49954643007056376,Medium
12776,Jul,Pontiac,Policy Holder,No,No,0.5598367631191661,Medium
12777,Apr,Honda,Policy Holder,No,No,0.49784892349645343,Medium
12778,Mar,Ford,Policy Holder,No,No,0.7755323048905155,High
12779,Mar,Toyota,Third Party,No,No,0.0944578815198141,Low
12780,Feb,VW,Third Party,No,No,0.011554058548349825,Low
12781,Sep,Toyota,Policy Holder,No,No,0.7361161763948679,High
12782,Sep,Chevrolet,Third Party,No,No,0.0028675557564488553,Low
12783,Aug,Chevrolet,Third Party,No,No,0.0010222171072290576,Low
12784,Aug,Honda,Policy Holder,No,No,0.38774412456023527,Medium
12785,Jan,Toyota,Policy Holder,No,No,0.11542153564645113,Low
12786,Dec,Chevrolet,Policy Holder,No,No,0.06714003141725972,Low
12787,Apr,Honda,Policy Holder,No,No,0.13978477701944075,Low
12788,Mar,Mazda,Policy Holder,No,No,0.5928795955121975,Medium
12789,May,Toyota,Policy Holder,No,No,0.17203090369444668,Low
12790,Apr,Pontiac,Policy Holder,No,No,0.5297250880257468,Medium
12791,Aug,Chevrolet,Third Party,Yes,No,0.058571846596554095,Low
12792,Jun,Mazda,Third Party,No,No,0.1257134540152592,Low
12793,Jun,Mazda,Policy Holder,No,No,0.10692439962623745,Low
12794,Apr,Honda,Policy Holder,No,No,0.0914054112644825,Low
12795,Apr,Chevrolet,Policy Holder,No,No,0.7690655468713573,High
12796,Apr,Toyota,Policy Holder,No,No,0.7922526532818195,High
12797,Apr,Mazda,Policy Holder,No,No,0.0827262216144469,Low
12798,Apr,Toyota,Policy Holder,No,No,0.7754477466534132,High
12799,Jun,Toyota,Policy Holder,No,No,0.1877956174242151,Low
12800,Jun,Mazda,Policy Holder,No,No,0.6402024508863595,High
12801,Jun,Nisson,Policy Holder,No,No,0.7682329972062738,High
12802,Jun,Honda,Policy Holder,No,No,0.7767608489981876,High
12803,May,Pontiac,Policy Holder,No,No,0.6969158141717345,High
12804,Jun,Honda,Policy Holder,No,No,0.5220811294333763,Medium
12805,Sep,Honda,Third Party,No,No,0.04334834054302009,Low
12806,Sep,Mazda,Third Party,No,No,0.02809347688136051,Low
12807,Sep,Pontiac,Policy Holder,No,No,0.6325641248416907,High
12808,Sep,Toyota,Third Party,No,No,0.004458458607942481,Low
12809,Oct,Chevrolet,Policy Holder,No,No,0.10485952646763776,Low
12810,Jun,Toyota,Policy Holder,No,No,0.6789411654266475,High
12811,Oct,Accura,Policy Holder,No,No,0.7109524201934617,High
12812,Apr,Chevrolet,Policy Holder,No,No,0.6784330161709347,High
12813,Apr,Accura,Third Party,No,No,0.12079724153390448,Low
12814,May,Toyota,Policy Holder,No,No,0.17869063006947752,Low
12815,May,Toyota,Policy Holder,No,No,0.8163877107425851,High
12816,Jul,Toyota,Policy Holder,No,No,0.5659509153376243,Medium
12817,Jul,Pontiac,Policy Holder,No,No,0.6784501559876197,High
12818,Jul,Ford,Policy Holder,No,No,0.7188462833703776,High
12819,Aug,Pontiac,Policy Holder,No,No,0.5496929318869173,Medium
12820,Jun,Mazda,Third Party,No,No,0.06414218317261455,Low
12821,Nov,Nisson,Third Party,No,No,0.014880179356952293,Low
12822,Nov,Toyota,Policy Holder,No,No,0.5720806647459511,Medium
12823,Dec,Ford,Policy Holder,No,No,0.8013948066844886,High
12824,Feb,Pontiac,Third Party,No,No,0.0032897488628236392,Low
12825,Feb,Pontiac,Policy Holder,No,No,0.7020051756274529,High
12826,Jun,Chevrolet,Policy Holder,No,No,0.7443787879292288,High
12827,Mar,Chevrolet,Policy Holder,No,No,0.6951018756276715,High
12828,Jun,Mazda,Third Party,No,No,0.03214743578430473,Low
12829,Jun,Pontiac,Policy Holder,No,No,0.45739229556999844,Medium
12830,Jul,Pontiac,Third Party,No,No,0.019010005331442884,Low
12831,Jul,Honda,Policy Holder,No,No,0.04443793815469931,Low
12832,Sep,Mazda,Third Party,No,No,0.09658740091887835,Low
12833,Sep,Chevrolet,Policy Holder,No,No,0.7854453208806446,High
12834,Feb,Accura,Third Party,No,No,0.0045632447920854425,Low
12835,Jun,Mazda,Policy Holder,No,No,0.6604791652048779,High
12836,May,Honda,Third Party,No,No,0.023256358169731695,Low
12837,Jul,Toyota,Policy Holder,No,No,0.12665821799567498,Low
12838,Oct,Chevrolet,Third Party,No,No,0.07592261292030794,Low
12839,Sep,Mazda,Policy Holder,No,No,0.13117603864390814,Low
12840,Oct,Honda,Policy Holder,No,No,0.08757312191519677,Low
12841,Aug,Pontiac,Policy Holder,No,No,0.06998283915207999,Low
12842,Aug,Mazda,Policy Holder,No,No,0.14790563808141563,Low
12843,Jun,Saturn,Policy Holder,No,No,0.8312147027957609,High
12844,Jun,Toyota,Policy Holder,No,No,0.09840848851270287,Low
12845,Jul,Pontiac,Policy Holder,No,No,0.0658247774329068,Low
12846,Jun,Mazda,Policy Holder,No,No,0.14080915395453464,Low
12847,Jun,Chevrolet,Third Party,No,No,0.03666999884441106,Low
12848,Mar,Toyota,Policy Holder,No,No,0.12098497259811668,Low
12849,Jun,Honda,Policy Holder,No,No,0.8846131526140433,High
12850,Dec,Pontiac,Policy Holder,No,No,0.06251415777094241,Low
12851,Nov,Pontiac,Third Party,No,No,0.02549602077944991,Low
12852,Dec,Honda,Third Party,No,No,0.04484000778428324,Low
12853,Nov,Pontiac,Third Party,No,No,0.4064958676888704,Medium
12854,Nov,Mazda,Policy Holder,No,No,0.053388056063609655,Low
12855,Nov,Pontiac,Third Party,No,No,0.018306668862336287,Low
12856,Nov,Mazda,Policy Holder,No,No,0.4081326988295423,Medium
12857,Oct,Toyota,Third Party,No,No,0.11704940135624073,Low
12858,Oct,Saab,Third Party,No,No,0.11254042527658843,Low
12859,Sep,Pontiac,Policy Holder,No,No,0.5524671104596391,Medium
12860,Aug,Toyota,Policy Holder,No,No,0.8073210679084062,High
12861,Jul,Chevrolet,Policy Holder,No,No,0.18212319506095453,Low
12862,Jun,Honda,Third Party,No,No,0.03927208966824298,Low
12863,Jun,Honda,Policy Holder,No,No,0.6687696306711572,High
12864,Jun,Honda,Policy Holder,No,No,0.6576978626728971,High
12865,Jun,Pontiac,Policy Holder,No,No,0.7538423679685503,High
12866,Jun,Toyota,Third Party,No,No,0.08220706142503857,Low
12867,May,Honda,Third Party,No,No,0.050772636174060005,Low
12868,Jun,Mazda,Third Party,No,No,0.05347819499674511,Low
12869,May,Toyota,Policy Holder,No,No,0.6821143441388117,High
12870,May,Chevrolet,Third Party,No,No,0.08512218017029463,Low
12871,Apr,Pontiac,Third Party,No,No,0.004409546997068054,Low
12872,Mar,Toyota,Policy Holder,No,No,0.6592830759662854,High
12873,Dec,Honda,Third Party,No,No,0.09041288897087685,Low
12874,Jan,Mazda,Third Party,No,No,0.026112798292427755,Low
12875,May,VW,Third Party,No,No,0.023024223019002674,Low
12876,Dec,Chevrolet,Policy Holder,No,No,0.07113190541065013,Low
12877,Dec,Pontiac,Third Party,No,No,0.022482040497325904,Low
12878,Dec,Honda,Policy Holder,No,No,0.5271019577461489,Medium
12879,Sep,Chevrolet,Third Party,No,No,0.04009499395389973,Low
12880,Sep,Chevrolet,Policy Holder,No,No,0.07378814814954875,Low
12881,Sep,Pontiac,Policy Holder,No,No,0.11005609498307015,Low
12882,Aug,Toyota,Third Party,No,No,0.10730551784127867,Low
12883,Jun,Honda,Policy Holder,No,No,0.09250266316991583,Low
12884,Jun,Ford,Third Party,No,No,0.14830962275581688,Low
12885,Jun,VW,Policy Holder,No,No,0.3071333825612608,Medium
12886,May,Mazda,Third Party,No,No,0.027830643814454478,Low
12887,Apr,Honda,Third Party,No,No,0.06172799556540887,Low
12888,Mar,Mazda,Policy Holder,No,No,0.7827927987952237,High
12889,Mar,Mazda,Policy Holder,No,No,0.6166145889592806,High
12890,Jun,Mazda,Third Party,No,No,0.04682421826199446,Low
12891,Nov,Pontiac,Policy Holder,No,No,0.5059058952140333,Medium
12892,Nov,Pontiac,Third Party,No,No,0.03502266440556289,Low
12893,Nov,Chevrolet,Policy Holder,No,No,0.47053895819383923,Medium
12894,Oct,Chevrolet,Third Party,No,No,0.05594056762705058,Low
12895,Sep,Toyota,Third Party,No,No,0.03645146832480619,Low
12896,Sep,Mazda,Policy Holder,No,No,0.5958113462245072,Medium
12897,Jul,Chevrolet,Policy Holder,No,No,0.7037366931375546,High
12898,May,Pontiac,Policy Holder,No,No,0.7927879163379291,High
12899,May,Mazda,Policy Holder,No,No,0.08098585621095959,Low
12900,May,Mazda,Policy Holder,No,No,0.7435796322700571,High
12901,Feb,Honda,Policy Holder,No,No,0.08183627202021217,Low
12902,Feb,Pontiac,Policy Holder,No,No,0.5674941080376626,Medium
12903,Feb,Honda,Policy Holder,No,No,0.08176575527520337,Low
12904,Oct,Honda,Policy Holder,No,No,0.7085871613706676,High
12905,Oct,Toyota,Policy Holder,No,No,0.5384034759856416,Medium
12906,Oct,Mazda,Policy Holder,No,No,0.6846414891271212,High
12907,Sep,Mazda,Policy Holder,No,No,0.10849041629060055,Low
12908,Sep,Toyota,Policy Holder,No,No,0.5918859826694018,Medium
12909,Apr,Honda,Third Party,No,No,0.04271615100010397,Low
12910,Apr,Honda,Policy Holder,No,No,0.7178920006924804,High
12911,Jul,Pontiac,Policy Holder,No,No,0.4301431044992724,Medium
12912,Jul,Toyota,Policy Holder,No,No,0.6589778472433174,High
12913,Oct,Honda,Policy Holder,No,No,0.07838867525176553,Low
12914,Mar,Pontiac,Third Party,No,No,0.004929740790214846,Low
12915,Jun,Honda,Policy Holder,No,No,0.07778226075320588,Low
12916,Jun,Honda,Policy Holder,No,No,0.09014467661241968,Low
12917,Jul,Toyota,Policy Holder,No,No,0.5627323167770537,Medium
12918,Jul,Toyota,Policy Holder,No,No,0.0692879439119232,Low
12919,Aug,Honda,Policy Holder,Yes,No,0.442248464001804,Medium
12920,Nov,Honda,Policy Holder,No,No,0.5375077211363022,Medium
12921,Nov,Mazda,Policy Holder,No,No,0.04323427156330223,Low
12922,Jun,Mazda,Policy Holder,No,No,0.5957289189733768,Medium
12923,Nov,Toyota,Policy Holder,No,No,0.07043769202642071,Low
12924,Nov,Accura,Policy Holder,No,No,0.5897618213117058,Medium
12925,Nov,Accura,Policy Holder,No,No,0.5668653132406091,Medium
12926,Aug,Toyota,Policy Holder,No,No,0.7395753180862139,High
12927,Aug,Accura,Policy Holder,No,No,0.1574499061854416,Low
12928,Jul,Honda,Policy Holder,No,No,0.6557607732633384,High
12929,Jul,Ford,Third Party,No,No,0.04204371660560607,Low
12930,Jul,VW,Policy Holder,No,No,0.017497968121874045,Low
12931,Jun,Nisson,Third Party,No,No,0.05933057835878404,Low
12932,Jun,Chevrolet,Policy Holder,No,No,0.16097556133838986,Low
12933,Jun,Honda,Policy Holder,No,No,0.06288360806306789,Low
12934,Jun,Toyota,Policy Holder,No,No,0.7005942478005324,High
12935,Jun,Mazda,Third Party,No,No,0.04488917367919426,Low
12936,Apr,Toyota,Third Party,No,No,0.06468798466968635,Low
12937,Apr,Pontiac,Policy Holder,No,No,0.5716371226468759,Medium
12938,Apr,Chevrolet,Third Party,No,No,0.05844373152689823,Low
12939,Jan,Mazda,Policy Holder,No,No,0.052417959492176605,Low
12940,Dec,Honda,Policy Holder,No,No,0.6886418371010019,High
12941,Dec,Honda,Third Party,No,No,0.0021193813440400907,Low
12942,Nov,Ford,Policy Holder,No,No,0.6378590160297705,High
12943,Nov,Pontiac,Policy Holder,No,No,0.3582174115693574,Medium
12944,Oct,Honda,Third Party,No,No,0.058797877742243335,Low
12945,Oct,Mazda,Policy Holder,No,No,0.7594462284353168,High
12946,Aug,Mazda,Third Party,No,No,0.10571743856806516,Low
12947,Aug,Chevrolet,Policy Holder,No,No,0.095462310852338,Low
12948,Jul,Pontiac,Third Party,No,No,0.03194883072619462,Low
12949,Jul,Pontiac,Third Party,No,No,0.04136798689880317,Low
12950,Jun,Mazda,Third Party,No,No,0.1111713102764537,Low
12951,May,Mazda,Third Party,No,No,0.07491235647541444,Low
12952,May,Mazda,Policy Holder,No,No,0.6841911267382816,High
12953,May,Toyota,Policy Holder,No,No,0.8256373078231988,High
12954,Jun,Honda,Third Party,No,No,0.1593352224193805,Low
12955,May,Chevrolet,Policy Holder,No,No,0.8382981685664197,High
12956,May,Honda,Policy Holder,No,No,0.06771604559547525,Low
12957,Apr,Chevrolet,Policy Holder,No,No,0.13740389830633234,Low
12958,Apr,Toyota,Third Party,No,No,0.026306305366561502,Low
12959,Aug,Ford,Policy Holder,No,No,0.32146718326631485,Medium
12960,Jan,Ford,Third Party,Yes,No,0.05134839866118307,Low
12961,Dec,Toyota,Policy Holder,No,No,0.6483982905188879,High
12962,Feb,Toyota,Third Party,No,No,0.026626672638268768,Low
12963,Feb,Mazda,Third Party,No,No,0.07381206409793638,Low
12964,Feb,Toyota,Policy Holder,No,No,0.11502977636388032,Low
12965,Aug,Pontiac,Policy Holder,No,No,0.7622137516424425,High
12966,Jul,Pontiac,Third Party,No,No,0.04027209130972892,Low
12967,Sep,Honda,Policy Holder,No,No,0.13009679829555051,Low
12968,Sep,Pontiac,Policy Holder,No,No,0.11276337149052207,Low
12969,Nov,Toyota,Policy Holder,No,No,0.26496975519908633,Low
12970,Apr,Pontiac,Policy Holder,No,No,0.6762455234526142,High
12971,Apr,Nisson,Policy Holder,No,No,0.7638485863140979,High
12972,Aug,Dodge,Policy Holder,No,No,0.07568087384996487,Low
12973,Aug,Toyota,Policy Holder,No,No,0.11906649874544746,Low
12974,Aug,Mazda,Policy Holder,No,No,0.7113768785146521,High
12975,Oct,Pontiac,Policy Holder,No,No,0.06994241675880522,Low
12976,Dec,Chevrolet,Policy Holder,No,No,0.5780673173660766,Medium
12977,Jun,Pontiac,Policy Holder,No,No,0.1104963022858412,Low
12978,Dec,Mazda,Third Party,No,No,0.038718834127847546,Low
12979,Dec,Chevrolet,Third Party,Yes,No,0.025680507150245575,Low
12980,Dec,Toyota,Policy Holder,No,No,0.6574886803782074,High
12981,Mar,Pontiac,Policy Holder,No,No,0.11720128903417373,Low
12982,Mar,Honda,Third Party,No,No,0.0038624083241451663,Low
12983,May,Mazda,Policy Holder,No,No,0.1103982791767709,Low
12984,May,Mazda,Policy Holder,No,No,0.6916568840718581,High
12985,May,Pontiac,Policy Holder,No,No,0.7042657444434922,High
12986,Jun,Pontiac,Policy Holder,No,No,0.09715732278169174,Low
12987,Jun,Pontiac,Third Party,No,No,0.05003786875207007,Low
12988,Sep,Pontiac,Policy Holder,No,No,0.8216398289558161,High
12989,Oct,Toyota,Policy Holder,No,No,0.7219850723512474,High
12990,Oct,Mazda,Policy Holder,No,No,0.5074128151108819,Medium
12991,Dec,Toyota,Policy Holder,No,No,0.10828601368115498,Low
12992,Apr,Pontiac,Policy Holder,No,No,0.13738247380048704,Low
12993,Apr,Pontiac,Policy Holder,No,No,0.7693582014811505,High
12994,Sep,Pontiac,Policy Holder,No,No,0.670898732762528,High
12995,Feb,Honda,Policy Holder,No,No,0.6597892928426689,High
12996,Jun,Mazda,Policy Holder,No,No,0.12838029476052132,Low
12997,Sep,Mazda,Policy Holder,No,No,0.07249392473762266,Low
12998,Sep,Mazda,Policy Holder,No,No,0.47787881243623975,Medium
12999,Jan,Mazda,Policy Holder,No,No,0.05703322095641747,Low
13000,Jun,Honda,Policy Holder,No,No,0.5194895250264111,Medium
13001,Mar,Pontiac,Policy Holder,No,No,0.7995583227872133,High
13002,Jul,Pontiac,Policy Holder,No,No,0.15006417865952706,Low
13003,Dec,Toyota,Policy Holder,No,No,0.6616773685940192,High
13004,Dec,Pontiac,Third Party,No,No,0.014627970567501423,Low
13005,Feb,Mazda,Policy Holder,No,No,0.5815807034300753,Medium
13006,Jul,Honda,Third Party,No,No,0.4427545667714555,Medium
13007,Sep,Pontiac,Third Party,No,No,0.060556771206966065,Low
13008,Dec,Toyota,Policy Holder,No,No,0.08733786477496472,Low
13009,Dec,Mazda,Policy Holder,No,No,0.05805139261415163,Low
13010,Dec,Honda,Policy Holder,No,No,0.10291848039195335,Low
13011,Dec,Mazda,Policy Holder,No,No,0.09309609435430799,Low
13012,Dec,Pontiac,Third Party,No,No,0.05669442780567596,Low
13013,Oct,Ford,Third Party,No,No,0.03979898008170779,Low
13014,Sep,Honda,Policy Holder,No,No,0.6442752795543968,High
13015,Aug,Mazda,Policy Holder,No,No,0.1020085202414047,Low
13016,Apr,Honda,Third Party,No,No,0.04904195514184944,Low
13017,Apr,Mazda,Policy Holder,No,No,0.5764468769438973,Medium
13018,Nov,Pontiac,Policy Holder,No,No,0.5792594123507947,Medium
13019,Nov,Mazda,Policy Holder,No,No,0.5007138906813131,Medium
13020,Aug,Mazda,Policy Holder,No,No,0.1349750013672797,Low
13021,Aug,Toyota,Policy Holder,No,No,0.147083105485494,Low
13022,Jul,Toyota,Policy Holder,No,No,0.08160530354238682,Low
13023,Jun,Toyota,Third Party,No,No,0.06985501483965847,Low
13024,Jul,Toyota,Policy Holder,No,No,0.06449277816055557,Low
13025,Apr,BMW,Policy Holder,No,No,0.21756744374472056,Low
13026,Mar,Honda,Policy Holder,No,No,0.2570970973004144,Low
13027,Jun,Mazda,Policy Holder,No,No,0.7842882438797368,High
13028,Jun,Mazda,Third Party,No,No,0.05637586105563098,Low
13029,Feb,VW,Third Party,No,No,0.0006657958300285456,Low
13030,Apr,Honda,Third Party,No,No,0.08290358543418859,Low
13031,Nov,Pontiac,Policy Holder,No,No,0.5443031554964448,Medium
13032,Oct,Mazda,Policy Holder,No,No,0.10750415414353168,Low
13033,Aug,Honda,Policy Holder,No,No,0.14012710226920544,Low
13034,Aug,Mazda,Policy Holder,No,No,0.4764570883841477,Medium
13035,May,Toyota,Policy Holder,No,No,0.7329810895295648,High
13036,Apr,Pontiac,Policy Holder,No,No,0.7633362458991225,High
13037,Apr,Mazda,Third Party,No,No,0.03070776159661761,Low
13038,Mar,Accura,Policy Holder,No,No,0.8054347014247114,High
13039,Dec,Honda,Policy Holder,No,No,0.43761035579618457,Medium
13040,Dec,VW,Policy Holder,Yes,No,0.20463271305066233,Low
13041,Dec,Pontiac,Policy Holder,Yes,No,0.6456734754385667,High
13042,Dec,Accura,Policy Holder,No,No,0.7098200192325591,High
13043,Dec,Toyota,Policy Holder,Yes,No,0.6814233723243832,High
13044,Dec,Chevrolet,Policy Holder,No,No,0.5561156704714207,Medium
13045,Dec,Pontiac,Policy Holder,No,No,0.06366268734187007,Low
13046,Nov,Honda,Policy Holder,No,No,0.46619623662409004,Medium
13047,Aug,Pontiac,Policy Holder,No,No,0.6816018166691933,High
13048,Aug,Chevrolet,Policy Holder,No,No,0.10904813547142812,Low
13049,Jul,Mazda,Policy Holder,No,No,0.04809454805816237,Low
13050,Jul,Mazda,Policy Holder,No,No,0.48913368893783493,Medium
13051,Jul,Mazda,Policy Holder,No,No,0.1242124891645666,Low
13052,Jun,Saturn,Third Party,No,No,0.11873340934175802,Low
13053,May,Honda,Policy Holder,No,No,0.6658966533811538,High
13054,May,Honda,Policy Holder,No,No,0.8759192582669216,High
13055,Apr,Accura,Policy Holder,No,No,0.12579935260452316,Low
13056,Apr,Honda,Third Party,No,No,0.003178079668478336,Low
13057,Mar,Pontiac,Policy Holder,No,No,0.9803538852888115,High
13058,Nov,Mazda,Policy Holder,No,No,0.3319255507426675,Medium
13059,Sep,Pontiac,Policy Holder,No,No,0.1006402600018853,Low
13060,Sep,Pontiac,Policy Holder,No,No,0.6073387624659006,High
13061,Sep,Toyota,Policy Holder,No,No,0.6135194320649013,High
13062,Sep,Mazda,Policy Holder,No,No,0.0811139326157568,Low
13063,Jun,Pontiac,Third Party,No,No,0.07583572984548141,Low
13064,Dec,Honda,Policy Holder,No,No,0.5738704047460954,Medium
13065,Dec,Chevrolet,Third Party,No,No,0.0481252517583772,Low
13066,Mar,Honda,Third Party,No,No,0.07496869930082226,Low
13067,Mar,Pontiac,Third Party,No,Yes,0.06737260448082856,Low
13068,Jun,Honda,Policy Holder,No,No,0.6202936367126487,High
13069,May,Dodge,Policy Holder,No,No,0.1393309055983792,Low
13070,Jun,Toyota,Third Party,No,No,0.110336046816522,Low
13071,Jun,Chevrolet,Third Party,No,No,0.16417999959759857,Low
13072,Aug,Pontiac,Policy Holder,No,No,0.10218936418722102,Low
13073,Aug,Honda,Policy Holder,No,No,0.07883668162752115,Low
13074,Oct,Mazda,Policy Holder,No,No,0.5102289348628466,Medium
13075,Nov,Pontiac,Policy Holder,No,No,0.6492857203424766,High
13076,Nov,Pontiac,Policy Holder,No,No,0.6606044630632196,High
13077,Dec,Toyota,Policy Holder,No,No,0.6245733202127434,High
13078,Jun,VW,Policy Holder,No,No,0.026163858225976045,Low
13079,Dec,Pontiac,Policy Holder,No,No,0.6043043125641866,High
13080,Apr,Honda,Policy Holder,No,No,0.08982711556294802,Low
13081,Jun,Pontiac,Policy Holder,No,No,0.14144902782942972,Low
13082,Jul,Toyota,Third Party,No,No,0.020779156922017247,Low
13083,Jul,Mazda,Policy Holder,No,No,0.5855668907808063,Medium
13084,Aug,Honda,Policy Holder,No,No,0.06764722715600381,Low
13085,Aug,Pontiac,Third Party,No,No,0.032332976803463316,Low
13086,Aug,Honda,Third Party,No,No,0.036144238533977566,Low
13087,Jun,Honda,Third Party,No,No,0.07431679465044061,Low
13088,Jun,Pontiac,Policy Holder,No,No,0.13268584521003216,Low
13089,Dec,Ford,Policy Holder,Yes,No,0.04054009818265249,Low
13090,Dec,Mazda,Policy Holder,No,No,0.09970778957848427,Low
13091,Dec,VW,Policy Holder,No,No,0.1567858349885819,Low
13092,Dec,Mazda,Policy Holder,No,No,0.49608222200304436,Medium
13093,Nov,Mazda,Policy Holder,No,No,0.03226705816262492,Low
13094,Jun,Honda,Third Party,No,No,0.07612243887802825,Low
13095,Sep,Toyota,Policy Holder,No,No,0.13617779144529238,Low
13096,Jun,Chevrolet,Policy Holder,No,No,0.6578832696946821,High
13097,Aug,Pontiac,Third Party,Yes,No,0.02498721097819736,Low
13098,Aug,Honda,Policy Holder,No,No,0.6103083153729694,High
13099,Jul,Mazda,Third Party,No,No,0.020822812322794648,Low
13100,Jun,Pontiac,Policy Holder,No,No,0.6744213654145302,High
13101,Jun,Chevrolet,Third Party,No,No,0.09255312574901466,Low
13102,Apr,Ford,Third Party,Yes,No,0.004981602090105008,Low
13103,Apr,Honda,Policy Holder,No,No,0.6027178515490962,High
13104,Feb,Pontiac,Third Party,No,No,0.05092580121180434,Low
13105,Dec,Mazda,Policy Holder,No,No,0.1191213553175901,Low
13106,Dec,Mazda,Policy Holder,No,No,0.6431780732326954,High
13107,Dec,Accura,Third Party,No,No,0.03581553816792009,Low
13108,Jun,Pontiac,Policy Holder,No,No,0.8248577630586236,High
13109,Dec,Honda,Policy Holder,No,No,0.5533887254478362,Medium
13110,Dec,Pontiac,Third Party,No,No,0.02588073591244635,Low
13111,Dec,Honda,Policy Holder,No,No,0.7412052600274915,High
13112,Dec,Honda,Policy Holder,No,No,0.14360955607711134,Low
13113,Nov,Toyota,Policy Holder,No,No,0.5489557499802392,Medium
13114,Dec,Toyota,Policy Holder,No,No,0.09033093520531366,Low
13115,Jun,Mazda,Third Party,No,No,0.025365431334554708,Low
13116,Nov,Accura,Policy Holder,No,No,0.5827362421664295,Medium
13117,Nov,Ford,Policy Holder,No,No,0.06863194447758401,Low
13118,Jun,Chevrolet,Third Party,No,No,0.05734218416828218,Low
13119,Sep,Mazda,Policy Holder,No,No,0.5472411470902855,Medium
13120,Sep,Honda,Policy Holder,No,No,0.6760786488852714,High
13121,Sep,Mazda,Policy Holder,No,No,0.11892215668687264,Low
13122,Sep,Honda,Policy Holder,No,No,0.0683269921294743,Low
13123,Sep,Chevrolet,Policy Holder,No,No,0.5480967071562878,Medium
13124,Aug,Mazda,Policy Holder,No,No,0.09015156976051433,Low
13125,Aug,Honda,Policy Holder,No,No,0.048066372739283346,Low
13126,Aug,Toyota,Policy Holder,No,No,0.7035958571937793,High
13127,Jul,Toyota,Third Party,No,No,0.04252631343626366,Low
13128,Jun,Mazda,Third Party,No,No,0.034692589955917855,Low
13129,Jun,Chevrolet,Policy Holder,No,No,0.14444233480533775,Low
13130,Jun,Chevrolet,Policy Holder,No,No,0.770553792279127,High
13131,Jun,Honda,Policy Holder,No,No,0.12201654729271288,Low
13132,May,Mazda,Third Party,No,No,0.08788430806927293,Low
13133,Apr,Pontiac,Policy Holder,No,No,0.664998866584309,High
13134,Apr,Chevrolet,Policy Holder,No,No,0.7293946778170117,High
13135,Jun,Mazda,Policy Holder,No,No,0.8044580432163885,High
13136,Dec,Honda,Policy Holder,No,No,0.061332625073122427,Low
13137,Oct,Mazda,Third Party,No,No,0.03694424951031891,Low
13138,Oct,Mazda,Policy Holder,No,No,0.07050197897552048,Low
13139,Oct,Honda,Policy Holder,No,No,0.5957182763416301,Medium
13140,Mar,Toyota,Policy Holder,No,No,0.03951492539947637,Low
13141,Feb,Honda,Policy Holder,No,No,0.6200107031568285,High
13142,Jun,Pontiac,Third Party,No,No,0.037985545230191944,Low
13143,Jun,Pontiac,Policy Holder,No,No,0.7702124420354594,High
13144,Jul,Pontiac,Third Party,No,No,0.032123363248691736,Low
13145,Oct,Mazda,Policy Holder,No,No,0.11095175715865936,Low
13146,Mar,Pontiac,Policy Holder,No,No,0.0853143758299128,Low
13147,Feb,Toyota,Third Party,No,No,0.00367040606768415,Low
13148,Sep,Mazda,Policy Holder,No,No,0.5337102215380324,Medium
13149,Jun,Pontiac,Third Party,No,No,0.07620708827791202,Low
13150,Dec,Toyota,Policy Holder,No,No,0.6653208787825519,High
13151,Jun,Honda,Third Party,No,No,0.0666011591184706,Low
13152,Jul,Chevrolet,Policy Holder,No,No,0.11168807819880151,Low
13153,Jul,Mazda,Policy Holder,No,No,0.682830527985609,High
13154,Oct,Toyota,Policy Holder,No,No,0.7994054333902557,High
13155,Aug,Toyota,Policy Holder,No,No,0.6823574122829485,High
13156,Jul,Mazda,Policy Holder,No,No,0.424449012848801,Medium
13157,Sep,Toyota,Policy Holder,No,No,0.5814694860702869,Medium
13158,Sep,Mazda,Policy Holder,No,No,0.549429278889188,Medium
13159,Jun,Toyota,Third Party,No,No,0.8959452047417854,High
13160,Dec,Honda,Policy Holder,No,No,0.42725124255504865,Medium
13161,Dec,Pontiac,Policy Holder,No,No,0.49073855982258174,Medium
13162,May,Honda,Policy Holder,No,No,0.0917079588459143,Low
13163,May,Dodge,Policy Holder,No,No,0.5142743327922181,Medium
13164,May,Toyota,Policy Holder,No,No,0.17496091971058683,Low
13165,Apr,Honda,Policy Holder,No,No,0.7353797226956587,High
13166,Apr,Toyota,Policy Holder,No,No,0.17941144975396311,Low
13167,May,Chevrolet,Policy Holder,No,No,0.7015236774515533,High
13168,Aug,Chevrolet,Policy Holder,No,No,0.08332019313446878,Low
13169,Aug,Pontiac,Policy Holder,No,No,0.10642127475075894,Low
13170,Oct,Toyota,Third Party,No,No,0.004291729388408949,Low
13171,Jun,Accura,Third Party,No,No,0.006518405207091969,Low
13172,Jan,Toyota,Third Party,No,No,0.08447118598778164,Low
13173,Apr,Honda,Policy Holder,No,No,0.8326643318275595,High
13174,Jul,Pontiac,Policy Holder,No,No,0.4326735895325309,Medium
13175,Aug,Honda,Policy Holder,No,No,0.3395826221254375,Medium
13176,Nov,Mazda,Policy Holder,No,No,0.40115470497751793,Medium
13177,Oct,Toyota,Policy Holder,No,No,0.7927406297280574,High
13178,Aug,Pontiac,Policy Holder,No,No,0.7522668654563355,High
13179,Jun,Pontiac,Policy Holder,No,No,0.762445722471977,High
13180,Dec,Pontiac,Third Party,No,No,0.03740672913280165,Low
13181,Nov,Chevrolet,Policy Holder,No,No,0.6278615878007701,High
13182,Oct,Chevrolet,Third Party,No,No,0.02916353713155348,Low
13183,Jul,Pontiac,Policy Holder,No,No,0.06692704107986805,Low
13184,Jun,Honda,Third Party,No,No,0.12680858802173053,Low
13185,Apr,Accura,Policy Holder,No,No,0.7334115429372083,High
13186,Jan,Pontiac,Policy Holder,No,No,0.1272719461572361,Low
13187,Feb,Pontiac,Policy Holder,No,No,0.13627950792748814,Low
13188,Feb,Mazda,Policy Holder,No,No,0.7542015007403134,High
13189,Sep,Toyota,Policy Holder,No,No,0.08149952857005986,Low
13190,Dec,Pontiac,Policy Holder,No,No,0.568041978808513,Medium
13191,Dec,Honda,Policy Holder,No,No,0.5296220575238886,Medium
13192,Nov,Honda,Policy Holder,No,No,0.525897928062832,Medium
13193,Aug,Chevrolet,Policy Holder,No,No,0.10076529737026618,Low
13194,Mar,Mazda,Third Party,No,No,0.0775097807640733,Low
13195,Nov,Pontiac,Policy Holder,No,No,0.4826647127494059,Medium
13196,Nov,Pontiac,Policy Holder,No,No,0.10031114619860491,Low
13197,Oct,Toyota,Policy Holder,No,No,0.7876955121249484,High
13198,Aug,Toyota,Third Party,No,No,0.004839629567992245,Low
13199,Aug,Pontiac,Policy Holder,No,No,0.6490537133830642,High
13200,Jul,Chevrolet,Policy Holder,No,No,0.12326615893870511,Low
13201,Mar,Pontiac,Policy Holder,No,No,0.7734967206521792,High
13202,Mar,Chevrolet,Policy Holder,No,No,0.6158703322387653,High
13203,Sep,Chevrolet,Policy Holder,No,No,0.22697814501410365,Low
13204,Jun,Chevrolet,Third Party,No,No,0.06601609915230497,Low
13205,Apr,Accura,Policy Holder,No,No,0.1947521573624385,Low
13206,Sep,Toyota,Policy Holder,No,No,0.1287064605272386,Low
13207,Sep,Mazda,Third Party,No,No,0.037032525756811485,Low
13208,Aug,Honda,Policy Holder,No,No,0.6434256197686065,High
13209,Feb,Mazda,Third Party,No,No,0.05556907331483584,Low
13210,May,VW,Policy Holder,No,No,0.9232872161039626,High
13211,Jun,Ford,Policy Holder,No,No,0.9013442880804854,High
13212,Aug,Honda,Policy Holder,No,No,0.165215260231108,Low
13213,Jun,Pontiac,Third Party,No,No,0.045332203165781626,Low
13214,Sep,Mazda,Policy Holder,No,No,0.5613603172378154,Medium
13215,Sep,Pontiac,Policy Holder,No,No,0.5087423601354739,Medium
13216,Sep,Pontiac,Policy Holder,No,No,0.5665247947292915,Medium
13217,Dec,Toyota,Policy Holder,No,No,0.6995265798281998,High
13218,Apr,Toyota,Policy Holder,No,No,0.6841415876029121,High
13219,May,Chevrolet,Third Party,No,No,0.0803125699137316,Low
13220,May,Ford,Policy Holder,No,No,0.7374792682856565,High
13221,May,Toyota,Policy Holder,No,No,0.8029901872662241,High
13222,May,Mazda,Policy Holder,No,No,0.15181007333610988,Low
13223,Sep,Pontiac,Policy Holder,No,No,0.5135650117600296,Medium
13224,Sep,Saab,Policy Holder,No,No,0.1669327032120025,Low
13225,Sep,Pontiac,Policy Holder,No,No,0.09282601161409518,Low
13226,Jun,Accura,Policy Holder,No,No,0.771837189348166,High
13227,Sep,Mazda,Policy Holder,No,No,0.4650618664584126,Medium
13228,Dec,Pontiac,Policy Holder,Yes,No,0.44388268124107844,Medium
13229,Dec,Pontiac,Policy Holder,No,No,0.06277444269143279,Low
13230,Jun,Chevrolet,Policy Holder,No,No,0.46706175347253087,Medium
13231,Dec,Chevrolet,Policy Holder,No,No,0.6343261576518735,High
13232,Jun,Pontiac,Policy Holder,No,No,0.5383916565686693,Medium
13233,Dec,Honda,Third Party,No,No,0.04859867681610481,Low
13234,Jun,Honda,Policy Holder,No,No,0.6198577441161284,High
13235,Sep,Mazda,Policy Holder,No,No,0.10751889427237112,Low
13236,Sep,Chevrolet,Policy Holder,Yes,No,0.6199530672803873,High
13237,Sep,Chevrolet,Third Party,No,No,0.002598575915784448,Low
13238,Jun,Chevrolet,Third Party,No,No,0.03763079601604179,Low
13239,Sep,Pontiac,Policy Holder,No,No,0.547710496821941,Medium
13240,Sep,Pontiac,Policy Holder,No,No,0.6924520500202678,High
13241,Sep,Honda,Policy Holder,No,No,0.49204368197352866,Medium
13242,Jun,Chevrolet,Policy Holder,No,No,0.7400478048783115,High
13243,May,Toyota,Policy Holder,Yes,No,0.6291624249962892,High
13244,May,Mazda,Policy Holder,No,No,0.6682597575219772,High
13245,Jun,Pontiac,Third Party,No,No,0.053674749359124106,Low
13246,May,Pontiac,Policy Holder,No,No,0.18799304345627707,Low
13247,Jun,Honda,Policy Holder,No,No,0.5928244618628731,Medium
13248,Jun,Mazda,Third Party,No,No,0.04850120698622415,Low
13249,Apr,Chevrolet,Third Party,No,No,0.06442572130303918,Low
13250,Dec,Mazda,Policy Holder,No,No,0.0991795356419279,Low
13251,Jul,Pontiac,Third Party,No,No,0.0067327959205221895,Low
13252,Nov,Honda,Third Party,No,No,0.005088069329371076,Low
13253,Sep,Mazda,Policy Holder,No,No,0.06314952853451776,Low
13254,Sep,Mercury,Policy Holder,No,No,0.5639757855310022,Medium
13255,Sep,Chevrolet,Policy Holder,No,No,0.09573381298310314,Low
13256,Sep,Toyota,Third Party,No,No,0.005437024571155001,Low
13257,Jul,Mazda,Policy Holder,No,No,0.44093015591081736,Medium
13258,May,Pontiac,Policy Holder,No,No,0.12903364613988175,Low
13259,May,Pontiac,Policy Holder,No,No,0.12043365650613076,Low
13260,May,Ford,Policy Holder,No,No,0.8003256390269747,High
13261,Feb,Honda,Policy Holder,No,No,0.8392215885903918,High
13262,Apr,Chevrolet,Policy Holder,No,No,0.7098570380575142,High
13263,Jun,Toyota,Policy Holder,No,No,0.2048546258193521,Low
13264,Jul,Pontiac,Policy Holder,Yes,No,0.5704192944415875,Medium
13265,Feb,Pontiac,Policy Holder,No,No,0.09572102938377906,Low
13266,Jul,Toyota,Policy Holder,No,No,0.5729993987038436,Medium
13267,Aug,Honda,Third Party,No,No,0.05249234782251483,Low
13268,Jul,Pontiac,Policy Holder,No,No,0.4506338174479813,Medium
13269,Nov,Mazda,Policy Holder,No,No,0.03800072947649394,Low
13270,Jun,Toyota,Third Party,No,No,0.05625606094827095,Low
13271,Mar,Honda,Policy Holder,No,No,0.11930271761100095,Low
13272,Oct,VW,Policy Holder,No,No,0.03460420752469807,Low
13273,Nov,Mazda,Policy Holder,No,No,0.031682429427564204,Low
13274,Apr,Honda,Third Party,No,No,0.0037540641963698857,Low
13275,May,Pontiac,Policy Holder,No,No,0.7222464699106294,High
13276,Apr,VW,Third Party,No,No,0.012136612073252255,Low
13277,Aug,Pontiac,Policy Holder,No,No,0.7856813692836939,High
13278,Dec,Pontiac,Third Party,No,No,0.003165777397145937,Low
13279,Jul,Pontiac,Third Party,No,No,0.058744137647883304,Low
13280,Jul,Mazda,Third Party,No,No,0.06353451587816855,Low
13281,Jul,Chevrolet,Third Party,No,No,0.0005161385500752791,Low
13282,Jan,Toyota,Policy Holder,No,No,0.12083621458012139,Low
13283,May,Mazda,Policy Holder,No,No,0.10748648126440027,Low
13284,Mar,Mazda,Third Party,No,No,0.003677235870599506,Low
13285,Apr,Pontiac,Policy Holder,No,No,0.7507030485449642,High
13286,Jun,Mercury,Policy Holder,No,No,0.6049809580214374,High
13287,May,Mazda,Third Party,No,No,0.0854423152744712,Low
13288,May,Chevrolet,Third Party,No,No,0.15646822409478375,Low
13289,Sep,Honda,Policy Holder,No,No,0.6091003900972075,High
13290,Sep,Pontiac,Third Party,No,No,0.0021713524468487955,Low
13291,Nov,Accura,Policy Holder,No,No,0.735955676492511,High
13292,Nov,Mazda,Policy Holder,Yes,No,0.31845541007646305,Medium
13293,Nov,Mazda,Third Party,No,No,0.024758549753330646,Low
13294,Dec,Honda,Third Party,No,Yes,0.016140426126081773,Low
13295,Dec,Pontiac,Policy Holder,No,No,0.06819675929458051,Low
13296,Mar,Pontiac,Policy Holder,No,No,0.48853879282336876,Medium
13297,May,Toyota,Policy Holder,Yes,No,0.1321026481940689,Low
13298,May,Toyota,Policy Holder,No,No,0.7877837627653502,High
13299,Jul,Toyota,Policy Holder,No,No,0.07238025167288854,Low
13300,Aug,Honda,Policy Holder,No,No,0.071511441306719,Low
13301,Aug,Toyota,Third Party,Yes,No,0.06466740447756852,Low
13302,Nov,VW,Policy Holder,No,No,0.19484004931831927,Low
13303,Sep,Pontiac,Policy Holder,No,No,0.6488343103879284,High
13304,Sep,Mazda,Policy Holder,No,No,0.03144372572192063,Low
13305,Dec,Honda,Policy Holder,No,No,0.534002233827436,Medium
13306,Dec,Pontiac,Policy Holder,No,No,0.5352913314092724,Medium
13307,Dec,Mazda,Policy Holder,No,No,0.5973810310230607,Medium
13308,Dec,Pontiac,Third Party,No,No,0.020750675192231754,Low
13309,Sep,Toyota,Policy Holder,No,No,0.5083188751142016,Medium
13310,Sep,Chevrolet,Third Party,Yes,No,0.010080501444550855,Low
13311,Apr,Toyota,Policy Holder,No,No,0.874870037486229,High
13312,Apr,Toyota,Policy Holder,No,No,0.9929622684492296,High
13313,Jul,Pontiac,Policy Holder,No,No,0.4943060270722663,Medium
13314,Dec,Pontiac,Third Party,No,No,0.03415549161709531,Low
13315,Oct,Honda,Third Party,No,No,0.01832277567812998,Low
13316,Sep,Pontiac,Policy Holder,No,No,0.7450616848775846,High
13317,Aug,Mazda,Third Party,No,No,0.0013105021901591172,Low
13318,Jul,Pontiac,Third Party,No,No,0.014709729921144473,Low
13319,Jan,Honda,Third Party,No,No,0.09337942490413102,Low
13320,Jul,Honda,Policy Holder,No,No,0.6175746999905529,High
13321,Jan,Mazda,Policy Holder,No,No,0.6237470349208698,High
13322,Mar,Honda,Third Party,No,No,0.08222303141989845,Low
13323,Jul,Toyota,Third Party,No,No,0.029004097013491516,Low
13324,Apr,Toyota,Policy Holder,No,No,0.8362711890662808,High
13325,Nov,Pontiac,Policy Holder,Yes,No,0.3948352805238469,Medium
13326,Nov,Honda,Policy Holder,No,No,0.05534835289268248,Low
13327,Jan,Honda,Policy Holder,No,No,0.3147370318796566,Medium
13328,Jul,Honda,Third Party,No,No,0.07544529984124017,Low
13329,Jul,Accura,Third Party,No,No,0.02822306950458645,Low
13330,Sep,Chevrolet,Third Party,No,No,0.03756382445872833,Low
13331,Sep,Dodge,Policy Holder,No,No,0.4383118181019724,Medium
13332,Jun,Toyota,Policy Holder,No,No,0.1149529551645064,Low
13333,May,Mazda,Third Party,No,No,0.0756100102117669,Low
13334,May,Pontiac,Third Party,No,No,0.05269289044042973,Low
13335,Nov,Mazda,Policy Holder,No,No,0.043126213267623274,Low
13336,Aug,Pontiac,Policy Holder,No,No,0.44210030477354495,Medium
13337,Aug,Honda,Third Party,No,No,0.0424977539533036,Low
13338,Feb,Honda,Policy Holder,No,No,0.49987442898843554,Medium
13339,Mar,Pontiac,Policy Holder,No,No,0.08389243574368367,Low
13340,Feb,Pontiac,Policy Holder,No,No,0.6271217497686716,High
13341,Jul,Pontiac,Policy Holder,No,No,0.6146475159011873,High
13342,Sep,Chevrolet,Policy Holder,No,No,0.13800493015136794,Low
13343,Nov,Pontiac,Policy Holder,No,No,0.05337665570460465,Low
13344,Jan,Pontiac,Policy Holder,No,No,0.06899312664196414,Low
13345,May,Pontiac,Policy Holder,No,No,0.09960982051759766,Low
13346,May,VW,Policy Holder,No,No,0.04128142574269951,Low
13347,Sep,Pontiac,Policy Holder,No,No,0.12115498989525102,Low
13348,Sep,Honda,Policy Holder,No,No,0.861057760490136,High
13349,Oct,Honda,Policy Holder,No,No,0.8297377710117974,High
13350,Dec,Honda,Policy Holder,Yes,No,0.06393094370960199,Low
13351,Jul,Toyota,Policy Holder,No,No,0.5132774121667542,Medium
13352,Dec,Toyota,Policy Holder,No,No,0.5820651682785031,Medium
13353,Dec,Chevrolet,Policy Holder,No,No,0.08999004825515808,Low
13354,Jul,Honda,Third Party,Yes,No,0.0444834955933834,Low
13355,Oct,Ferrari,Policy Holder,No,No,0.6861123874242582,High
13356,Oct,Honda,Policy Holder,No,No,0.6587355121824061,High
13357,Oct,Honda,Third Party,No,No,0.0543480781258729,Low
13358,Jul,Mazda,Third Party,No,No,0.07267183259137777,Low
13359,Sep,Pontiac,Third Party,No,No,0.04071915673548101,Low
13360,Sep,Mazda,Policy Holder,No,No,0.5527581751400248,Medium
13361,Jul,Honda,Policy Holder,No,No,0.6822107222280217,High
13362,May,Mazda,Third Party,Yes,No,0.10720340776623316,Low
13363,May,Mazda,Policy Holder,No,No,0.9876373606360768,High
13364,May,Pontiac,Policy Holder,No,No,0.7020804392381584,High
13365,May,Mazda,Third Party,No,Yes,0.04144706349111463,Low
13366,Jan,Mazda,Policy Holder,No,No,0.11230994737548149,Low
13367,Jan,Honda,Policy Holder,No,No,0.12002689112041527,Low
13368,Nov,Honda,Third Party,No,No,0.001452201997092569,Low
13369,Jul,Pontiac,Third Party,No,No,0.040068712066667775,Low
13370,Nov,Pontiac,Policy Holder,No,No,0.4863625563313055,Medium
13371,Sep,Honda,Policy Holder,No,No,0.597919931997209,Medium
13372,Jul,Pontiac,Policy Holder,No,No,0.5797312639227646,Medium
13373,Jul,Honda,Third Party,Yes,No,0.014912286876443371,Low
13374,Mar,Honda,Policy Holder,No,No,0.11703287609147922,Low
13375,Mar,Mazda,Third Party,No,No,0.040902796523288903,Low
13376,Apr,Saab,Third Party,No,No,0.09802695648485374,Low
13377,Jan,Pontiac,Policy Holder,No,No,0.6536319724023528,High
13378,Jan,Mazda,Policy Holder,No,No,0.6606379795889844,High
13379,May,Pontiac,Third Party,No,No,0.09243979166630294,Low
13380,Jun,Ford,Policy Holder,No,No,0.7347689550423491,High
13381,Oct,Honda,Policy Holder,No,No,0.6238886363335868,High
13382,Sep,Chevrolet,Policy Holder,No,No,0.1852245465027303,Low
13383,Oct,Pontiac,Policy Holder,No,No,0.057687881630323595,Low
13384,Oct,Toyota,Policy Holder,No,No,0.8043086419196924,High
13385,Apr,Honda,Policy Holder,No,No,0.58175247745356,Medium
13386,Nov,Toyota,Third Party,No,No,0.016613023311529765,Low
13387,Nov,Honda,Policy Holder,No,No,0.4854635993702399,Medium
13388,Apr,Honda,Third Party,No,No,0.004867787192262691,Low
13389,Jul,Ford,Third Party,No,No,0.03832265613610092,Low
13390,Sep,Toyota,Third Party,No,No,0.05289772368226434,Low
13391,Nov,Pontiac,Policy Holder,No,No,0.04370672501922503,Low
13392,Nov,Pontiac,Policy Holder,No,No,0.08645458475780249,Low
13393,Apr,Pontiac,Policy Holder,No,No,0.8228987090834522,High
13394,Jun,Pontiac,Policy Holder,No,No,0.7675011696255213,High
13395,Jun,Chevrolet,Third Party,No,No,0.048968425828400795,Low
13396,Jul,Pontiac,Policy Holder,No,No,0.7224334069393702,High
13397,Aug,Mercury,Third Party,No,No,0.08914018006706186,Low
13398,Nov,Toyota,Policy Holder,No,No,0.6558320820562106,High
13399,Apr,Pontiac,Policy Holder,No,No,0.07647237429296301,Low
13400,Apr,Honda,Policy Holder,No,No,0.7714080811809794,High
13401,Jan,Pontiac,Policy Holder,No,No,0.4587997270509797,Medium
13402,Jun,Toyota,Policy Holder,No,No,0.10335613459429707,Low
13403,May,Pontiac,Policy Holder,No,No,0.512342560710061,Medium
13404,Jul,Honda,Third Party,No,No,0.06420280807083176,Low
13405,Apr,Mazda,Policy Holder,No,No,0.10342654968107236,Low
13406,Jul,Mazda,Policy Holder,No,No,0.04014802742536622,Low
13407,Sep,Pontiac,Policy Holder,No,No,0.5005332301335831,Medium
13408,Nov,Mazda,Policy Holder,No,No,0.34972349797909047,Medium
13409,Oct,Mazda,Policy Holder,No,No,0.19068605336471683,Low
13410,Jul,Honda,Third Party,No,No,0.032810808276223055,Low
13411,Jun,Chevrolet,Policy Holder,No,No,0.7077178548379246,High
13412,Sep,Honda,Third Party,No,No,0.0006584212605831236,Low
13413,Sep,Mazda,Policy Holder,No,No,0.07202909924386001,Low
13414,Nov,Pontiac,Policy Holder,No,No,0.6035927547186559,High
13415,Dec,Chevrolet,Third Party,Yes,No,0.027012466065635475,Low
13416,Dec,Pontiac,Policy Holder,No,No,0.09289355305154347,Low
13417,May,Pontiac,Policy Holder,No,No,0.7088934189031252,High
13418,Oct,Chevrolet,Policy Holder,No,No,0.7546583348294748,High
13419,Sep,Chevrolet,Policy Holder,No,No,0.1187818515627947,Low
13420,Sep,Honda,Policy Holder,No,No,0.7225180235269494,High
13421,Mar,Pontiac,Third Party,No,No,0.035004790607152024,Low
13422,Nov,Honda,Policy Holder,No,No,0.058878203629231685,Low
13423,Aug,Mazda,Policy Holder,No,No,0.03582951518567759,Low
13424,Apr,Mazda,Policy Holder,No,No,0.09000922107440418,Low
13425,Apr,Honda,Policy Holder,No,No,0.06332462680226777,Low
13426,Jul,Toyota,Policy Holder,No,No,0.7120920226003784,High
13427,Sep,Pontiac,Policy Holder,No,No,0.7096862293659976,High
13428,Dec,Pontiac,Policy Holder,No,No,0.43886809673032456,Medium
13429,Nov,Toyota,Policy Holder,No,No,0.09156490046739998,Low
13430,Oct,Pontiac,Policy Holder,No,No,0.6476862815271657,High
13431,Jul,Chevrolet,Third Party,No,No,0.006788935822183586,Low
13432,Aug,Pontiac,Policy Holder,No,No,0.5652731035914806,Medium
13433,Aug,Honda,Third Party,No,No,0.002238779577303362,Low
13434,Apr,Accura,Policy Holder,No,No,0.674293060782227,High
13435,Jul,Chevrolet,Policy Holder,No,No,0.08122330298449987,Low
13436,Jun,Saturn,Policy Holder,No,No,0.7507418909414193,High
13437,Jul,Mazda,Third Party,No,No,0.015412216983382477,Low
13438,Jul,Pontiac,Third Party,No,No,0.04902704507835244,Low
13439,Dec,Pontiac,Policy Holder,No,No,0.6687353559752804,High
13440,Aug,Mazda,Third Party,No,No,0.042174069199834484,Low
13441,Jun,Accura,Policy Holder,No,No,0.8512659592698064,High
13442,May,Toyota,Third Party,No,No,0.04744961639258634,Low
13443,Aug,Toyota,Third Party,No,No,0.06770724984721944,Low
13444,Nov,Honda,Policy Holder,No,No,0.06996280226002147,Low
13445,Apr,Mazda,Third Party,No,No,0.002572871482655265,Low
13446,Oct,Pontiac,Policy Holder,No,No,0.555482821246243,Medium
13447,Oct,Ford,Policy Holder,No,No,0.11554385989068701,Low
13448,Jul,Toyota,Policy Holder,Yes,No,0.16695397561836306,Low
13449,Jul,Toyota,Policy Holder,No,No,0.6390415265262843,High
13450,Jun,Chevrolet,Policy Holder,No,No,0.11815980383482501,Low
13451,Jun,Pontiac,Policy Holder,No,No,0.8164418133995066,High
13452,Jun,Pontiac,Policy Holder,No,No,0.1378586695365967,Low
13453,Jun,Pontiac,Policy Holder,No,No,0.7008849684629921,High
13454,Jul,Ford,Third Party,No,No,0.014211940316669239,Low
13455,Aug,Saab,Policy Holder,No,No,0.8057416529587164,High
13456,Jul,Pontiac,Policy Holder,No,No,0.056291165641026895,Low
13457,Jun,Mazda,Policy Holder,No,No,0.6231645214285276,High
13458,May,Pontiac,Third Party,No,No,0.084301605281382,Low
13459,Jul,Mazda,Policy Holder,No,No,0.47838567534571025,Medium
13460,Oct,Pontiac,Policy Holder,No,No,0.6257368548442527,High
13461,Oct,VW,Third Party,No,No,0.014814131442086154,Low
13462,Oct,Pontiac,Policy Holder,No,No,0.5914566142752814,Medium
13463,Jan,Toyota,Policy Holder,No,No,0.7866583625424106,High
13464,Jun,Toyota,Policy Holder,No,No,0.1799839961479327,Low
13465,Jul,Honda,Third Party,No,No,0.761379549402139,High
13466,Aug,Pontiac,Third Party,No,No,0.09250068702687814,Low
13467,Dec,Pontiac,Policy Holder,No,No,0.6014602166207844,High
13468,Nov,Pontiac,Policy Holder,No,No,0.05689316225650963,Low
13469,Nov,Mazda,Policy Holder,No,No,0.5980860806612818,Medium
13470,Dec,Mazda,Policy Holder,No,No,0.21003186346309136,Low
13471,Dec,Toyota,Third Party,No,No,0.029056379868204373,Low
13472,Jun,Mazda,Third Party,No,No,0.09391506840169823,Low
13473,May,Dodge,Policy Holder,Yes,No,0.03569042182712089,Low
13474,Oct,Chevrolet,Policy Holder,No,No,0.11223862246327303,Low
13475,Oct,Mazda,Policy Holder,No,No,0.07410487876410397,Low
13476,Jan,Ford,Third Party,No,No,0.07282234768459526,Low
13477,Jul,Honda,Third Party,No,No,0.026731494378424835,Low
13478,Jul,Pontiac,Policy Holder,Yes,No,0.532792229409066,Medium
13479,Jun,Chevrolet,Policy Holder,No,No,0.6224069981203236,High
13480,Jun,Mazda,Policy Holder,No,No,0.09420576288049308,Low
13481,Sep,Chevrolet,Policy Holder,No,No,0.7017817904920179,High
13482,Jul,Honda,Policy Holder,No,No,0.5233272484524683,Medium
13483,Nov,Dodge,Policy Holder,No,No,0.14385526710709262,Low
13484,Oct,Saab,Policy Holder,No,No,0.8459845762196929,High
13485,Jan,Pontiac,Policy Holder,No,No,0.5760819222594359,Medium
13486,Dec,Pontiac,Third Party,No,No,0.025440116447630355,Low
13487,Jun,Dodge,Policy Holder,No,No,0.44159620974690444,Medium
13488,May,Pontiac,Policy Holder,No,No,0.09934552127459287,Low
13489,Jul,Pontiac,Policy Holder,No,No,0.42928483240340354,Medium
13490,Mar,Honda,Policy Holder,No,No,0.7888716155349923,High
13491,Jan,Pontiac,Policy Holder,No,No,0.637131990607952,High
13492,Oct,Pontiac,Policy Holder,No,No,0.6177270426705561,High
13493,Nov,Pontiac,Policy Holder,No,No,0.5549099062861902,Medium
13494,Sep,Honda,Policy Holder,No,No,0.14372033207838736,Low
13495,Jan,Pontiac,Third Party,No,No,0.07741357937578147,Low
13496,May,Toyota,Policy Holder,No,No,0.8493342735857395,High
13497,Oct,Mercury,Policy Holder,No,No,0.8247265166349582,High
13498,Oct,Mazda,Third Party,No,No,0.10252513121705469,Low
13499,Sep,Chevrolet,Policy Holder,No,No,0.05959082587427022,Low
13500,Feb,Honda,Third Party,No,No,0.029038661977963717,Low
13501,Feb,Mazda,Third Party,No,No,0.002725538965404727,Low
13502,Nov,VW,Policy Holder,No,No,0.013223588429498563,Low
13503,Jul,Mazda,Third Party,No,No,0.001907845048743063,Low
13504,Jun,Honda,Policy Holder,No,No,0.1291427847449909,Low
13505,Oct,Pontiac,Third Party,No,Yes,0.07438640908160032,Low
13506,Jan,Mazda,Third Party,No,No,0.004364349795797697,Low
13507,Jul,Chevrolet,Policy Holder,No,No,0.6349499162857655,High
13508,Jul,Toyota,Third Party,No,No,0.026536620048538448,Low
13509,May,Pontiac,Policy Holder,No,No,0.19169691911421166,Low
13510,Apr,Honda,Policy Holder,No,No,0.08712439814914444,Low
13511,Oct,Mazda,Third Party,Yes,No,0.003795952920450445,Low
13512,Oct,Pontiac,Policy Holder,No,No,0.14902143510994897,Low
13513,Oct,Mazda,Third Party,No,No,0.1064400693964292,Low
13514,Oct,Accura,Policy Holder,No,No,0.39714062608662615,Medium
13515,May,Pontiac,Policy Holder,No,No,0.0767785988274575,Low
13516,Sep,Toyota,Policy Holder,No,No,0.8378029865801516,High
13517,Feb,Toyota,Third Party,No,No,0.006143996179074439,Low
13518,Jul,Mazda,Policy Holder,No,No,0.6997089165716479,High
13519,Jan,Pontiac,Third Party,No,No,0.0017925332684749482,Low
13520,Oct,Toyota,Policy Holder,No,No,0.4303517077628169,Medium
13521,Oct,Toyota,Policy Holder,No,No,0.16040432539513952,Low
13522,Sep,Chevrolet,Third Party,No,No,0.07483511093110547,Low
13523,Jul,Ford,Policy Holder,No,No,0.6811107419215867,High
13524,Aug,Chevrolet,Policy Holder,No,No,0.3820650647810848,Medium
13525,Jun,Mazda,Third Party,No,No,0.03813734196901895,Low
13526,Jun,Chevrolet,Policy Holder,No,No,0.781569037317853,High
13527,Nov,VW,Policy Holder,No,No,0.008376412142645994,Low
13528,Jul,Toyota,Third Party,No,No,0.045278545316669964,Low
13529,Jan,Toyota,Policy Holder,No,No,0.5958920028428584,Medium
13530,Mar,Mazda,Third Party,No,No,0.15546776070051893,Low
13531,Jan,Mazda,Policy Holder,No,No,0.6608756007172581,High
13532,Jun,Chevrolet,Third Party,No,No,0.03726263781924018,Low
13533,Oct,VW,Policy Holder,No,No,0.26884363543105133,Low
13534,Mar,Honda,Policy Holder,No,No,0.09959873265790821,Low
13535,Jul,Chevrolet,Policy Holder,No,No,0.3742535708819309,Medium
13536,Feb,Honda,Third Party,No,No,0.03065106200423938,Low
13537,Jan,Honda,Policy Holder,No,No,0.5578455850551132,Medium
13538,Jan,Chevrolet,Policy Holder,No,No,0.6257335407540885,High
13539,Jan,Toyota,Policy Holder,No,No,0.6456125123343437,High
13540,Jan,Toyota,Third Party,No,No,0.06429377138430763,Low
13541,Jan,Pontiac,Third Party,No,No,0.08240011115117757,Low
13542,Jul,Mazda,Third Party,No,No,0.025169919698375804,Low
13543,Jan,Mazda,Policy Holder,No,No,0.11865188707085497,Low
13544,Jan,Chevrolet,Policy Holder,No,No,0.7450631920390419,High
13545,Jan,Mazda,Policy Holder,No,No,0.10571683037924895,Low
13546,Jan,Pontiac,Policy Holder,No,No,0.5606884635510633,Medium
13547,Oct,Pontiac,Policy Holder,No,No,0.6197309460001966,High
13548,Jul,Toyota,Third Party,No,No,0.053619251175456,Low
13549,Jul,Mazda,Policy Holder,No,No,0.461404624260409,Medium
13550,Feb,Mazda,Third Party,No,No,0.05732661440268126,Low
13551,Feb,Toyota,Policy Holder,No,No,0.7887421869365423,High
13552,Jul,Mazda,Third Party,No,No,0.023747907336610398,Low
13553,Dec,Pontiac,Policy Holder,No,No,0.5116022789628366,Medium
13554,Dec,Honda,Policy Holder,No,No,0.7140291265074217,High
13555,Mar,Honda,Policy Holder,No,No,0.7031147489619413,High
13556,Feb,Toyota,Third Party,No,No,0.051657096567784035,Low
13557,Feb,Pontiac,Third Party,No,No,0.08349585358729282,Low
13558,Apr,Honda,Policy Holder,No,No,0.16348570580255561,Low
13559,Mar,Ford,Policy Holder,No,No,0.1823452986911929,Low
13560,Mar,Accura,Third Party,No,No,0.07475304779880063,Low
13561,Feb,Dodge,Policy Holder,No,No,0.5834468669524044,Medium
13562,Feb,Mazda,Policy Holder,No,No,0.6326284608210584,High
13563,Feb,Pontiac,Policy Holder,Yes,Yes,0.6415006235369562,High
13564,Feb,Pontiac,Policy Holder,No,No,0.6901451165653517,High
13565,Feb,Chevrolet,Policy Holder,No,No,0.16327161211788987,Low
13566,Jan,Chevrolet,Policy Holder,No,No,0.742332840271497,High
13567,Jan,Honda,Policy Holder,No,No,0.7426086360998941,High
13568,Jan,Pontiac,Policy Holder,No,No,0.02891727495812725,Low
13569,Jan,Pontiac,Policy Holder,No,No,0.14923838132806783,Low
13570,Mar,BMW,Policy Holder,No,No,0.11833028094763647,Low
13571,Mar,Toyota,Policy Holder,No,No,0.7002217213232409,High
13572,Jun,Honda,Policy Holder,No,No,0.08235143153691525,Low
13573,Jul,Accura,Policy Holder,No,No,0.1391173806673437,Low
13574,Jul,Toyota,Third Party,No,No,0.030596068046032855,Low
13575,Mar,Accura,Policy Holder,No,No,0.7626014516058666,High
13576,Jan,Accura,Policy Holder,No,No,0.6779536901685437,High
13577,Jan,Toyota,Policy Holder,No,No,0.48387866494244086,Medium
13578,Jun,Toyota,Third Party,No,No,0.0026557567286008073,Low
13579,May,Toyota,Policy Holder,No,No,0.8039328832147564,High
13580,Jul,Mazda,Policy Holder,No,No,0.5487544877128632,Medium
13581,Jun,Mazda,Policy Holder,No,No,0.5517687323432761,Medium
13582,Jul,Chevrolet,Third Party,No,No,0.01970188112582581,Low
13583,Apr,Pontiac,Third Party,No,No,0.04848924011547752,Low
13584,Apr,Accura,Third Party,No,No,0.003940581314242224,Low
13585,Jul,Honda,Policy Holder,No,No,0.5304083612499576,Medium
13586,May,Pontiac,Policy Holder,No,No,0.15179670168744927,Low
13587,Jul,Honda,Policy Holder,No,No,0.05669831674524838,Low
13588,Aug,Toyota,Third Party,No,No,0.05097128975897751,Low
13589,Jan,Honda,Third Party,No,No,0.027031625373988653,Low
13590,Jul,Honda,Third Party,No,No,0.043592166058629235,Low
13591,Jan,Mazda,Third Party,No,No,0.040114544522750505,Low
13592,Sep,Pontiac,Third Party,No,No,0.003179327831423192,Low
13593,Sep,Chevrolet,Policy Holder,No,No,0.6539954446085258,High
13594,Jul,Pontiac,Policy Holder,No,No,0.6463517420404414,High
13595,Sep,Pontiac,Policy Holder,No,No,0.5894430322596015,Medium
13596,Sep,Chevrolet,Third Party,No,No,0.0006315501221783159,Low
13597,Apr,Toyota,Policy Holder,No,No,0.14075475474216273,Low
13598,Apr,Pontiac,Policy Holder,No,No,0.6601670831421554,High
13599,Feb,Honda,Third Party,No,No,0.0416687194225666,Low
13600,Feb,Toyota,Policy Holder,No,No,0.11736257065839704,Low
13601,Feb,Chevrolet,Policy Holder,No,No,0.12006563624234322,Low
13602,Jun,Toyota,Third Party,No,No,0.04092207189386328,Low
13603,Jul,Toyota,Third Party,No,No,0.039747436381329666,Low
13604,Sep,Pontiac,Policy Holder,No,No,0.6428271920802646,High
13605,Sep,Honda,Third Party,No,No,0.0031600196549885946,Low
13606,Oct,Chevrolet,Third Party,Yes,No,0.04897923507003411,Low
13607,Dec,Accura,Policy Holder,No,No,0.7124348979988027,High
13608,Jan,Pontiac,Policy Holder,No,No,0.671835102506959,High
13609,Jan,Honda,Policy Holder,No,No,0.5770153106394864,Medium
13610,Feb,Mazda,Policy Holder,No,No,0.7083817642770166,High
13611,Feb,Honda,Policy Holder,No,No,0.14700974017462207,Low
13612,Jul,Accura,Policy Holder,No,No,0.6275053899724132,High
13613,May,Chevrolet,Third Party,No,No,0.03944236128572981,Low
13614,May,Toyota,Policy Holder,No,No,0.6050899008678224,High
13615,Sep,Mazda,Policy Holder,No,No,0.6193327249818188,High
13616,Oct,Pontiac,Third Party,No,No,0.055954907926721864,Low
13617,Jul,Chevrolet,Third Party,No,No,0.06942258594841265,Low
13618,Oct,Pontiac,Third Party,No,No,0.5329522295223549,Medium
13619,Sep,Toyota,Policy Holder,No,No,0.10680234025697198,Low
13620,Dec,Toyota,Policy Holder,No,No,0.5749513629490643,Medium
13621,Dec,Ford,Policy Holder,No,No,0.7546947851577679,High
13622,Aug,Honda,Policy Holder,No,No,0.6139181483291984,High
13623,Jul,Pontiac,Third Party,No,No,0.001481095646524763,Low
13624,Dec,Mercury,Policy Holder,No,No,0.6726545810343794,High
13625,Dec,Pontiac,Policy Holder,No,No,0.0866428477641733,Low
13626,Jul,Honda,Policy Holder,No,No,0.8282788628000662,High
13627,Oct,Mazda,Policy Holder,No,No,0.10409852945771737,Low
13628,Oct,Ford,Policy Holder,Yes,No,0.7422141009967137,High
13629,Jun,Toyota,Policy Holder,No,No,0.8015285321586849,High
13630,Apr,Pontiac,Policy Holder,No,No,0.4867172208674347,Medium
13631,Jul,Ford,Policy Holder,No,No,0.7282940418215935,High
13632,Dec,Pontiac,Policy Holder,No,No,0.05780059588113975,Low
13633,Aug,Accura,Policy Holder,No,No,0.7667632908370102,High
13634,Aug,Toyota,Policy Holder,No,No,0.8411431034338149,High
13635,Mar,Ford,Policy Holder,No,No,0.19036176784881736,Low
13636,Jul,Chevrolet,Third Party,No,No,0.019952013546460253,Low
13637,Mar,Pontiac,Policy Holder,No,No,0.13843254884140987,Low
13638,Apr,Toyota,Policy Holder,No,No,0.16620576207099008,Low
13639,Jun,Toyota,Policy Holder,No,No,0.7239194931408418,High
13640,Oct,Pontiac,Policy Holder,No,No,0.07907204898814488,Low
13641,Apr,VW,Policy Holder,No,No,0.3722741735675671,Medium
13642,Apr,Mazda,Policy Holder,No,No,0.11037402084384199,Low
13643,Mar,Toyota,Third Party,No,No,0.093652214209613,Low
13644,Mar,Pontiac,Third Party,No,No,0.028265587602543926,Low
13645,Mar,Mazda,Policy Holder,No,No,0.670644359535364,High
13646,Aug,Toyota,Policy Holder,No,No,0.5327567768833941,Medium
13647,May,Toyota,Policy Holder,No,No,0.7211348919227235,High
13648,May,VW,Policy Holder,No,No,0.5617327300871349,Medium
13649,Sep,Saab,Policy Holder,No,No,0.16994626831068796,Low
13650,Dec,VW,Third Party,No,No,0.0005821037755398857,Low
13651,Jul,Toyota,Policy Holder,No,No,0.7071029792399064,High
13652,Feb,Chevrolet,Policy Holder,No,No,0.0795690245554868,Low
13653,Feb,Mazda,Policy Holder,No,No,0.10912020365092596,Low
13654,Jan,Accura,Policy Holder,No,No,0.8222248388446861,High
13655,Jul,Toyota,Policy Holder,No,No,0.774032120091535,High
13656,Jan,Mazda,Policy Holder,No,No,0.5591953464897317,Medium
13657,Dec,Chevrolet,Third Party,No,No,0.05180424192057568,Low
13658,Jul,Mazda,Third Party,No,No,0.03460516400604066,Low
13659,Dec,Accura,Policy Holder,No,No,0.676527904608754,High
13660,Dec,Honda,Policy Holder,Yes,No,0.5681357532473018,Medium
13661,Nov,Mazda,Policy Holder,No,No,0.3911950835479035,Medium
13662,Jun,Toyota,Policy Holder,No,No,0.06266400197473501,Low
13663,Mar,Chevrolet,Policy Holder,No,No,0.790176793370305,High
13664,Mar,Mazda,Third Party,No,No,0.0709142687622984,Low
13665,Feb,Honda,Third Party,No,No,0.0029414926160777808,Low
13666,Feb,Pontiac,Policy Holder,No,No,0.06983374630394,Low
13667,Feb,Toyota,Policy Holder,No,No,0.5671164956248358,Medium
13668,Feb,Mazda,Policy Holder,No,No,0.09971708570593354,Low
13669,Feb,Accura,Policy Holder,No,No,0.9907995953858594,High
13670,Jan,Pontiac,Policy Holder,No,No,0.1090664832809986,Low
13671,Jan,VW,Policy Holder,No,No,0.23339711406820818,Low
13672,Jan,Mazda,Policy Holder,No,No,0.4977295929561428,Medium
13673,Jan,Mazda,Policy Holder,No,No,0.07261507684670387,Low
13674,Sep,Chevrolet,Policy Holder,No,No,0.612364005947568,High
13675,Sep,Pontiac,Policy Holder,No,No,0.6868736749685922,High
13676,Aug,Honda,Policy Holder,No,No,0.7273526184792255,High
13677,Jul,Pontiac,Third Party,Yes,No,0.02219690832561457,Low
13678,Feb,VW,Policy Holder,No,No,0.027329782358730542,Low
13679,Aug,Mazda,Policy Holder,No,No,0.59471179629396,Medium
13680,Feb,Toyota,Third Party,No,No,0.053107577136246836,Low
13681,Jan,Pontiac,Policy Holder,No,No,0.1083991284455191,Low
13682,Sep,Chevrolet,Policy Holder,No,No,0.4661116794587053,Medium
13683,Jun,Honda,Third Party,No,No,0.04032144785368032,Low
13684,Jun,Chevrolet,Policy Holder,No,No,0.19627267372974197,Low
13685,Mar,Honda,Third Party,No,No,0.09466188273541859,Low
13686,Mar,Accura,Policy Holder,No,No,0.7366784309977572,High
13687,Jan,Mazda,Policy Holder,No,No,0.1158474764053172,Low
13688,Jan,Honda,Third Party,No,No,0.03895570215593377,Low
13689,Jul,Honda,Policy Holder,No,No,0.5534055627306079,Medium
13690,Dec,Mazda,Policy Holder,No,No,0.4803253042937368,Medium
13691,Nov,Toyota,Policy Holder,No,No,0.5169545856266704,Medium
13692,Jun,Pontiac,Third Party,No,No,0.1484768944154034,Low
13693,Feb,Mazda,Policy Holder,No,No,0.09977790322402284,Low
13694,Feb,Pontiac,Policy Holder,No,No,0.6728409930599533,High
13695,Feb,Pontiac,Third Party,No,No,0.07005027942503218,Low
13696,Oct,Toyota,Policy Holder,No,No,0.8926502358079231,High
13697,Oct,Pontiac,Policy Holder,No,No,0.1033823785817135,Low
13698,Sep,Mazda,Policy Holder,No,No,0.5667625297694153,Medium
13699,Jun,Pontiac,Third Party,No,No,0.0030941634172623935,Low
13700,Apr,Mazda,Third Party,No,No,0.03780020640632153,Low
13701,Mar,Mazda,Third Party,No,No,0.052289568940317166,Low
13702,Jan,Toyota,Policy Holder,No,No,0.7526356769946017,High
13703,May,Pontiac,Policy Holder,No,No,0.6403846679241848,High
13704,Mar,Honda,Policy Holder,No,No,0.8408522001515085,High
13705,Jun,Mazda,Policy Holder,No,No,0.7123229026601671,High
13706,Jun,Accura,Policy Holder,No,No,0.8683188801009979,High
13707,Apr,Accura,Policy Holder,No,No,0.6911161208762865,High
13708,Apr,Mazda,Policy Holder,No,No,0.15093822410825783,Low
13709,Jul,Mazda,Third Party,No,No,0.04936823511215143,Low
13710,Feb,Saab,Policy Holder,No,No,0.7370781320475767,High
13711,Feb,Toyota,Policy Holder,No,No,0.08705675252619618,Low
13712,Feb,Toyota,Policy Holder,No,No,0.5567656627945499,Medium
13713,Jul,Pontiac,Third Party,No,No,0.06245221261567062,Low
13714,Jul,Pontiac,Policy Holder,No,No,0.41796207426685006,Medium
13715,Jan,Honda,Policy Holder,No,No,0.8038893639439628,High
13716,Jan,Pontiac,Third Party,No,No,0.04123527165819455,Low
13717,Jan,Pontiac,Policy Holder,No,No,0.6449890176678547,High
13718,Dec,Honda,Policy Holder,No,No,0.06271871234920168,Low
13719,Dec,Honda,Third Party,No,No,0.06798254246909254,Low
13720,Dec,Honda,Third Party,No,No,0.07559836606324502,Low
13721,Dec,Honda,Policy Holder,No,No,0.0670380314751966,Low
13722,Dec,Honda,Policy Holder,No,No,0.012908737062420265,Low
13723,Dec,Pontiac,Policy Holder,No,No,0.6146291051005291,High
13724,Dec,Pontiac,Third Party,No,No,0.057803714526189744,Low
13725,Dec,Toyota,Third Party,No,No,0.09188403715376038,Low
13726,Dec,Mazda,Policy Holder,No,No,0.43370211256949504,Medium
13727,Jul,Mazda,Policy Holder,No,No,0.5344509203686683,Medium
13728,Dec,Pontiac,Policy Holder,No,No,0.6422128279989735,High
13729,Jan,Chevrolet,Policy Holder,No,No,0.08647156383978476,Low
13730,Jan,Honda,Policy Holder,No,No,0.6079510302694483,High
13731,Jan,Mazda,Policy Holder,No,No,0.11309600838116182,Low
13732,Jan,Toyota,Policy Holder,No,No,0.7997428460756107,High
13733,Jan,Pontiac,Policy Holder,No,No,0.07955291387561544,Low
13734,Jan,Chevrolet,Policy Holder,No,No,0.6439794677740249,High
13735,Jan,Toyota,Policy Holder,No,No,0.08804695862776614,Low
13736,Jan,Toyota,Third Party,No,No,0.003216681575731564,Low
13737,Jan,Toyota,Policy Holder,No,No,0.15427932920363854,Low
13738,Jan,Mazda,Policy Holder,No,No,0.08672585453039319,Low
13739,Jul,Mazda,Third Party,No,No,0.09811694557686881,Low
13740,Jan,Pontiac,Policy Holder,No,No,0.6751760227976568,High
13741,Jan,Chevrolet,Policy Holder,No,No,0.40891519350785566,Medium
13742,Jan,Chevrolet,Policy Holder,No,No,0.16654182339020826,Low
13743,Jan,Pontiac,Policy Holder,No,No,0.09429415404951111,Low
13744,Jan,Pontiac,Third Party,No,No,0.046066640598053224,Low
13745,Jan,VW,Policy Holder,No,No,0.3196843367774245,Medium
13746,Jan,Mazda,Policy Holder,No,No,0.12008294750881295,Low
13747,Jan,Toyota,Policy Holder,No,No,0.6436665115351281,High
13748,Jan,Pontiac,Policy Holder,No,No,0.6150303004567392,High
13749,Jan,Honda,Third Party,No,No,0.0017720038117768875,Low
13750,Jan,Mazda,Policy Holder,No,No,0.6971973852930624,High
13751,Jul,Pontiac,Third Party,No,No,0.05484472687187081,Low
13752,Jan,Chevrolet,Policy Holder,No,No,0.7428203519434927,High
13753,Jan,Honda,Policy Holder,No,No,0.1707267039134053,Low
13754,Feb,Ford,Policy Holder,No,No,0.2407075337401405,Low
13755,Feb,Toyota,Policy Holder,No,No,0.6430041444693572,High
13756,Mar,Toyota,Policy Holder,No,No,0.06714521612029625,Low
13757,Mar,Honda,Policy Holder,No,No,0.0786555075781157,Low
13758,Mar,Pontiac,Third Party,No,No,0.0606525868590019,Low
13759,Jul,Pontiac,Third Party,No,No,0.09412215062431277,Low
13760,Mar,Honda,Policy Holder,No,No,0.7703130341719251,High
13761,May,Ford,Third Party,No,No,0.07477298716599866,Low
13762,Aug,Pontiac,Third Party,No,No,0.0011667783250007221,Low
13763,Sep,Toyota,Third Party,No,No,0.05611390633967046,Low
13764,Nov,Mazda,Policy Holder,No,No,0.3630174297424918,Medium
13765,Dec,Pontiac,Policy Holder,No,No,0.7186274953664721,High
13766,Jul,Toyota,Policy Holder,No,No,0.6491598377240024,High
13767,Jan,Chevrolet,Policy Holder,No,No,0.5870163683812364,Medium
13768,Jan,Honda,Policy Holder,No,No,0.057021869873082956,Low
13769,Jan,Pontiac,Policy Holder,No,No,0.6241514128790152,High
13770,Jan,Pontiac,Third Party,No,No,0.05299304880197108,Low
13771,Jan,Toyota,Policy Holder,No,No,0.8201011527247268,High
13772,Jan,Honda,Policy Holder,No,No,0.09394505609468892,Low
13773,Jan,Toyota,Policy Holder,No,No,0.3228155459184116,Medium
13774,Jan,Mazda,Third Party,No,No,0.031897577994142876,Low
13775,Jan,Chevrolet,Policy Holder,No,No,0.5327578771508145,Medium
13776,Jan,Honda,Third Party,No,No,0.05806052247262553,Low
13777,Jan,Chevrolet,Policy Holder,No,No,0.17632900300337304,Low
13778,Jan,Toyota,Policy Holder,No,No,0.7308848390824875,High
13779,Jan,Toyota,Third Party,No,No,0.061766167917709086,Low
13780,Jan,Honda,Policy Holder,No,No,0.6034888314973825,High
13781,Jan,Chevrolet,Third Party,No,No,0.030054609967158773,Low
13782,Feb,Pontiac,Policy Holder,No,No,0.6249086434769299,High
13783,Feb,Pontiac,Policy Holder,Yes,No,0.5787012856944211,Medium
13784,Feb,Pontiac,Policy Holder,No,No,0.6136348461622213,High
13785,Feb,Toyota,Policy Holder,No,No,0.666538426775923,High
13786,Feb,Accura,Policy Holder,Yes,Yes,0.7502988452253615,High
13787,Feb,Pontiac,Policy Holder,No,No,0.6166897792129791,High
13788,Jul,Toyota,Third Party,No,No,0.021006040653946643,Low
13789,Feb,Chevrolet,Policy Holder,No,No,0.7454835210120058,High
13790,Feb,Toyota,Third Party,No,No,0.0009395635236058228,Low
13791,Feb,Toyota,Third Party,No,No,0.0525823271898935,Low
13792,Feb,Saab,Policy Holder,No,No,0.1681239966384669,Low
13793,Jul,Pontiac,Third Party,No,No,0.01913312613177278,Low
13794,Mar,Toyota,Policy Holder,No,No,0.6974665208704739,High
13795,Apr,Honda,Policy Holder,No,No,0.631027070685046,High
13796,May,Chevrolet,Policy Holder,No,No,0.7289034521274385,High
13797,Jul,Toyota,Policy Holder,No,No,0.8312031171388357,High
13798,Jun,Mazda,Policy Holder,No,No,0.6039406619332736,High
13799,Jul,Pontiac,Policy Holder,No,No,0.6761163876486332,High
13800,Jun,Toyota,Policy Holder,No,No,0.715969606597701,High
13801,Jun,Mazda,Policy Holder,Yes,No,0.5742434569201309,Medium
13802,Oct,Pontiac,Policy Holder,No,No,0.5857271207433568,Medium
13803,Jul,Mazda,Policy Holder,Yes,No,0.5202658704881388,Medium
13804,Oct,Mazda,Third Party,Yes,No,0.03953797318312473,Low
13805,Oct,Toyota,Policy Holder,Yes,No,0.14584713820903927,Low
13806,Oct,Toyota,Third Party,No,No,0.04713687761962657,Low
13807,Oct,Chevrolet,Policy Holder,No,No,0.5399401483604995,Medium
13808,Oct,Chevrolet,Third Party,No,No,0.030015952140889195,Low
13809,Sep,Honda,Policy Holder,No,No,0.07669425922978854,Low
13810,Aug,Chevrolet,Policy Holder,No,No,0.7224371087713566,High
13811,Jul,Chevrolet,Third Party,No,No,0.02199306979138473,Low
13812,Jul,Toyota,Policy Holder,No,No,0.6892771195052105,High
13813,Jul,Mazda,Third Party,No,No,0.018492561327547584,Low
13814,Jun,Pontiac,Policy Holder,No,No,0.07267054984712751,Low
13815,Jun,Dodge,Policy Holder,No,No,0.558462225178689,Medium
13816,Jun,Pontiac,Policy Holder,No,No,0.6566748423596056,High
13817,Jun,Pontiac,Third Party,No,No,0.05551488390549184,Low
13818,Jun,Honda,Policy Holder,No,No,0.686534422998386,High
13819,Jul,Toyota,Policy Holder,No,No,0.6441312165656031,High
13820,Jun,Honda,Policy Holder,No,No,0.10578123607050169,Low
13821,Jun,Chevrolet,Policy Holder,No,No,0.6888414856703121,High
13822,May,Toyota,Policy Holder,No,No,0.98810350421212,High
13823,May,Honda,Policy Holder,No,No,0.584205763824842,Medium
13824,Jul,Pontiac,Third Party,No,No,0.03801176484963388,Low
13825,Apr,Toyota,Policy Holder,No,No,0.08557562694237107,Low
13826,Apr,Pontiac,Policy Holder,No,No,0.49332819512858717,Medium
13827,Mar,Honda,Policy Holder,No,No,0.6664165825744801,High
13828,Mar,Mazda,Third Party,No,No,0.002747191230953104,Low
13829,Mar,Pontiac,Policy Holder,No,No,0.7781610238240317,High
13830,Mar,Mazda,Policy Holder,No,No,0.1325686884906898,Low
13831,Mar,Chevrolet,Policy Holder,No,No,0.9165959239420454,High
13832,Mar,Pontiac,Policy Holder,No,No,0.13884700899177907,Low
13833,Mar,Toyota,Third Party,No,No,0.13408691480666718,Low
13834,Mar,Pontiac,Policy Holder,No,No,0.7334966864729763,High
13835,Feb,Pontiac,Policy Holder,No,No,0.7170711144660078,High
13836,Feb,Toyota,Third Party,No,No,0.0937042138913923,Low
13837,Feb,Honda,Policy Holder,No,No,0.5632488993662438,Medium
13838,Feb,Pontiac,Policy Holder,No,No,0.14453532065989916,Low
13839,Feb,Pontiac,Third Party,No,No,0.054297864846116886,Low
13840,Feb,Toyota,Third Party,No,No,0.05692631089894226,Low
13841,Feb,Toyota,Policy Holder,No,No,0.6679945682729336,High
13842,Feb,VW,Policy Holder,No,No,0.058192825668115324,Low
13843,Feb,Mazda,Policy Holder,No,No,0.7474528356589076,High
13844,Feb,Ford,Policy Holder,No,No,0.7757828986324993,High
13845,Feb,Pontiac,Third Party,Yes,No,0.0034727418232121704,Low
13846,Feb,Toyota,Third Party,No,No,0.05470860097405064,Low
13847,Feb,Chevrolet,Policy Holder,No,No,0.12168667800867622,Low
13848,Feb,Pontiac,Policy Holder,No,No,0.6384592959969523,High
13849,Feb,Mazda,Policy Holder,No,No,0.6737235963582371,High
13850,Jan,Mazda,Policy Holder,No,No,0.44547982460078145,Medium
13851,Jul,Honda,Policy Holder,No,No,0.6993160242764701,High
13852,Jan,Saab,Policy Holder,No,No,0.8253838889280609,High
13853,Jan,Chevrolet,Third Party,No,No,0.003418792686382303,Low
13854,Dec,Honda,Policy Holder,No,No,0.5373348552682419,Medium
13855,Oct,Toyota,Policy Holder,No,No,0.48416198954972534,Medium
13856,Jul,Honda,Policy Holder,No,No,0.6856942749786124,High
13857,Oct,Toyota,Third Party,No,No,0.0922021932915427,Low
13858,Oct,Toyota,Third Party,No,No,0.08594698624116766,Low
13859,Sep,Chevrolet,Policy Holder,Yes,No,0.39179140734172546,Medium
13860,Sep,Pontiac,Third Party,No,No,0.030456873341793745,Low
13861,Sep,Toyota,Policy Holder,No,No,0.6262831767716802,High
13862,Aug,Honda,Third Party,No,No,0.0465171989018612,Low
13863,Aug,Toyota,Policy Holder,No,No,0.15109814236265715,Low
13864,Jul,Honda,Third Party,No,No,0.1410282967676932,Low
13865,Jul,Mazda,Third Party,No,No,0.032601165699415915,Low
13866,Jul,Honda,Third Party,No,No,0.0019378274417080211,Low
13867,Jun,Pontiac,Third Party,No,No,0.08312344660246053,Low
13868,Jul,Ford,Third Party,No,No,0.03728851407387286,Low
13869,May,Pontiac,Policy Holder,No,No,0.09677845406756376,Low
13870,May,Pontiac,Third Party,No,No,0.10596962323307968,Low
13871,May,Pontiac,Policy Holder,No,No,0.7611666204566263,High
13872,Apr,Honda,Third Party,No,No,0.002564269026633039,Low
13873,Mar,Toyota,Policy Holder,No,No,0.9040192764968392,High
13874,Mar,Honda,Policy Holder,No,No,0.17482141913975854,Low
13875,Jul,Honda,Third Party,No,No,0.08019417424110649,Low
13876,Mar,Honda,Policy Holder,No,No,0.18100306676667896,Low
13877,Mar,Honda,Policy Holder,Yes,No,0.7771301261037891,High
13878,Mar,Chevrolet,Policy Holder,No,No,0.054111928131437954,Low
13879,Mar,Toyota,Third Party,No,No,0.15048875789345467,Low
13880,Mar,Mazda,Third Party,No,No,0.044760868652932655,Low
13881,Feb,Chevrolet,Third Party,No,No,0.10302461587060283,Low
13882,Aug,Accura,Policy Holder,No,No,0.7553425664901179,High
13883,Mar,Honda,Policy Holder,No,No,0.07995915502696255,Low
13884,Feb,Pontiac,Third Party,No,No,0.00254255793387067,Low
13885,Feb,Accura,Policy Holder,No,No,0.17004852569405116,Low
13886,Feb,Ford,Policy Holder,No,No,0.11378374872523594,Low
13887,Feb,Mazda,Policy Holder,No,No,0.7125127877727597,High
13888,Feb,Honda,Policy Holder,No,No,0.18439273201276402,Low
13889,Feb,Accura,Third Party,No,No,0.18281025641886064,Low
13890,Feb,Toyota,Policy Holder,No,No,0.7235141759070532,High
13891,Aug,Pontiac,Third Party,No,No,0.03704156528611656,Low
13892,Jan,Pontiac,Policy Holder,No,No,0.6757222513164024,High
13893,Jan,Honda,Policy Holder,No,No,0.14335039477553113,Low
13894,Jan,Honda,Policy Holder,No,No,0.7137326127108949,High
13895,Jan,Toyota,Third Party,No,No,0.043849947285961796,Low
13896,Jan,Mazda,Policy Holder,No,No,0.5266201489669943,Medium
13897,Jan,Pontiac,Policy Holder,No,No,0.4752695375685055,Medium
13898,Jan,Toyota,Policy Holder,No,No,0.5757971136163577,Medium
13899,Dec,Pontiac,Policy Holder,No,No,0.4552612121455271,Medium
13900,Aug,Toyota,Policy Holder,No,No,0.7966836170266407,High
13901,Dec,Mazda,Policy Holder,No,No,0.480484487728351,Medium
13902,Dec,Honda,Policy Holder,No,No,0.795206815787768,High
13903,Apr,Pontiac,Third Party,No,No,0.0027309054544856475,Low
13904,Apr,Accura,Third Party,No,No,0.06013029558513571,Low
13905,Apr,Chevrolet,Third Party,No,No,0.056938470874510164,Low
13906,Apr,Honda,Policy Holder,No,No,0.17758014030204142,Low
13907,Mar,Saturn,Policy Holder,No,No,0.8323511676574066,High
13908,Mar,Honda,Policy Holder,No,No,0.5453107099693071,Medium
13909,Apr,Pontiac,Policy Holder,No,No,0.4486042395879921,Medium
13910,Aug,Ford,Policy Holder,No,No,0.8056370964357564,High
13911,Jun,Pontiac,Policy Holder,No,No,0.6075231300354657,High
13912,Oct,Mazda,Policy Holder,No,No,0.10879811386844877,Low
13913,Nov,Mazda,Policy Holder,No,No,0.4630304239185161,Medium
13914,Aug,Mazda,Third Party,No,No,0.03327443446848775,Low
13915,Mar,Honda,Policy Holder,No,No,0.6997114224858212,High
13916,Aug,Mazda,Policy Holder,No,No,0.82849733444835,High
13917,Aug,Toyota,Third Party,No,No,0.06213762705017898,Low
13918,Dec,Chevrolet,Policy Holder,No,No,0.15310168077123065,Low
13919,Apr,Mercury,Policy Holder,No,No,0.6818145872036335,High
13920,Apr,VW,Policy Holder,No,No,0.017826750781977475,Low
13921,Mar,Honda,Policy Holder,No,No,0.13023296349137822,Low
13922,Jun,Mercury,Policy Holder,No,No,0.7682864211282804,High
13923,Jun,Pontiac,Policy Holder,No,No,0.5451315853265799,Medium
13924,Sep,Honda,Policy Holder,No,No,0.17228087513581247,Low
13925,Sep,Pontiac,Third Party,No,No,0.06707474458157675,Low
13926,Apr,Honda,Third Party,No,No,0.02622226039434225,Low
13927,May,Toyota,Third Party,No,No,0.04391551423880599,Low
13928,Apr,Mazda,Policy Holder,No,No,0.6332629320691652,High
13929,Aug,Mazda,Policy Holder,No,No,0.08368854675101221,Low
13930,Aug,Mazda,Policy Holder,No,No,0.13157009114536294,Low
13931,Aug,Chevrolet,Policy Holder,No,No,0.09917314450199798,Low
13932,Aug,Mazda,Third Party,Yes,No,0.14211143495977208,Low
13933,Jun,Honda,Policy Holder,No,No,0.658464207377222,High
13934,May,Mazda,Policy Holder,No,No,0.5963797818935068,Medium
13935,Sep,Honda,Third Party,No,No,0.05264684791320365,Low
13936,Jul,Pontiac,Policy Holder,No,No,0.43125344284952366,Medium
13937,Dec,Accura,Policy Holder,No,No,0.7300653499193954,High
13938,Apr,Mazda,Policy Holder,No,No,0.5997470760905639,Medium
13939,Sep,Pontiac,Policy Holder,No,No,0.6207340361960685,High
13940,Oct,Pontiac,Third Party,No,No,0.08305991911623704,Low
13941,Oct,Toyota,Policy Holder,No,No,0.5476762709435833,Medium
13942,Dec,Toyota,Policy Holder,No,No,0.48630668405984395,Medium
13943,Aug,Honda,Policy Holder,No,No,0.5787405965383191,Medium
13944,Oct,Toyota,Third Party,No,No,0.043375722851273654,Low
13945,Oct,Mazda,Policy Holder,No,No,0.0857374100883898,Low
13946,Apr,Pontiac,Policy Holder,No,No,0.5924038668858009,Medium
13947,Aug,Honda,Policy Holder,No,No,0.6047462123247778,High
13948,Jul,VW,Policy Holder,No,No,0.002203282035762488,Low
13949,Jul,Pontiac,Policy Holder,No,No,0.5020303388229944,Medium
13950,Aug,Chevrolet,Third Party,No,No,0.03628741731734918,Low
13951,Aug,Honda,Policy Holder,No,No,0.4460210027376791,Medium
13952,Oct,Pontiac,Policy Holder,No,No,0.5085162343447548,Medium
13953,Aug,Chevrolet,Third Party,No,No,0.037881472523015276,Low
13954,Sep,Chevrolet,Policy Holder,No,No,0.5030945536118182,Medium
13955,Aug,Pontiac,Third Party,No,No,0.02541528294154785,Low
13956,Jun,Chevrolet,Policy Holder,No,No,0.6139793456781611,High
13957,Oct,Pontiac,Policy Holder,No,No,0.5615806605175553,Medium
13958,Mar,Mazda,Third Party,No,No,0.1605417811559952,Low
13959,Mar,Pontiac,Policy Holder,No,No,0.6863129051314185,High
13960,Feb,Pontiac,Policy Holder,No,No,0.6293788473785347,High
13961,Aug,Saab,Policy Holder,No,No,0.7218700656792494,High
13962,Jul,Honda,Third Party,No,No,0.04985207183627197,Low
13963,Jul,Honda,Policy Holder,No,No,0.40635860579324085,Medium
13964,Feb,Mazda,Policy Holder,No,No,0.6780854993335841,High
13965,Nov,Toyota,Policy Holder,No,No,0.4867147996917042,Medium
13966,Dec,Mazda,Policy Holder,No,No,0.10186918090776854,Low
13967,Aug,Honda,Third Party,No,No,0.04628395444414457,Low
13968,Aug,Pontiac,Policy Holder,No,No,0.38495751775567566,Medium
13969,Jul,Pontiac,Policy Holder,No,No,0.6920185530019357,High
13970,Jul,Pontiac,Policy Holder,No,No,0.6127958371343161,High
13971,Sep,Honda,Policy Holder,No,No,0.07950244776301578,Low
13972,Jun,Ford,Policy Holder,No,No,0.10749558733409334,Low
13973,Dec,Honda,Policy Holder,No,No,0.0728445471671505,Low
13974,Aug,Mazda,Third Party,No,No,0.06933994374513737,Low
13975,Aug,Toyota,Policy Holder,No,No,0.9918635115531681,High
13976,Jun,Pontiac,Third Party,No,No,0.07512732514462157,Low
13977,Jun,Toyota,Policy Holder,No,No,0.7254162317564928,High
13978,Mar,Pontiac,Policy Holder,No,No,0.7603485644843426,High
13979,Mar,Accura,Policy Holder,No,No,0.8343801307284026,High
13980,Aug,Honda,Third Party,No,No,0.034027354125482634,Low
13981,Mar,Honda,Policy Holder,No,No,0.18108510115439325,Low
13982,Feb,Mazda,Third Party,No,No,0.07270530277461054,Low
13983,Feb,Pontiac,Policy Holder,No,No,0.5984769192913487,Medium
13984,Feb,Honda,Policy Holder,No,No,0.7929750577249179,High
13985,Feb,Ford,Policy Holder,No,No,0.7415947540750698,High
13986,Nov,Ford,Policy Holder,No,No,0.0469897985818003,Low
13987,Jul,Mazda,Policy Holder,No,No,0.04596335469758493,Low
13988,Jul,Ford,Policy Holder,No,No,0.0824195610019231,Low
13989,Jul,Pontiac,Policy Holder,No,No,0.5009892309783964,Medium
13990,Nov,Pontiac,Policy Holder,No,No,0.043796628716588966,Low
13991,Oct,Saab,Policy Holder,No,No,0.2191691077316651,Low
13992,Jul,Mazda,Third Party,No,No,0.04756065755826176,Low
13993,May,Toyota,Policy Holder,No,No,0.1272471053766761,Low
13994,May,Pontiac,Policy Holder,No,No,0.6785253426894974,High
13995,May,VW,Policy Holder,No,No,0.30373461679096636,Medium
13996,May,Chevrolet,Policy Holder,No,No,0.14183939381758173,Low
13997,Jan,Accura,Policy Holder,No,No,0.6892831730764533,High
13998,Jul,Pontiac,Policy Holder,No,No,0.5302041666183456,Medium
13999,Jul,Honda,Policy Holder,No,Yes,0.7042209056301182,High
14000,Aug,Pontiac,Third Party,No,No,0.06128183629660631,Low
14001,Jan,Toyota,Policy Holder,No,No,0.7372349792342507,High
14002,Aug,Toyota,Policy Holder,No,No,0.14763566740786796,Low
14003,Jan,Honda,Policy Holder,No,No,0.14418611637429293,Low
14004,Feb,Toyota,Policy Holder,No,No,0.07862323238343905,Low
14005,Feb,Toyota,Policy Holder,No,No,0.6052092697769771,High
14006,Feb,Pontiac,Policy Holder,No,No,0.6243081250444787,High
14007,Feb,Toyota,Policy Holder,No,No,0.14869958514794485,Low
14008,Aug,Accura,Third Party,No,No,0.13577386455569848,Low
14009,Feb,Chevrolet,Policy Holder,No,No,0.10834262548655905,Low
14010,Mar,Pontiac,Policy Holder,No,No,0.7543338435493403,High
14011,Aug,Accura,Policy Holder,No,No,0.8730832260162136,High
14012,Apr,Pontiac,Third Party,No,No,0.004219371717265436,Low
14013,Apr,Chevrolet,Policy Holder,No,No,0.6422675635249084,High
14014,Apr,Honda,Policy Holder,No,No,0.16664687565476693,Low
14015,Apr,Pontiac,Policy Holder,No,No,0.7654318948623534,High
14016,Aug,Pontiac,Policy Holder,No,No,0.8189931964448709,High
14017,Apr,Ford,Third Party,No,No,0.04536261914925815,Low
14018,Apr,Toyota,Policy Holder,No,No,0.7468523757800521,High
14019,Apr,Honda,Policy Holder,No,No,0.8102231749641606,High
14020,Apr,Pontiac,Third Party,No,No,0.07098387408424417,Low
14021,Aug,Toyota,Policy Holder,No,No,0.8042313319099037,High
14022,May,Ford,Policy Holder,No,No,0.8634575624907755,High
14023,May,Toyota,Policy Holder,No,No,0.5704603919457694,Medium
14024,May,Honda,Policy Holder,No,No,0.18893064106271426,Low
14025,Jun,Pontiac,Policy Holder,No,No,0.7669162342912691,High
14026,Aug,Pontiac,Policy Holder,No,No,0.8636943399176191,High
14027,Jun,Pontiac,Third Party,No,No,0.0025372804240354208,Low
14028,Sep,Honda,Third Party,No,No,0.002800993533577182,Low
14029,Sep,Toyota,Policy Holder,No,No,0.07575468132251366,Low
14030,Oct,Toyota,Policy Holder,No,No,0.8127633118472376,High
14031,Oct,Mazda,Third Party,No,No,0.04912950136708878,Low
14032,Oct,Honda,Third Party,No,No,0.06123494753498885,Low
14033,Dec,Pontiac,Third Party,No,No,0.04679129265190527,Low
14034,Jan,Toyota,Policy Holder,No,No,0.10438188494893232,Low
14035,Feb,Toyota,Policy Holder,No,No,0.14497369813706637,Low
14036,Feb,Chevrolet,Third Party,No,No,0.10858408321352603,Low
14037,Mar,Mazda,Third Party,No,No,0.003179545676486675,Low
14038,Mar,Mazda,Policy Holder,No,No,0.6474830761075405,High
14039,Apr,Toyota,Policy Holder,No,No,0.13616598183456755,Low
14040,May,Toyota,Third Party,No,No,0.0036902579364298574,Low
14041,May,Toyota,Policy Holder,No,No,0.7158189720486586,High
14042,Aug,Pontiac,Third Party,No,No,0.08720634657666755,Low
14043,Jun,Pontiac,Third Party,No,No,0.047570935218653375,Low
14044,Jul,Pontiac,Policy Holder,No,No,0.08120617240580445,Low
14045,Jul,Chevrolet,Policy Holder,No,No,0.27040034561683013,Low
14046,Jul,Toyota,Third Party,No,No,0.0024893711480682306,Low
14047,Jul,Chevrolet,Policy Holder,No,No,0.5247559228998103,Medium
14048,Sep,Mazda,Policy Holder,No,No,0.08178899484183134,Low
14049,Oct,Chevrolet,Third Party,No,No,0.04360241880504972,Low
14050,Oct,Mazda,Third Party,No,No,0.02849138778534517,Low
14051,Nov,Pontiac,Policy Holder,Yes,No,0.04995210867154799,Low
14052,Nov,Pontiac,Policy Holder,No,No,0.4832932476011569,Medium
14053,Nov,Chevrolet,Third Party,No,No,0.00583147928814542,Low
14054,Nov,Pontiac,Third Party,No,No,0.004914257258170824,Low
14055,Nov,Pontiac,Policy Holder,Yes,No,0.49618676480191465,Medium
14056,Oct,Honda,Policy Holder,No,No,0.530479798071189,Medium
14057,Aug,Toyota,Policy Holder,No,No,0.8438695099398358,High
14058,Aug,Chevrolet,Policy Holder,No,No,0.6591239765336885,High
14059,Sep,Toyota,Policy Holder,No,No,0.7470259568754121,High
14060,Aug,Honda,Policy Holder,No,No,0.4000829140992859,Medium
14061,Jul,Mazda,Third Party,No,No,0.012191835335344662,Low
14062,Jul,Chevrolet,Policy Holder,No,No,0.11806604189569632,Low
14063,Jul,Toyota,Third Party,No,No,0.05333521955883741,Low
14064,Jul,Toyota,Policy Holder,No,No,0.11558650379978021,Low
14065,Jun,Pontiac,Policy Holder,No,No,0.5858872646429251,Medium
14066,Jun,VW,Policy Holder,No,No,0.2889142610480109,Low
14067,Jun,Pontiac,Policy Holder,No,No,0.08412189299368579,Low
14068,May,Mazda,Policy Holder,No,No,0.0904985907134148,Low
14069,May,Toyota,Third Party,No,No,0.1086702240168688,Low
14070,May,Pontiac,Third Party,No,No,0.0457282718115633,Low
14071,May,Toyota,Policy Holder,No,No,0.10535982309799544,Low
14072,May,Pontiac,Policy Holder,No,No,0.7885665484032371,High
14073,May,Honda,Policy Holder,No,No,0.1099609026862413,Low
14074,Apr,Chevrolet,Policy Holder,No,No,0.13100630343034256,Low
14075,Apr,Mazda,Policy Holder,No,No,0.10696954207402316,Low
14076,Apr,Mazda,Policy Holder,No,No,0.5910256802182691,Medium
14077,Apr,Chevrolet,Policy Holder,No,No,0.9860408708171873,High
14078,Aug,Pontiac,Policy Holder,No,No,0.08677994060855651,Low
14079,Mar,Toyota,Policy Holder,No,No,0.15498840946374137,Low
14080,Mar,Toyota,Policy Holder,No,No,0.23056373180862125,Low
14081,Mar,Pontiac,Third Party,No,No,0.11460393494542978,Low
14082,Mar,Toyota,Policy Holder,No,No,0.7777222970334432,High
14083,Feb,Pontiac,Policy Holder,No,No,0.07733319033851926,Low
14084,Aug,Accura,Policy Holder,No,No,0.5717702307288209,Medium
14085,Dec,Pontiac,Third Party,No,No,0.002521388698557212,Low
14086,Nov,Honda,Policy Holder,No,No,0.5438767505284252,Medium
14087,Dec,Chevrolet,Policy Holder,No,No,0.07561196946127469,Low
14088,Nov,Accura,Policy Holder,No,No,0.020192834863926614,Low
14089,Oct,Mazda,Policy Holder,No,No,0.10480060204693113,Low
14090,Oct,Accura,Policy Holder,No,No,0.6871072674027041,High
14091,Oct,Honda,Policy Holder,No,No,0.23017984996698948,Low
14092,Sep,Toyota,Policy Holder,No,No,0.5509194857169923,Medium
14093,Aug,Mazda,Policy Holder,No,No,0.5994192058393305,Medium
14094,Sep,Pontiac,Policy Holder,No,No,0.5562275107385425,Medium
14095,Aug,Toyota,Policy Holder,No,No,0.2035663669544393,Low
14096,Aug,Honda,Policy Holder,No,No,0.8022360427182643,High
14097,Jul,Honda,Policy Holder,No,No,0.7867612474971912,High
14098,Jul,Mazda,Policy Holder,No,No,0.10107169084440289,Low
14099,Jun,Pontiac,Third Party,No,No,0.04659572535767974,Low
14100,Jun,Chevrolet,Policy Holder,No,No,0.5226140979730942,Medium
14101,Aug,Pontiac,Third Party,Yes,Yes,0.020500853517075205,Low
14102,Jun,Honda,Policy Holder,No,No,0.063367428530997,Low
14103,Jun,Mazda,Policy Holder,No,No,0.09733343881926373,Low
14104,Jun,Ford,Policy Holder,No,No,0.7096622278858361,High
14105,Jun,Toyota,Policy Holder,No,No,0.13774801534181563,Low
14106,Jun,Honda,Third Party,No,No,0.16913684157517161,Low
14107,Jun,Pontiac,Policy Holder,No,No,0.624892574106742,High
14108,May,Mazda,Policy Holder,No,No,0.6932786826794334,High
14109,Apr,Pontiac,Policy Holder,No,No,0.2512160807802922,Low
14110,Aug,Honda,Policy Holder,No,No,0.5364996468805265,Medium
14111,Apr,Toyota,Policy Holder,No,No,0.12387772645468613,Low
14112,Apr,Toyota,Policy Holder,No,No,0.6694271102342999,High
14113,Apr,Honda,Policy Holder,No,No,0.07455697863367791,Low
14114,Apr,Chevrolet,Policy Holder,No,No,0.13152034705363083,Low
14115,Apr,Pontiac,Third Party,No,No,0.056081550007930615,Low
14116,Aug,Toyota,Policy Holder,No,No,0.7939564468764931,High
14117,Apr,Mazda,Third Party,No,No,0.008796257429717354,Low
14118,Aug,Honda,Third Party,No,No,0.017094716647948583,Low
14119,Apr,Toyota,Policy Holder,No,No,0.7291293293522635,High
14120,Apr,Pontiac,Policy Holder,No,No,0.08805244231956466,Low
14121,Apr,Mazda,Policy Holder,No,No,0.1277896936157838,Low
14122,Mar,Pontiac,Third Party,No,No,0.06221142092790216,Low
14123,Mar,Toyota,Policy Holder,No,No,0.5565934124240973,Medium
14124,Mar,Honda,Policy Holder,No,No,0.6542157290429091,High
14125,Mar,Honda,Policy Holder,No,No,0.6625121995457832,High
14126,Aug,Pontiac,Third Party,No,No,0.07639693699366112,Low
14127,Aug,Pontiac,Policy Holder,No,No,0.7598206006688537,High
14128,Feb,Honda,Third Party,No,No,0.6450126882686298,High
14129,Feb,Pontiac,Policy Holder,No,No,0.09146337578595774,Low
14130,Feb,Honda,Policy Holder,No,No,0.07860493868730373,Low
14131,Feb,Pontiac,Policy Holder,No,No,0.6753768721426482,High
14132,Feb,Pontiac,Policy Holder,No,No,0.11020492797653868,Low
14133,Aug,Ford,Third Party,No,No,0.1329229368846022,Low
14134,Aug,Mazda,Policy Holder,No,No,0.5193467165722196,Medium
14135,Oct,Pontiac,Policy Holder,No,No,0.5264645213850759,Medium
14136,May,Pontiac,Policy Holder,No,No,0.7945009612497976,High
14137,Jul,Mazda,Policy Holder,No,No,0.06330441203946897,Low
14138,Aug,Saturn,Policy Holder,No,No,0.8214281460387658,High
14139,Jul,Pontiac,Policy Holder,No,No,0.10976292161063154,Low
14140,Nov,Toyota,Policy Holder,No,No,0.03869386031559656,Low
14141,Nov,Honda,Third Party,No,No,0.019404801208895192,Low
14142,Aug,Pontiac,Policy Holder,No,No,0.7138155884683404,High
14143,Jul,Chevrolet,Policy Holder,No,No,0.09193634602804215,Low
14144,Jun,Mazda,Policy Holder,No,No,0.5779965396785537,Medium
14145,Oct,Toyota,Policy Holder,No,No,0.7979791062179192,High
14146,Aug,Toyota,Third Party,No,No,0.12463403953817925,Low
14147,Apr,Toyota,Policy Holder,No,No,0.1073230449238175,Low
14148,Dec,Mazda,Policy Holder,No,No,0.07472885756639394,Low
14149,Aug,Pontiac,Third Party,Yes,Yes,0.040798364012184604,Low
14150,Sep,Toyota,Third Party,No,No,0.0029747740341014824,Low
14151,Apr,Mazda,Policy Holder,No,No,0.6412447371618814,High
14152,Jul,Pontiac,Policy Holder,No,No,0.5330955291243602,Medium
14153,Jul,Pontiac,Policy Holder,No,No,0.4255100741168387,Medium
14154,Oct,Toyota,Policy Holder,No,No,0.7457356664004682,High
14155,Aug,Pontiac,Third Party,No,No,0.03149899139434299,Low
14156,Aug,Toyota,Policy Holder,No,No,0.1090792679752624,Low
14157,Mar,Toyota,Policy Holder,No,No,0.15166220233483788,Low
14158,Oct,Pontiac,Policy Holder,No,No,0.741355923687741,High
14159,Apr,Chevrolet,Policy Holder,No,No,0.20619283227438212,Low
14160,Jan,Chevrolet,Policy Holder,No,No,0.10931806414735497,Low
14161,Dec,Toyota,Policy Holder,No,No,0.40407836933357744,Medium
14162,Jan,Chevrolet,Policy Holder,No,No,0.1812438149261868,Low
14163,May,Pontiac,Third Party,No,No,0.04859591585003154,Low
14164,Apr,Honda,Third Party,No,No,0.001841137083941269,Low
14165,Apr,Pontiac,Third Party,No,No,0.0032544766926600505,Low
14166,Aug,Mazda,Policy Holder,No,No,0.5872304572737841,Medium
14167,Sep,Chevrolet,Policy Holder,No,No,0.7335799309336116,High
14168,Sep,Honda,Policy Holder,No,No,0.5446107526318313,Medium
14169,Aug,Mazda,Policy Holder,No,No,0.1384276360919678,Low
14170,Sep,Ford,Third Party,No,No,0.06384614186400381,Low
14171,Sep,Toyota,Policy Holder,No,No,0.7093753910914047,High
14172,Sep,Toyota,Policy Holder,No,No,0.7345999688112118,High
14173,Jan,Pontiac,Policy Holder,No,No,0.7626935790595905,High
14174,Mar,Ford,Policy Holder,Yes,No,0.8345728512627666,High
14175,Mar,Pontiac,Policy Holder,Yes,No,0.7024751475277831,High
14176,Mar,Pontiac,Policy Holder,No,No,0.5246147258001855,Medium
14177,May,Pontiac,Third Party,No,No,0.0031954460303695925,Low
14178,Jun,Toyota,Policy Holder,No,No,0.1256827411210766,Low
14179,Jun,Pontiac,Policy Holder,No,No,0.8571115795900851,High
14180,Jul,Pontiac,Policy Holder,No,No,0.06220340623740666,Low
14181,Nov,Honda,Policy Holder,No,No,0.03200417874007275,Low
14182,Nov,Mazda,Policy Holder,No,No,0.03870823784110365,Low
14183,Aug,Mazda,Policy Holder,No,No,0.7015906981615887,High
14184,Nov,Toyota,Third Party,No,No,0.035101769507616266,Low
14185,Nov,VW,Third Party,No,No,0.0003075223753790053,Low
14186,Oct,Toyota,Third Party,No,No,0.04105925494899794,Low
14187,Oct,Honda,Third Party,No,No,0.05743454012403454,Low
14188,Jul,Pontiac,Third Party,No,No,0.03281316292626839,Low
14189,Jul,Dodge,Policy Holder,No,No,0.038951844855841015,Low
14190,Jul,Chevrolet,Policy Holder,No,No,0.07674427806795252,Low
14191,Jun,Chevrolet,Third Party,No,No,0.051029875563712954,Low
14192,Jun,Honda,Policy Holder,No,No,0.1386904457521706,Low
14193,Aug,Toyota,Third Party,No,No,0.09198308448444531,Low
14194,Jun,Toyota,Policy Holder,No,No,0.7964864777883595,High
14195,Apr,Toyota,Policy Holder,No,No,0.47621593482292046,Medium
14196,Apr,VW,Policy Holder,No,No,0.15738253413294437,Low
14197,Mar,Honda,Policy Holder,No,No,0.9072693670992327,High
14198,Mar,Mazda,Third Party,No,No,0.03647765227476439,Low
14199,Mar,Toyota,Policy Holder,No,No,0.8200152734980599,High
14200,Mar,Honda,Policy Holder,No,No,0.8614664348646948,High
14201,Feb,Dodge,Policy Holder,No,No,0.40756349461609676,Medium
14202,Feb,Mazda,Policy Holder,No,No,0.07328492943049278,Low
14203,Feb,Chevrolet,Policy Holder,No,No,0.1717594814837857,Low
14204,Dec,Mazda,Third Party,No,No,0.07911074131531787,Low
14205,Nov,Toyota,Policy Holder,Yes,No,0.08381187759442998,Low
14206,Oct,Pontiac,Policy Holder,No,No,0.6549865265361684,High
14207,Oct,Honda,Third Party,No,No,0.06625020904625299,Low
14208,Oct,Honda,Third Party,No,No,0.0038503131106744064,Low
14209,Sep,Pontiac,Third Party,No,No,0.06800838471092176,Low
14210,Jul,Honda,Policy Holder,No,No,0.08935160449694188,Low
14211,Jul,Pontiac,Third Party,No,No,0.0030999034532403075,Low
14212,Jun,Toyota,Policy Holder,No,No,0.13460430907358012,Low
14213,May,Toyota,Third Party,No,No,0.04505043639013841,Low
14214,May,Mazda,Policy Holder,No,No,0.6916368752955034,High
14215,Mar,Dodge,Third Party,No,No,0.05286532854820727,Low
14216,Mar,Pontiac,Policy Holder,No,No,0.7626569691761361,High
14217,Mar,Toyota,Policy Holder,No,No,0.6871883790096814,High
14218,Mar,Toyota,Third Party,No,No,0.05765578275667062,Low
14219,Mar,Mazda,Third Party,No,No,0.03099864960974852,Low
14220,Feb,Pontiac,Policy Holder,No,No,0.07778681270474809,Low
14221,Feb,Mazda,Policy Holder,No,No,0.10538953178836342,Low
14222,Feb,Toyota,Policy Holder,No,No,0.08255111495614616,Low
14223,Jan,Honda,Policy Holder,No,No,0.15406457584734046,Low
14224,Aug,Pontiac,Policy Holder,No,No,0.7364348127774842,High
14225,Mar,Chevrolet,Policy Holder,No,No,0.6569584280554169,High
14226,Apr,Toyota,Third Party,No,No,0.09184745128301895,Low
14227,Oct,Toyota,Third Party,No,No,0.04874023154385854,Low
14228,Jul,VW,Policy Holder,No,No,0.26127002914603364,Low
14229,Oct,Accura,Policy Holder,No,No,0.7256620876741503,High
14230,Aug,Toyota,Policy Holder,No,No,0.9253764561870417,High
14231,Jul,Chevrolet,Third Party,No,No,0.0009873472897297321,Low
14232,Jul,Honda,Third Party,No,No,0.0019215900374382117,Low
14233,Jul,Mazda,Policy Holder,No,No,0.6160185869658028,High
14234,Mar,Accura,Policy Holder,No,No,0.20088163562072314,Low
14235,Feb,Pontiac,Policy Holder,No,No,0.0825666297948771,Low
14236,Mar,Toyota,Policy Holder,No,No,0.121673173479509,Low
14237,Mar,Pontiac,Policy Holder,No,No,0.15810452471553066,Low
14238,Mar,Chevrolet,Policy Holder,No,No,0.1730700153652324,Low
14239,Apr,Toyota,Policy Holder,No,No,0.11740415743385275,Low
14240,May,Mazda,Policy Holder,No,No,0.12900822746966203,Low
14241,Jun,Pontiac,Third Party,No,No,0.0881586737290399,Low
14242,Jun,Mazda,Third Party,No,No,0.07419543634665388,Low
14243,Jun,Chevrolet,Policy Holder,No,No,0.6122358866438815,High
14244,Jun,Pontiac,Policy Holder,No,No,0.6150232796201028,High
14245,Jul,Pontiac,Policy Holder,No,No,0.8291316234072675,High
14246,Jul,Chevrolet,Policy Holder,No,No,0.465796317069888,Medium
14247,Oct,Mazda,Policy Holder,No,No,0.027082392007730268,Low
14248,Nov,Honda,Policy Holder,No,No,0.046535970708741735,Low
14249,Aug,Honda,Policy Holder,No,No,0.7077500483455469,High
14250,Nov,Pontiac,Third Party,No,No,0.033691698014046687,Low
14251,Feb,Pontiac,Policy Holder,No,No,0.6229298700023984,High
14252,Feb,Toyota,Policy Holder,No,No,0.8096828204036745,High
14253,Feb,Toyota,Policy Holder,No,No,0.8472459919232783,High
14254,Mar,Pontiac,Policy Holder,No,No,0.7715226989505884,High
14255,Mar,Chevrolet,Policy Holder,No,No,0.19170344168076509,Low
14256,Apr,Pontiac,Policy Holder,No,No,0.7037995075130625,High
14257,May,Chevrolet,Policy Holder,No,No,0.09725399327309647,Low
14258,Jun,Pontiac,Policy Holder,No,No,0.6397817979322001,High
14259,Jul,Mazda,Policy Holder,No,No,0.4044396442427487,Medium
14260,Jul,Saturn,Policy Holder,No,No,0.6501126245112708,High
14261,Jul,Toyota,Policy Holder,No,No,0.2813409226445314,Low
14262,Aug,Toyota,Third Party,No,No,0.10840445696287584,Low
14263,Sep,Accura,Policy Holder,No,No,0.708221580558536,High
14264,Nov,Pontiac,Policy Holder,No,No,0.4123038520117425,Medium
14265,Nov,Toyota,Policy Holder,No,No,0.04673192511912409,Low
14266,Nov,Pontiac,Policy Holder,No,No,0.09829570867605669,Low
14267,Nov,Honda,Policy Holder,No,No,0.04346619536040652,Low
14268,Oct,Pontiac,Policy Holder,No,No,0.564807171219904,Medium
14269,Sep,Toyota,Third Party,No,No,0.046026203345605615,Low
14270,Jul,Accura,Policy Holder,No,No,0.5639277927507252,Medium
14271,Jul,Toyota,Third Party,No,No,0.04495485660133445,Low
14272,May,Pontiac,Policy Holder,No,No,0.6531198162264554,High
14273,May,Toyota,Third Party,No,No,0.05776442915494403,Low
14274,Aug,Mercury,Third Party,No,No,0.06141292707174946,Low
14275,Apr,Toyota,Policy Holder,No,No,0.6214069881259948,High
14276,Mar,Pontiac,Policy Holder,No,No,0.10283771836162091,Low
14277,Mar,Toyota,Third Party,No,No,0.05122346660348393,Low
14278,Mar,Honda,Policy Holder,No,No,0.8976003440004813,High
14279,Feb,Pontiac,Policy Holder,No,No,0.06638326762406772,Low
14280,Jan,Honda,Policy Holder,No,No,0.7348963658821549,High
14281,Nov,Honda,Policy Holder,No,No,0.5367298213650804,Medium
14282,Nov,Pontiac,Policy Holder,No,No,0.4608308079763739,Medium
14283,Nov,Mazda,Third Party,Yes,No,0.0014932797023688193,Low
14284,Sep,VW,Policy Holder,No,No,0.34071279394395004,Medium
14285,Aug,Pontiac,Policy Holder,No,No,0.1570414513950934,Low
14286,Aug,Pontiac,Policy Holder,No,No,0.10720593733357803,Low
14287,Jul,Pontiac,Policy Holder,No,No,0.05267743215781307,Low
14288,Jul,Toyota,Third Party,No,No,0.09240640302130271,Low
14289,Aug,Chevrolet,Policy Holder,No,No,0.638946640734685,High
14290,May,Chevrolet,Third Party,No,No,0.06684211994224362,Low
14291,May,Toyota,Policy Holder,No,No,0.122610050026476,Low
14292,May,Toyota,Policy Holder,No,No,0.7325834592280123,High
14293,May,VW,Policy Holder,No,No,0.021305130509415137,Low
14294,May,Mazda,Policy Holder,No,No,0.8098941691946261,High
14295,Apr,Pontiac,Third Party,No,No,0.035152514470229636,Low
14296,Mar,Chevrolet,Third Party,No,No,0.1924956651860073,Low
14297,Mar,Chevrolet,Policy Holder,No,No,0.695612691413464,High
14298,Mar,Pontiac,Policy Holder,No,No,0.1478087174818104,Low
14299,Mar,Pontiac,Policy Holder,No,No,0.11000074063443097,Low
14300,Mar,Ford,Third Party,No,No,0.10077589414573343,Low
14301,Feb,Chevrolet,Third Party,No,No,0.06817127159680864,Low
14302,Jan,Toyota,Policy Holder,No,No,0.5027931026468695,Medium
14303,Aug,Mazda,Policy Holder,No,No,0.5791361511032961,Medium
14304,Aug,Honda,Policy Holder,No,No,0.6976207841776753,High
14305,Dec,Saab,Policy Holder,No,No,0.15449058088012652,Low
14306,Nov,Honda,Policy Holder,No,No,0.011037310282079998,Low
14307,Nov,Pontiac,Policy Holder,No,No,0.5214885460698948,Medium
14308,Nov,Toyota,Policy Holder,No,No,0.5801159374534594,Medium
14309,Aug,Dodge,Third Party,No,No,0.02266147382217105,Low
14310,Nov,Pontiac,Policy Holder,No,No,0.33876197745672226,Medium
14311,Oct,Pontiac,Third Party,No,No,0.04082036610665329,Low
14312,Dec,Accura,Policy Holder,No,No,0.6858895307993167,High
14313,Jan,Toyota,Policy Holder,No,No,0.14871000299144707,Low
14314,Jan,Toyota,Policy Holder,No,No,0.712998287630647,High
14315,Jul,Honda,Policy Holder,No,No,0.41663859449931423,Medium
14316,Jul,Chevrolet,Policy Holder,No,No,0.08588466277327388,Low
14317,Aug,Honda,Policy Holder,No,No,0.4993706849749273,Medium
14318,Aug,Chevrolet,Policy Holder,No,No,0.8166429340983108,High
14319,Aug,Honda,Third Party,No,No,0.08263160025614603,Low
14320,Sep,Pontiac,Policy Holder,No,No,0.6973151874529221,High
14321,Sep,Pontiac,Policy Holder,No,No,0.5194495075034895,Medium
14322,Sep,Toyota,Third Party,No,No,0.117115987527921,Low
14323,Dec,Pontiac,Third Party,No,No,0.03968582562865547,Low
14324,Nov,Pontiac,Third Party,No,No,0.027913323365822668,Low
14325,May,Pontiac,Policy Holder,No,No,0.1492393228678017,Low
14326,May,Honda,Policy Holder,No,No,0.7235528315130566,High
14327,May,Chevrolet,Policy Holder,No,No,0.11199647672170598,Low
14328,Jun,Chevrolet,Third Party,No,No,0.03416594227601384,Low
14329,Jun,Ford,Third Party,No,No,0.0018259287820941647,Low
14330,Aug,Mazda,Policy Holder,No,No,0.57949987722837,Medium
14331,Aug,Honda,Third Party,No,No,0.32675683771179587,Medium
14332,Sep,Toyota,Policy Holder,No,No,0.8490110623641116,High
14333,Aug,Toyota,Third Party,No,No,0.10875958347930795,Low
14334,Aug,Honda,Third Party,No,No,0.0728037596000678,Low
14335,Nov,Mazda,Policy Holder,No,No,0.4635940211894119,Medium
14336,Aug,Accura,Policy Holder,No,No,0.7288326600606726,High
14337,Nov,Honda,Third Party,No,No,0.02383875709662227,Low
14338,Sep,Mazda,Policy Holder,No,No,0.6231504764086674,High
14339,Aug,Pontiac,Third Party,No,No,0.04593288011612779,Low
14340,Nov,Mazda,Policy Holder,No,No,0.03378147952423636,Low
14341,Nov,Chevrolet,Policy Holder,No,No,0.5462636974953387,Medium
14342,Aug,Toyota,Policy Holder,No,No,0.5594311641205241,Medium
14343,Feb,Toyota,Policy Holder,No,No,0.15298550997994223,Low
14344,Feb,VW,Policy Holder,No,No,0.2573097333031745,Low
14345,Apr,Toyota,Policy Holder,No,No,0.7501778428084676,High
14346,Apr,Ford,Third Party,No,No,0.09112108880329474,Low
14347,Apr,Pontiac,Policy Holder,No,No,0.7750351065888001,High
14348,Apr,Toyota,Policy Holder,No,No,0.7281647351785256,High
14349,Jun,Pontiac,Policy Holder,No,No,0.6515676626245216,High
14350,Jun,Mazda,Policy Holder,No,No,0.07892841226739278,Low
14351,Aug,Pontiac,Policy Holder,No,No,0.8396707978987163,High
14352,Jul,Mazda,Third Party,No,No,0.05494058057497834,Low
14353,Jun,Pontiac,Policy Holder,No,No,0.6273046887473954,High
14354,Sep,Honda,Policy Holder,No,No,0.11779718805133749,Low
14355,Sep,Honda,Policy Holder,No,No,0.062115133509351744,Low
14356,Oct,Pontiac,Policy Holder,No,No,0.12177641435760451,Low
14357,Sep,Nisson,Policy Holder,No,No,0.23141961430431046,Low
14358,Oct,Mazda,Third Party,No,No,0.03248045620668672,Low
14359,Dec,Toyota,Policy Holder,No,No,0.7052838596706802,High
14360,Dec,Toyota,Third Party,No,No,0.036871694511719316,Low
14361,Feb,Honda,Policy Holder,No,No,0.0917669510996846,Low
14362,Sep,Pontiac,Policy Holder,No,No,0.17543638229883446,Low
14363,Apr,Pontiac,Policy Holder,No,No,0.12029291483010413,Low
14364,Jun,Toyota,Policy Holder,No,No,0.1105384348884106,Low
14365,Aug,Ford,Policy Holder,No,No,0.7005034383664608,High
14366,Aug,Toyota,Policy Holder,No,No,0.7516884429611201,High
14367,Sep,Toyota,Policy Holder,No,No,0.6926279365829785,High
14368,Sep,Nisson,Policy Holder,No,No,0.6506549698656813,High
14369,Oct,Pontiac,Third Party,No,No,0.028329783107641074,Low
14370,Oct,Toyota,Third Party,No,No,0.09254244320488632,Low
14371,Dec,Toyota,Policy Holder,No,No,0.7065148916897683,High
14372,Nov,Toyota,Policy Holder,No,No,0.054279622601152946,Low
14373,Oct,Toyota,Policy Holder,No,No,0.6895626163950348,High
14374,Aug,Toyota,Policy Holder,No,No,0.10140747950704446,Low
14375,Jul,Toyota,Policy Holder,No,No,0.787831809980057,High
14376,Jul,Honda,Policy Holder,Yes,No,0.5582077935175276,Medium
14377,Jul,Chevrolet,Policy Holder,No,No,0.4733109131821202,Medium
14378,May,Pontiac,Policy Holder,No,No,0.7170614074281194,High
14379,May,Pontiac,Policy Holder,No,No,0.26133435886170686,Low
14380,May,Pontiac,Third Party,No,No,0.0574638391078024,Low
14381,Apr,Mercury,Policy Holder,No,No,0.8445888651307031,High
14382,Sep,Mazda,Policy Holder,No,No,0.6354320500651521,High
14383,Mar,Honda,Policy Holder,No,No,0.9873083393435701,High
14384,Feb,Toyota,Policy Holder,No,No,0.14267146656604532,Low
14385,Oct,Pontiac,Policy Holder,No,No,0.5784469152513203,Medium
14386,Sep,Accura,Policy Holder,No,No,0.7020064151840519,High
14387,Aug,Pontiac,Third Party,No,No,0.00485164429734805,Low
14388,Sep,Toyota,Policy Holder,No,No,0.7020628476832634,High
14389,May,Pontiac,Policy Holder,No,No,0.12307069542001081,Low
14390,May,Honda,Policy Holder,No,No,0.7958815381096604,High
14391,Sep,Mazda,Policy Holder,No,No,0.6737358745515619,High
14392,May,Pontiac,Policy Holder,No,No,0.806464885056189,High
14393,Sep,Pontiac,Policy Holder,No,No,0.656520823089679,High
14394,Apr,Toyota,Policy Holder,No,No,0.13986549792338282,Low
14395,Apr,Honda,Third Party,No,No,0.05065019815547388,Low
14396,Apr,Mazda,Policy Holder,No,No,0.5479447998676091,Medium
14397,Apr,Honda,Policy Holder,No,No,0.0850962466887849,Low
14398,Apr,Mazda,Policy Holder,No,No,0.6933148607075854,High
14399,Apr,Chevrolet,Policy Holder,No,No,0.5715034541795786,Medium
14400,Mar,Honda,Policy Holder,No,No,0.8788553936747283,High
14401,Mar,Honda,Third Party,No,No,0.10100321929616479,Low
14402,Sep,Chevrolet,Third Party,No,No,0.038265869360868655,Low
14403,Feb,Pontiac,Policy Holder,No,No,0.7416719052467915,High
14404,Feb,Mercury,Policy Holder,No,No,0.16913040066444918,Low
14405,Jan,VW,Policy Holder,Yes,No,0.19331470042266904,Low
14406,Sep,Pontiac,Policy Holder,No,No,0.6894192462936682,High
14407,Nov,Honda,Policy Holder,Yes,No,0.293100915533184,Low
14408,Jul,Mazda,Policy Holder,No,No,0.5056289998190848,Medium
14409,Jul,Honda,Third Party,No,No,0.0695598262917461,Low
14410,Sep,Ford,Policy Holder,No,No,0.1323742463064883,Low
14411,Jan,Toyota,Policy Holder,No,No,0.12859071234838768,Low
14412,Oct,Honda,Third Party,No,No,0.05471366276952798,Low
14413,Sep,Mazda,Third Party,Yes,No,0.12127782059231997,Low
14414,Jul,Toyota,Policy Holder,No,No,0.47410550119045025,Medium
14415,Jul,Pontiac,Policy Holder,Yes,No,0.10436075600925261,Low
14416,Sep,Toyota,Policy Holder,No,No,0.6500545611602618,High
14417,Jun,Pontiac,Policy Holder,No,No,0.14227253890733732,Low
14418,Jun,Pontiac,Policy Holder,No,No,0.6732185439483787,High
14419,Jun,Pontiac,Policy Holder,No,No,0.7687159566243081,High
14420,Jun,Pontiac,Third Party,No,No,0.04953832022966434,Low
14421,Sep,Honda,Third Party,No,No,0.07408965773220881,Low
14422,Jan,Ford,Policy Holder,No,No,0.759725514176969,High
14423,Jan,Mazda,Policy Holder,No,No,0.6242247608882864,High
14424,Nov,Toyota,Policy Holder,No,No,0.012425084274713772,Low
14425,Oct,Chevrolet,Policy Holder,No,No,0.6797019325660827,High
14426,Oct,Toyota,Policy Holder,No,No,0.6537897917848179,High
14427,Oct,Honda,Policy Holder,No,No,0.06083432206202857,Low
14428,Oct,Pontiac,Policy Holder,No,No,0.6396708063375858,High
14429,Jun,Accura,Policy Holder,No,No,0.7788634178838747,High
14430,May,Mazda,Policy Holder,No,No,0.10387040205195482,Low
14431,May,Pontiac,Third Party,No,No,0.08451781631860665,Low
14432,May,Honda,Policy Holder,No,No,0.8679360414940032,High
14433,May,Chevrolet,Third Party,No,No,0.21388149830570594,Low
14434,May,Saturn,Policy Holder,No,No,0.9956130205520808,High
14435,Sep,Toyota,Policy Holder,No,No,0.6973079323995658,High
14436,Oct,Honda,Policy Holder,No,No,0.5688262347141245,Medium
14437,Aug,Mazda,Policy Holder,No,No,0.5340471608390561,Medium
14438,Aug,Chevrolet,Policy Holder,No,No,0.7801729278733991,High
14439,Feb,Pontiac,Policy Holder,No,No,0.12230733993067873,Low
14440,Sep,Ford,Third Party,No,No,0.08599409606383397,Low
14441,Apr,Pontiac,Policy Holder,No,No,0.6154499147194793,High
14442,Apr,Accura,Policy Holder,Yes,No,0.7732253297770986,High
14443,Apr,Honda,Third Party,No,No,0.027335440859127143,Low
14444,Jul,Honda,Policy Holder,No,No,0.04589051487747032,Low
14445,Aug,Toyota,Third Party,No,No,0.05301136117724463,Low
14446,Oct,Honda,Policy Holder,No,No,0.09348253272341855,Low
14447,Nov,Pontiac,Third Party,No,No,0.0015565156243370032,Low
14448,Nov,Chevrolet,Policy Holder,No,No,0.5457375117144333,Medium
14449,Dec,Pontiac,Policy Holder,No,No,0.41498538255080974,Medium
14450,Mar,Pontiac,Policy Holder,No,No,0.0690442842482867,Low
14451,Mar,Pontiac,Policy Holder,No,No,0.7057512130454501,High
14452,Mar,Pontiac,Policy Holder,No,No,0.7211837949364607,High
14453,Apr,Toyota,Policy Holder,No,No,0.06285550220984902,Low
14454,Jul,Chevrolet,Third Party,No,No,0.003305586382985116,Low
14455,Nov,Pontiac,Policy Holder,No,No,0.04882690504071404,Low
14456,Nov,Honda,Policy Holder,No,No,0.3080778548871098,Medium
14457,Nov,Honda,Policy Holder,No,No,0.4322462355219268,Medium
14458,Sep,Ford,Policy Holder,No,No,0.7967719096176873,High
14459,Nov,Toyota,Third Party,No,No,0.03139581372425591,Low
14460,Oct,Ford,Policy Holder,No,No,0.5462780339521828,Medium
14461,Sep,Ford,Policy Holder,No,No,0.6439718749668175,High
14462,Sep,Mazda,Third Party,No,No,0.024125850080820386,Low
14463,Aug,Pontiac,Policy Holder,No,No,0.6713089435194134,High
14464,Jul,Toyota,Policy Holder,No,No,0.6195429441839736,High
14465,Jul,Honda,Policy Holder,No,No,0.05641523247451671,Low
14466,Mar,Pontiac,Policy Holder,No,No,0.6976813523874928,High
14467,Mar,Pontiac,Policy Holder,No,No,0.6532543528699427,High
14468,Dec,Honda,Third Party,Yes,No,0.06620139075465853,Low
14469,Dec,Pontiac,Policy Holder,No,No,0.7525441052336753,High
14470,Nov,Chevrolet,Policy Holder,No,No,0.7705652594990615,High
14471,Nov,Toyota,Policy Holder,No,No,0.6611206974446708,High
14472,Sep,Honda,Policy Holder,No,No,0.6740255021744863,High
14473,Nov,Chevrolet,Policy Holder,No,No,0.04674993027888847,Low
14474,Oct,Toyota,Third Party,No,No,0.006999579374216842,Low
14475,Oct,Toyota,Policy Holder,No,No,0.855772399744632,High
14476,Aug,VW,Policy Holder,No,No,0.018682676860862467,Low
14477,Jul,Chevrolet,Policy Holder,No,No,0.6906554752264784,High
14478,Jun,Honda,Policy Holder,No,No,0.1851251030591394,Low
14479,Jun,Honda,Policy Holder,No,No,0.13883079535075454,Low
14480,Apr,Chevrolet,Policy Holder,No,No,0.15335517443977428,Low
14481,Apr,Chevrolet,Third Party,No,No,0.04185169370932137,Low
14482,Apr,Honda,Policy Holder,No,No,0.6387715916837081,High
14483,Apr,Honda,Policy Holder,No,No,0.08758960980596779,Low
14484,Apr,Toyota,Third Party,No,No,0.053684511349460555,Low
14485,Sep,Honda,Policy Holder,No,No,0.99502833623588,High
14486,Feb,Toyota,Policy Holder,No,No,0.1401215464412612,Low
14487,Aug,Honda,Policy Holder,No,No,0.12988774919208712,Low
14488,May,Pontiac,Third Party,No,Yes,0.04877361530643904,Low
14489,May,Honda,Policy Holder,No,No,0.3470353080199518,Medium
14490,Aug,Toyota,Policy Holder,No,No,0.7424665310837847,High
14491,Sep,Honda,Policy Holder,No,No,0.5577459743405903,Medium
14492,Sep,VW,Policy Holder,No,No,0.03314518056726533,Low
14493,Sep,Chevrolet,Policy Holder,No,No,0.6717677491279316,High
14494,Oct,Pontiac,Policy Holder,No,No,0.6138589628646818,High
14495,Dec,Honda,Third Party,No,No,0.0010151883171201765,Low
14496,Nov,Ford,Policy Holder,No,No,0.1089471979864439,Low
14497,Sep,Chevrolet,Third Party,No,No,0.04373334670064002,Low
14498,Apr,Chevrolet,Policy Holder,No,No,0.66430578549066,High
14499,Aug,Mazda,Policy Holder,No,No,0.46570177548972025,Medium
14500,Aug,Honda,Policy Holder,No,No,0.10742578751236546,Low
14501,Nov,Mazda,Policy Holder,No,No,0.5289723352816537,Medium
14502,Feb,Chevrolet,Policy Holder,No,No,0.7612632048593578,High
14503,Jan,Honda,Third Party,No,No,0.022106104898148862,Low
14504,Feb,Pontiac,Policy Holder,No,No,0.10670059354197815,Low
14505,Feb,Pontiac,Policy Holder,No,No,0.6770458465858553,High
14506,Mar,Pontiac,Policy Holder,No,No,0.764498758835377,High
14507,Jun,Honda,Third Party,No,No,0.002641143420067794,Low
14508,Jun,VW,Policy Holder,No,No,0.05445288704289962,Low
14509,May,Toyota,Policy Holder,No,No,0.7586562907463452,High
14510,Sep,Toyota,Policy Holder,No,No,0.6246238715371955,High
14511,Aug,Ford,Policy Holder,No,No,0.7752495335204952,High
14512,Oct,Mazda,Policy Holder,No,No,0.021786978409004315,Low
14513,Sep,Honda,Third Party,No,No,0.0626810700653741,Low
14514,Sep,Pontiac,Policy Holder,No,No,0.6149137819649039,High
14515,Sep,Ford,Third Party,No,No,0.040615374631506586,Low
14516,Sep,Toyota,Policy Holder,No,No,0.6491935563720055,High
14517,Feb,Toyota,Policy Holder,No,No,0.7902637963579783,High
14518,Jun,Toyota,Policy Holder,No,No,0.7852769167416391,High
14519,Jun,Pontiac,Third Party,No,No,0.05751982847298327,Low
14520,May,Chevrolet,Policy Holder,No,No,0.6456073135676799,High
14521,Jul,Dodge,Third Party,No,No,0.0008243477387034593,Low
14522,Sep,Pontiac,Policy Holder,Yes,No,0.624516411384557,High
14523,Nov,Pontiac,Policy Holder,No,No,0.5190967386549065,Medium
14524,Sep,Honda,Policy Holder,No,No,0.5895623982079361,Medium
14525,Oct,Toyota,Third Party,No,No,0.06358710416623921,Low
14526,Dec,Mazda,Policy Holder,No,No,0.732060582751072,High
14527,Feb,Mazda,Policy Holder,No,No,0.101240355406952,Low
14528,May,Chevrolet,Policy Holder,No,No,0.8856354416071797,High
14529,Jul,Honda,Policy Holder,No,No,0.5106025743486027,Medium
14530,Nov,Accura,Policy Holder,No,No,0.590169045334335,Medium
14531,Nov,Pontiac,Policy Holder,No,No,0.07400303511085733,Low
14532,Feb,Pontiac,Policy Holder,No,No,0.674797400593708,High
14533,Apr,Honda,Policy Holder,No,No,0.866151731071048,High
14534,Jun,Pontiac,Policy Holder,No,No,0.1479032952820323,Low
14535,Apr,Pontiac,Policy Holder,No,No,0.07033989414550819,Low
14536,Nov,Toyota,Policy Holder,No,No,0.9783803700740084,High
14537,Nov,Ford,Policy Holder,Yes,No,0.07741443490831104,Low
14538,Oct,Pontiac,Policy Holder,No,No,0.7259184435072996,High
14539,Sep,Dodge,Policy Holder,No,No,0.6782192173451064,High
14540,Sep,Mazda,Policy Holder,No,No,0.150994532954503,Low
14541,Aug,Pontiac,Policy Holder,No,No,0.6446433699784602,High
14542,Aug,Honda,Policy Holder,No,No,0.1152671206625014,Low
14543,Dec,Mazda,Policy Holder,No,No,0.6546805834451903,High
14544,Nov,Toyota,Policy Holder,No,No,0.3362756817388627,Medium
14545,Nov,Chevrolet,Policy Holder,No,No,0.03693008017583025,Low
14546,Oct,Toyota,Policy Holder,No,No,0.7337415980177238,High
14547,Sep,Honda,Policy Holder,No,No,0.810900590589548,High
14548,Jun,Toyota,Policy Holder,No,No,0.17727145097694827,Low
14549,Jun,Honda,Policy Holder,No,No,0.19286049832267999,Low
14550,Jun,Pontiac,Policy Holder,No,No,0.10476860743869883,Low
14551,Jun,Toyota,Policy Holder,No,No,0.15454569981459054,Low
14552,May,Toyota,Policy Holder,No,No,0.10564904127845447,Low
14553,Apr,Honda,Policy Holder,No,No,0.6299082205206176,High
14554,Mar,Pontiac,Third Party,No,No,0.04252457098235396,Low
14555,Mar,Mazda,Third Party,No,No,0.002445375545597785,Low
14556,Sep,Pontiac,Policy Holder,No,No,0.6563290884540116,High
14557,Dec,Mazda,Third Party,No,No,0.08301405922081083,Low
14558,Feb,Honda,Policy Holder,No,No,0.8182085121695699,High
14559,Dec,Honda,Policy Holder,No,No,0.07040244948231786,Low
14560,Dec,Honda,Policy Holder,No,No,0.07043558813264733,Low
14561,Nov,Chevrolet,Policy Holder,No,No,0.7208341716889286,High
14562,Sep,Pontiac,Policy Holder,No,No,0.7038054309474707,High
14563,Sep,Toyota,Third Party,No,No,0.06492654130563166,Low
14564,Aug,Accura,Policy Holder,Yes,No,0.6912595805844959,High
14565,Aug,Chevrolet,Third Party,No,No,0.09449653986174061,Low
14566,Aug,Toyota,Policy Holder,No,No,0.13481709877293255,Low
14567,Jul,Honda,Third Party,No,No,0.015954000216927503,Low
14568,Jun,Pontiac,Third Party,No,No,0.03977958225407912,Low
14569,Mar,VW,Policy Holder,No,No,0.016261175095914425,Low
14570,Sep,Toyota,Policy Holder,No,No,0.6326438412983926,High
14571,Dec,Toyota,Policy Holder,No,No,0.604021591504541,High
14572,Sep,Pontiac,Policy Holder,No,No,0.5809017695439986,Medium
14573,Nov,Honda,Policy Holder,No,No,0.0543132841730478,Low
14574,Nov,Toyota,Policy Holder,No,No,0.3683960799003668,Medium
14575,Nov,Toyota,Policy Holder,No,No,0.4212431275623766,Medium
14576,Jul,Pontiac,Policy Holder,No,No,0.08060480620853958,Low
14577,Jun,Toyota,Third Party,No,No,0.05589681114431723,Low
14578,Jun,Mazda,Policy Holder,No,No,0.09868508488200109,Low
14579,Jun,Honda,Policy Holder,No,No,0.11532737309228132,Low
14580,Sep,Pontiac,Policy Holder,No,No,0.5230541254555161,Medium
14581,May,Accura,Third Party,No,No,0.08656366650924416,Low
14582,May,Pontiac,Policy Holder,No,No,0.7286423629461811,High
14583,May,Saturn,Policy Holder,No,No,0.7652933333770052,High
14584,Jan,Honda,Policy Holder,No,No,0.1614926048969665,Low
14585,Apr,Honda,Policy Holder,No,No,0.7537909764818282,High
14586,Dec,Pontiac,Policy Holder,No,No,0.09655984158667955,Low
14587,Sep,Pontiac,Third Party,No,No,0.7465238233876781,High
14588,Sep,Pontiac,Policy Holder,No,No,0.6117396914621545,High
14589,Jun,Pontiac,Policy Holder,No,No,0.6570707065444031,High
14590,May,Honda,Policy Holder,No,No,0.10517957047368987,Low
14591,May,Toyota,Policy Holder,No,No,0.5427393911563315,Medium
14592,Sep,Chevrolet,Third Party,No,No,0.05268238664543328,Low
14593,Nov,Honda,Policy Holder,No,No,0.04147794824307928,Low
14594,Mar,Toyota,Policy Holder,No,No,0.7977951645139572,High
14595,Apr,Toyota,Third Party,No,No,0.042795968776209344,Low
14596,May,Pontiac,Policy Holder,No,No,0.16854317854177195,Low
14597,May,Mazda,Policy Holder,No,No,0.14964940277859437,Low
14598,Sep,Mazda,Policy Holder,No,No,0.6079178183681494,High
14599,Jul,Toyota,Policy Holder,No,No,0.06176722776750194,Low
14600,Aug,Pontiac,Policy Holder,No,No,0.12550800505739287,Low
14601,Sep,Toyota,Third Party,No,No,0.07790714576241457,Low
14602,Oct,Ford,Policy Holder,No,No,0.78031670301201,High
14603,Sep,Honda,Policy Holder,No,No,0.46313541576022493,Medium
14604,Nov,Honda,Policy Holder,No,No,0.06449800169176635,Low
14605,Dec,Chevrolet,Third Party,No,No,0.003274633201308713,Low
14606,Mar,Toyota,Policy Holder,No,No,0.24603007501286886,Low
14607,Mar,Toyota,Policy Holder,No,No,0.20297848275401076,Low
14608,Apr,Toyota,Policy Holder,No,No,0.8133910966103679,High
14609,Jun,Ford,Policy Holder,No,No,0.7847922775890421,High
14610,Jun,Toyota,Policy Holder,No,No,0.08131315796054753,Low
14611,Jun,Pontiac,Policy Holder,No,No,0.7413587274721111,High
14612,Jul,Pontiac,Third Party,No,No,0.03582951262910276,Low
14613,Jul,Pontiac,Third Party,No,No,0.07320902775360434,Low
14614,Aug,Toyota,Third Party,No,No,0.1499932249106867,Low
14615,Aug,Toyota,Third Party,No,No,0.061451322381834685,Low
14616,Aug,Mazda,Policy Holder,No,No,0.19351345253468855,Low
14617,Nov,Pontiac,Policy Holder,No,No,0.5267483809379913,Medium
14618,Nov,Honda,Policy Holder,No,No,0.5675849273210319,Medium
14619,Nov,Mazda,Policy Holder,No,No,0.44439609011399633,Medium
14620,Oct,Toyota,Policy Holder,No,No,0.06733013262671948,Low
14621,Oct,Pontiac,Policy Holder,No,No,0.5851705137526722,Medium
14622,Aug,Mazda,Policy Holder,No,No,0.6402425649724277,High
14623,Aug,Pontiac,Third Party,No,No,0.06835652730069654,Low
14624,Aug,Toyota,Policy Holder,No,No,0.7779980411700737,High
14625,Jul,Mazda,Third Party,No,No,0.04208882068594446,Low
14626,Jul,Chevrolet,Policy Holder,No,No,0.08370233506317123,Low
14627,Jul,Mazda,Policy Holder,No,No,0.6778333020025156,High
14628,Jun,Pontiac,Third Party,No,No,0.03212908593718508,Low
14629,Jun,Pontiac,Policy Holder,No,No,0.5943779846948912,Medium
14630,Apr,Honda,Policy Holder,No,No,0.6350741242968694,High
14631,Apr,Pontiac,Policy Holder,No,No,0.12501954547067462,Low
14632,Apr,Pontiac,Third Party,No,No,0.04013666169063047,Low
14633,Mar,Pontiac,Policy Holder,No,No,0.8808249748154822,High
14634,Jan,Pontiac,Policy Holder,No,No,0.6340706611633669,High
14635,Dec,Toyota,Policy Holder,No,No,0.7348295140069685,High
14636,Dec,Pontiac,Policy Holder,No,No,0.4593193102002312,Medium
14637,Nov,Toyota,Policy Holder,No,No,0.6578152944065984,High
14638,Nov,Mazda,Policy Holder,No,No,0.9828829022539163,High
14639,Oct,Chevrolet,Third Party,No,No,0.029541735895417847,Low
14640,Oct,Honda,Policy Holder,Yes,No,0.7209789648320707,High
14641,Oct,Honda,Policy Holder,No,No,0.6629126829954339,High
14642,Aug,Toyota,Policy Holder,No,No,0.09892622501358424,Low
14643,Jul,Toyota,Third Party,No,No,0.04500649091092535,Low
14644,Jul,Saturn,Third Party,No,No,0.0678950759206095,Low
14645,Jul,Ford,Third Party,No,No,0.04712726301395717,Low
14646,Jul,Toyota,Policy Holder,No,No,0.12493676205418876,Low
14647,Jul,Chevrolet,Policy Holder,No,No,0.6560615088040669,High
14648,Jul,Mazda,Policy Holder,No,No,0.4936805817871668,Medium
14649,Jun,Toyota,Third Party,No,No,0.065435967443239,Low
14650,May,Mazda,Policy Holder,No,No,0.0904999717223515,Low
14651,Sep,Pontiac,Third Party,No,No,0.055357919743448274,Low
14652,May,Toyota,Policy Holder,No,No,0.7930569406995971,High
14653,Apr,Pontiac,Policy Holder,No,No,0.7701871040858034,High
14654,Apr,Honda,Policy Holder,No,No,0.17309282469369056,Low
14655,Mar,Pontiac,Policy Holder,No,No,0.8768703235467707,High
14656,Mar,Dodge,Policy Holder,No,No,0.6651598808904514,High
14657,Feb,Toyota,Third Party,No,No,0.0010155467256239398,Low
14658,Dec,Honda,Policy Holder,No,No,0.6074960667285543,High
14659,Dec,Honda,Policy Holder,No,No,0.05024833569407347,Low
14660,Sep,Mazda,Third Party,No,No,0.07631292663577728,Low
14661,Aug,Toyota,Third Party,No,No,0.020535911770688524,Low
14662,Aug,Pontiac,Policy Holder,No,No,0.08005484078100805,Low
14663,Aug,Mazda,Policy Holder,No,No,0.08634769100661649,Low
14664,Nov,Toyota,Policy Holder,No,No,0.7207864949012417,High
14665,Sep,Honda,Policy Holder,No,No,0.09556230029394087,Low
14666,Aug,Honda,Policy Holder,No,No,0.7073581970782907,High
14667,Aug,Toyota,Third Party,No,No,0.0033981859204691824,Low
14668,Sep,Honda,Third Party,No,No,0.0030697182329060646,Low
14669,Oct,Ford,Third Party,No,No,0.05949842364345516,Low
14670,Sep,VW,Policy Holder,No,No,0.21626838109145147,Low
14671,Dec,VW,Policy Holder,No,No,0.021416245209396927,Low
14672,May,Chevrolet,Third Party,No,No,0.07541055767190946,Low
14673,Jun,Chevrolet,Third Party,No,No,0.1040677424491138,Low
14674,Sep,Pontiac,Policy Holder,No,No,0.017156218130765094,Low
14675,Sep,Mazda,Policy Holder,No,No,0.5417728880103281,Medium
14676,Dec,Pontiac,Third Party,No,No,0.002730868701432393,Low
14677,Sep,Chevrolet,Policy Holder,No,No,0.07925931790651937,Low
14678,Dec,Toyota,Policy Holder,No,No,0.6539460566485996,High
14679,Mar,Honda,Policy Holder,No,No,0.0706771912729939,Low
14680,May,Chevrolet,Third Party,No,No,0.047998804010607896,Low
14681,Sep,Pontiac,Third Party,Yes,No,0.02744698781906114,Low
14682,Sep,Toyota,Third Party,No,No,0.0624499931621155,Low
14683,Jul,Honda,Third Party,No,No,0.02572352843570536,Low
14684,Jul,Mazda,Policy Holder,No,No,0.4356729237156681,Medium
14685,Nov,Honda,Policy Holder,No,No,0.27285310433085946,Low
14686,Sep,Mazda,Policy Holder,No,No,0.6693777281091976,High
14687,Mar,Toyota,Third Party,No,No,0.04085261243444073,Low
14688,Apr,Honda,Third Party,No,No,0.03612383732476016,Low
14689,Apr,Honda,Third Party,No,No,0.739484424466473,High
14690,Sep,Honda,Third Party,Yes,No,0.018281053215535862,Low
14691,Dec,Pontiac,Policy Holder,No,No,0.13063363123294996,Low
14692,Dec,Chevrolet,Third Party,No,No,0.04803550948579235,Low
14693,Apr,Mercury,Policy Holder,No,No,0.7459428804938398,High
14694,Apr,Chevrolet,Third Party,No,No,0.07076867470740592,Low
14695,Jun,Toyota,Policy Holder,No,No,0.5516997068237562,Medium
14696,Apr,Chevrolet,Policy Holder,No,No,0.6902107020977926,High
14697,Jul,Pontiac,Policy Holder,No,No,0.7723319713770793,High
14698,Jul,Pontiac,Policy Holder,No,No,0.7504263759404367,High
14699,Nov,Chevrolet,Policy Holder,No,No,0.6457700703622246,High
14700,Nov,Toyota,Policy Holder,No,No,0.5362935066492576,Medium
14701,Oct,Pontiac,Policy Holder,No,No,0.45659333590622997,Medium
14702,Jul,Toyota,Policy Holder,No,No,0.07119239960500856,Low
14703,Nov,Toyota,Policy Holder,No,No,0.45989236946689727,Medium
14704,Dec,Pontiac,Policy Holder,No,No,0.06352080901829935,Low
14705,Sep,Pontiac,Third Party,No,No,0.053809559904164056,Low
14706,Sep,Pontiac,Third Party,No,No,0.0029714643342599128,Low
14707,Sep,Toyota,Policy Holder,No,No,0.7923004198535049,High
14708,Apr,Accura,Policy Holder,No,No,0.33190624424752224,Medium
14709,Apr,Pontiac,Policy Holder,No,No,0.4877085423096454,Medium
14710,Apr,Pontiac,Policy Holder,No,No,0.5637537663439803,Medium
14711,Dec,Accura,Third Party,No,No,0.06067230263405872,Low
14712,Sep,Chevrolet,Policy Holder,No,No,0.015397247823100136,Low
14713,Nov,Mazda,Third Party,No,No,0.02290223428585945,Low
14714,Aug,Toyota,Policy Holder,No,No,0.7568509753035941,High
14715,Aug,Mazda,Policy Holder,No,No,0.09296227903241218,Low
14716,Jul,Honda,Policy Holder,No,No,0.44176864345061634,Medium
14717,Apr,Mazda,Policy Holder,No,No,0.08972318271682424,Low
14718,Mar,Chevrolet,Policy Holder,No,No,0.7650539929655149,High
14719,Jan,Pontiac,Policy Holder,No,No,0.6313186249204972,High
14720,Aug,Pontiac,Policy Holder,No,No,0.8076931634250387,High
14721,Sep,Saab,Policy Holder,No,No,0.7201283495341588,High
14722,Sep,Pontiac,Policy Holder,No,No,0.6723918665124761,High
14723,Jan,Mazda,Policy Holder,No,No,0.06404400423824536,Low
14724,Mar,Chevrolet,Third Party,Yes,No,0.0711304569245711,Low
14725,Sep,Accura,Third Party,No,No,0.040039647972954666,Low
14726,Sep,Toyota,Policy Holder,No,No,0.5527036482749054,Medium
14727,Apr,Pontiac,Policy Holder,No,No,0.5882808727763095,Medium
14728,Jan,Toyota,Policy Holder,No,No,0.6748442638443923,High
14729,Dec,Pontiac,Policy Holder,No,No,0.024918364485671328,Low
14730,Dec,Pontiac,Policy Holder,No,No,0.4167163345210989,Medium
14731,Nov,Honda,Policy Holder,No,No,0.4465896703536538,Medium
14732,Oct,Honda,Policy Holder,No,No,0.07211889419409273,Low
14733,Sep,Pontiac,Policy Holder,No,No,0.5833594080327901,Medium
14734,Aug,VW,Third Party,No,No,0.001102282410739741,Low
14735,Jun,Toyota,Policy Holder,No,No,0.6699291664839336,High
14736,May,Toyota,Third Party,No,No,0.07600676088599331,Low
14737,Sep,Honda,Third Party,No,No,0.022583809766938173,Low
14738,Mar,Pontiac,Policy Holder,No,No,0.7930963489411154,High
14739,Mar,Chevrolet,Policy Holder,No,No,0.8128945078971113,High
14740,Jan,Pontiac,Third Party,No,No,0.0956320478242054,Low
14741,Dec,Pontiac,Policy Holder,No,No,0.4593781327092222,Medium
14742,Dec,Mazda,Policy Holder,No,No,0.4898555235879108,Medium
14743,Dec,Mazda,Third Party,No,No,0.033656589326419795,Low
14744,Oct,Mazda,Third Party,No,No,0.057378619614979184,Low
14745,Sep,Honda,Policy Holder,No,No,0.08162388030297951,Low
14746,Dec,Honda,Policy Holder,No,No,0.08471217409386674,Low
14747,Dec,Saturn,Policy Holder,No,No,0.8496587241226021,High
14748,Dec,Mazda,Policy Holder,No,No,0.08495871370497265,Low
14749,Feb,Chevrolet,Third Party,No,No,0.04600259209398642,Low
14750,Feb,Honda,Policy Holder,No,No,0.14987373667000276,Low
14751,Sep,Pontiac,Policy Holder,No,No,0.5922906901202859,Medium
14752,Mar,Honda,Policy Holder,No,No,0.09531695942573482,Low
14753,May,Pontiac,Policy Holder,No,No,0.6404216977645082,High
14754,Aug,Honda,Third Party,No,No,0.0418135080323272,Low
14755,Aug,Honda,Policy Holder,No,No,0.6229614820760918,High
14756,Sep,Toyota,Third Party,No,No,0.08105410969566687,Low
14757,Dec,Mazda,Policy Holder,No,No,0.5546929093063626,Medium
14758,Dec,Pontiac,Policy Holder,No,No,0.6186045140477184,High
14759,Dec,Accura,Policy Holder,No,No,0.6344348240946079,High
14760,Feb,Chevrolet,Policy Holder,No,No,0.11863136563181394,Low
14761,May,Toyota,Policy Holder,No,No,0.6291795883933363,High
14762,Jul,Chevrolet,Policy Holder,No,No,0.060047352532043616,Low
14763,Aug,Honda,Policy Holder,No,No,0.5857329771258225,Medium
14764,Aug,Pontiac,Policy Holder,No,No,0.5055681794363722,Medium
14765,Nov,Pontiac,Policy Holder,No,No,0.34204235839632574,Medium
14766,Nov,Mazda,Policy Holder,Yes,No,0.520936887157227,Medium
14767,Dec,Pontiac,Policy Holder,Yes,No,0.45917889355088715,Medium
14768,Dec,Pontiac,Policy Holder,No,No,0.6125292783231673,High
14769,Dec,Toyota,Third Party,No,No,0.0699025721420983,Low
14770,Dec,Pontiac,Policy Holder,No,No,0.06117121689205805,Low
14771,Dec,Chevrolet,Policy Holder,No,No,0.5895216495984503,Medium
14772,Dec,Mazda,Third Party,No,No,0.019040202699627095,Low
14773,Dec,Toyota,Policy Holder,No,No,0.5463884864758366,Medium
14774,Sep,Mazda,Policy Holder,Yes,No,0.8245610136846669,High
14775,Sep,Toyota,Policy Holder,No,No,0.10294389352916969,Low
14776,Aug,Chevrolet,Policy Holder,No,No,0.7169084726767965,High
14777,Aug,Honda,Third Party,No,No,0.0017340139100533063,Low
14778,Sep,Honda,Third Party,No,No,0.10447072320865018,Low
14779,Jul,Pontiac,Policy Holder,No,No,0.04909369290449567,Low
14780,Jun,Toyota,Policy Holder,No,No,0.5703498646838796,Medium
14781,May,Pontiac,Policy Holder,No,No,0.7675065449321066,High
14782,Jan,Pontiac,Policy Holder,No,No,0.4759084205488561,Medium
14783,Dec,Chevrolet,Policy Holder,Yes,No,0.6203952729705099,High
14784,Dec,Mazda,Policy Holder,No,No,0.6928385811451049,High
14785,Sep,Mazda,Third Party,No,No,0.03289780189938641,Low
14786,Dec,Ford,Third Party,No,No,0.06622037191245726,Low
14787,Nov,Toyota,Policy Holder,No,No,0.0644627611946928,Low
14788,Nov,Toyota,Policy Holder,No,No,0.5062611915276776,Medium
14789,Oct,VW,Policy Holder,No,No,0.035868628496522954,Low
14790,Sep,Toyota,Policy Holder,No,No,0.14026511317176618,Low
14791,Sep,Mazda,Policy Holder,No,No,0.8461586271789268,High
14792,Sep,Pontiac,Third Party,No,No,0.038720146505792294,Low
14793,Sep,Pontiac,Policy Holder,No,No,0.08210647862167281,Low
14794,Sep,Mazda,Policy Holder,No,No,0.5672784695408732,Medium
14795,Aug,Mazda,Policy Holder,No,No,0.4931109720967417,Medium
14796,Jun,Honda,Policy Holder,No,No,0.12031598183632597,Low
14797,Sep,Pontiac,Third Party,No,No,0.02851475095537953,Low
14798,Jun,Toyota,Policy Holder,No,No,0.17728489285536367,Low
14799,Jun,Ford,Policy Holder,No,No,0.6743430687423555,High
14800,May,Toyota,Third Party,No,No,0.0787573684743019,Low
14801,Mar,Pontiac,Policy Holder,No,No,0.0884803173334987,Low
14802,Sep,Pontiac,Third Party,Yes,No,0.0004892414376394068,Low
14803,Dec,Honda,Policy Holder,No,No,0.6913245120706695,High
14804,Dec,Pontiac,Policy Holder,Yes,No,0.07338901934715743,Low
14805,Dec,Mazda,Policy Holder,No,No,0.10043380004639695,Low
14806,Dec,Pontiac,Policy Holder,No,No,0.03212885448062894,Low
14807,Sep,Toyota,Policy Holder,No,No,0.6955217851057914,High
14808,Sep,Mazda,Policy Holder,No,No,0.5733852878499829,Medium
14809,Mar,Mazda,Policy Holder,No,No,0.6465858595410147,High
14810,Mar,Toyota,Third Party,No,No,0.14681844948591863,Low
14811,Mar,Toyota,Policy Holder,No,No,0.8853872759146143,High
14812,Sep,Accura,Third Party,No,No,0.055682906955302425,Low
14813,Sep,Honda,Policy Holder,No,No,0.09981276680911164,Low
14814,Aug,Honda,Third Party,No,No,0.0542577392955796,Low
14815,Dec,Pontiac,Policy Holder,No,No,0.1014485099564638,Low
14816,Dec,Pontiac,Policy Holder,No,No,0.8538345487287071,High
14817,Feb,Mazda,Third Party,No,No,0.03311506300608963,Low
14818,Sep,Mazda,Third Party,No,No,0.0024339386826270396,Low
14819,Dec,VW,Policy Holder,No,No,0.025275283552030153,Low
14820,Oct,Dodge,Third Party,No,No,0.022027339105174078,Low
14821,Feb,Honda,Third Party,No,No,0.04545566514653607,Low
14822,Sep,Chevrolet,Policy Holder,No,No,0.5867637527950937,Medium
14823,Mar,Toyota,Policy Holder,No,No,0.8117982802586317,High
14824,Feb,Toyota,Policy Holder,No,No,0.1549693672804687,Low
14825,Jun,Toyota,Policy Holder,No,No,0.7186648256129969,High
14826,Apr,Honda,Policy Holder,No,No,0.6803575353079641,High
14827,Aug,Honda,Third Party,No,No,0.03472241679567928,Low
14828,Jul,Pontiac,Policy Holder,No,No,0.4334975520204287,Medium
14829,Nov,Pontiac,Policy Holder,No,No,0.06879669899176791,Low
14830,Oct,Pontiac,Policy Holder,No,No,0.631346822711338,High
14831,Dec,Ford,Policy Holder,No,No,0.6135140834533063,High
14832,Dec,Mazda,Third Party,No,No,0.0250678996394747,Low
14833,Nov,Pontiac,Policy Holder,No,No,0.42359712775725317,Medium
14834,Apr,Toyota,Policy Holder,No,No,0.9009705252106006,High
14835,Mar,Chevrolet,Policy Holder,Yes,No,0.7793855723696278,High
14836,Oct,Toyota,Third Party,No,No,0.0297332360871588,Low
14837,Nov,Toyota,Policy Holder,No,No,0.06192578190356238,Low
14838,Sep,Mazda,Policy Holder,No,No,0.48932688305454464,Medium
14839,Sep,Honda,Third Party,No,No,0.0028987692386714405,Low
14840,Dec,Toyota,Policy Holder,No,No,0.6049862951500934,High
14841,Apr,Honda,Third Party,No,No,0.026557036277842654,Low
14842,May,Pontiac,Policy Holder,No,No,0.8573667203506552,High
14843,Jun,Chevrolet,Policy Holder,No,No,0.8108541095507869,High
14844,May,Mazda,Policy Holder,No,No,0.08629604518495941,Low
14845,Jul,Pontiac,Third Party,No,No,0.05874466227191712,Low
14846,Jun,Honda,Policy Holder,No,No,0.5231979206195037,Medium
14847,Jun,Toyota,Policy Holder,No,No,0.6986707690119885,High
14848,Aug,Toyota,Policy Holder,No,No,0.6373879540695085,High
14849,Aug,Toyota,Third Party,No,No,0.06994411290378842,Low
14850,Aug,Chevrolet,Policy Holder,No,No,0.16325382114570985,Low
14851,Sep,Honda,Policy Holder,No,No,0.6009907640407471,High
14852,Sep,Pontiac,Third Party,No,No,0.04133783197500192,Low
14853,Oct,Honda,Policy Holder,No,No,0.11179481218271438,Low
14854,Dec,Pontiac,Policy Holder,No,No,0.06172971311817884,Low
14855,Dec,Honda,Third Party,No,No,0.0224788017832732,Low
14856,Dec,Toyota,Policy Holder,No,No,0.05728523623887389,Low
14857,Dec,Pontiac,Third Party,No,No,0.022185150576280708,Low
14858,Apr,Pontiac,Policy Holder,No,No,0.8228436915670676,High
14859,Jun,Pontiac,Policy Holder,No,No,0.14741248863700446,Low
14860,Apr,Pontiac,Policy Holder,No,No,0.09583941657934615,Low
14861,Apr,Toyota,Policy Holder,No,No,0.8522931416673019,High
14862,Nov,Honda,Policy Holder,No,No,0.3732752603910195,Medium
14863,Oct,Chevrolet,Third Party,No,No,0.0006807893221141031,Low
14864,Nov,Pontiac,Third Party,No,No,0.0018863239652909224,Low
14865,Oct,Mazda,Policy Holder,No,No,0.6168488703739662,High
14866,Oct,Toyota,Third Party,No,No,0.04581106787072724,Low
14867,Jul,Pontiac,Third Party,No,No,0.06847211726939956,Low
14868,Jun,Accura,Policy Holder,No,No,0.2533168512647387,Low
14869,Jun,Honda,Policy Holder,No,No,0.08258450916310417,Low
14870,Nov,Mazda,Policy Holder,No,No,0.4305637659291236,Medium
14871,Nov,Pontiac,Third Party,No,No,0.02839303295621662,Low
14872,Sep,Mazda,Policy Holder,No,No,0.12592179254100352,Low
14873,May,Toyota,Policy Holder,No,No,0.12986187834950338,Low
14874,May,Mazda,Policy Holder,No,No,0.11486817972866252,Low
14875,May,VW,Policy Holder,No,No,0.03874382331517957,Low
14876,Oct,Honda,Policy Holder,No,No,0.5605753408753464,Medium
14877,Oct,VW,Policy Holder,No,No,0.06232797921488166,Low
14878,May,Pontiac,Third Party,No,No,0.04992494595755979,Low
14879,May,Pontiac,Policy Holder,No,No,0.7923125071876428,High
14880,Jun,Pontiac,Third Party,No,No,0.10468197529382467,Low
14881,Nov,Toyota,Policy Holder,Yes,No,0.013371421478531431,Low
14882,Dec,Pontiac,Third Party,No,No,0.04197163270391289,Low
14883,Oct,Pontiac,Third Party,No,No,0.040553244909284976,Low
14884,Sep,Pontiac,Policy Holder,No,No,0.6367248940645631,High
14885,Sep,Honda,Policy Holder,No,No,0.6431584383558973,High
14886,Nov,Mazda,Policy Holder,No,No,0.04244187975780174,Low
14887,Aug,Toyota,Policy Holder,No,No,0.7696933173866417,High
14888,Aug,Toyota,Third Party,No,No,0.08010187771467135,Low
14889,Jul,Pontiac,Third Party,No,No,0.03217477221793995,Low
14890,Apr,Pontiac,Third Party,No,No,0.05325418673351904,Low
14891,Sep,Mazda,Policy Holder,No,No,0.43462931294803786,Medium
14892,May,Honda,Policy Holder,No,No,0.7550835430547975,High
14893,May,Mazda,Policy Holder,No,No,0.8023224744638217,High
14894,May,VW,Policy Holder,No,No,0.4132653055579868,Medium
14895,Jul,Toyota,Third Party,No,No,0.04766284244951556,Low
14896,Jul,Honda,Policy Holder,No,No,0.3248535949779666,Medium
14897,Oct,Honda,Third Party,No,No,0.022981595628541,Low
14898,Oct,Pontiac,Policy Holder,No,No,0.6364527613650176,High
14899,Dec,Pontiac,Third Party,No,No,0.0299522016998234,Low
14900,Oct,Chevrolet,Policy Holder,No,No,0.1830770213073514,Low
14901,May,Pontiac,Policy Holder,No,No,0.6608083403173113,High
14902,May,Mazda,Policy Holder,No,No,0.6984255830346641,High
14903,May,Mazda,Policy Holder,No,No,0.14300752635341013,Low
14904,May,Ford,Policy Holder,No,No,0.8174091485849848,High
14905,Sep,Honda,Policy Holder,No,No,0.07183826605373214,Low
14906,Oct,Toyota,Policy Holder,No,No,0.744036557878393,High
14907,Dec,Honda,Policy Holder,No,No,0.6729051636565412,High
14908,Dec,Mazda,Third Party,Yes,No,0.02819900349273827,Low
14909,Oct,Mazda,Third Party,No,No,0.056916236879640016,Low
14910,Dec,Mazda,Policy Holder,No,No,0.15178270721902334,Low
14911,Nov,Pontiac,Third Party,No,No,0.028597412401697827,Low
14912,Oct,Toyota,Policy Holder,No,No,0.8306568776753437,High
14913,Sep,Pontiac,Policy Holder,No,No,0.5806109043666305,Medium
14914,Sep,Chevrolet,Third Party,No,No,0.0036730464795234406,Low
14915,Sep,Honda,Third Party,No,No,0.043481355100600125,Low
14916,Jun,Mazda,Third Party,No,No,0.06363745359064667,Low
14917,May,Honda,Policy Holder,No,No,0.7718702704525164,High
14918,May,Honda,Policy Holder,No,No,0.3372430163627057,Medium
14919,Dec,Pontiac,Policy Holder,No,No,0.7296756072044523,High
14920,Oct,Toyota,Third Party,No,No,0.001970046224664116,Low
14921,Oct,Honda,Policy Holder,No,No,0.5307975613336662,Medium
14922,Sep,Honda,Third Party,No,No,0.030389746785445662,Low
14923,Sep,Dodge,Third Party,No,No,0.0010915158310574932,Low
14924,Aug,Mazda,Policy Holder,No,No,0.5606721723789575,Medium
14925,Jul,Toyota,Policy Holder,No,No,0.12567103944303082,Low
14926,Jul,VW,Policy Holder,No,No,0.36661655376699737,Medium
14927,Jul,Saturn,Policy Holder,No,No,0.6901793985106318,High
14928,Oct,Honda,Third Party,No,No,0.02879329451336556,Low
14929,May,Chevrolet,Policy Holder,No,No,0.6316873879399212,High
14930,May,Pontiac,Policy Holder,No,No,0.6998539684713179,High
14931,May,Mazda,Third Party,No,No,0.06122807632336255,Low
14932,Apr,Honda,Policy Holder,No,No,0.6163397595695812,High
14933,Oct,Pontiac,Third Party,No,No,0.029489361875368995,Low
14934,Oct,Chevrolet,Policy Holder,No,No,0.08709877434270295,Low
14935,Sep,Pontiac,Third Party,No,No,0.04653728683927182,Low
14936,Apr,Pontiac,Policy Holder,No,No,0.6691363377294197,High
14937,Apr,Ford,Policy Holder,No,No,0.850286502000478,High
14938,Apr,Toyota,Policy Holder,No,No,0.8017961012289676,High
14939,Jul,Honda,Policy Holder,No,No,0.15182363793114412,Low
14940,Oct,Toyota,Third Party,No,No,0.08021269612235699,Low
14941,Jan,Toyota,Policy Holder,No,No,0.12654303900721098,Low
14942,Jan,Pontiac,Policy Holder,No,No,0.533069883391702,Medium
14943,Oct,Toyota,Policy Holder,No,No,0.783240624970481,High
14944,Nov,Dodge,Policy Holder,No,No,0.9138718255597735,High
14945,Nov,Toyota,Policy Holder,No,No,0.4142520649299469,Medium
14946,Nov,Pontiac,Policy Holder,No,No,0.046291499666022806,Low
14947,Feb,Chevrolet,Policy Holder,No,No,0.644327794479027,High
14948,Jun,Toyota,Third Party,No,No,0.004846056134798095,Low
14949,Oct,Toyota,Third Party,No,No,0.05851716295444538,Low
14950,May,Mazda,Policy Holder,No,No,0.06998061180330724,Low
14951,May,VW,Policy Holder,No,No,0.48623091777424104,Medium
14952,Oct,Toyota,Policy Holder,Yes,No,0.8029317804577254,High
14953,Oct,Chevrolet,Policy Holder,No,No,0.5868958410157279,Medium
14954,Oct,Pontiac,Third Party,No,No,0.03718109211891384,Low
14955,Dec,Pontiac,Policy Holder,No,No,0.5098029425059832,Medium
14956,Dec,Pontiac,Policy Holder,No,No,0.07263633192654262,Low
14957,Apr,Toyota,Third Party,No,No,0.05707035797816686,Low
14958,Jul,Honda,Policy Holder,No,No,0.5342432919607761,Medium
14959,Oct,Accura,Third Party,No,No,0.0417738205656092,Low
14960,Jul,Pontiac,Policy Holder,No,No,0.03884623077171517,Low
14961,Dec,Pontiac,Third Party,No,No,0.02935706984172179,Low
14962,Jan,Chevrolet,Policy Holder,No,No,0.6940574773395971,High
14963,May,Mazda,Policy Holder,No,No,0.6233560707386282,High
14964,May,Pontiac,Third Party,No,No,0.11271483774880048,Low
14965,May,Mazda,Third Party,No,No,0.0043057320079339075,Low
14966,Aug,Pontiac,Policy Holder,No,No,0.7345027783145469,High
14967,Jun,Mazda,Policy Holder,No,No,0.08416479137506472,Low
14968,Jun,Honda,Policy Holder,No,No,0.18859915645406408,Low
14969,Sep,Toyota,Third Party,No,No,0.06475948645604554,Low
14970,Oct,Chevrolet,Third Party,No,No,0.0548124224673975,Low
14971,Nov,Pontiac,Policy Holder,No,No,0.05092883377568492,Low
14972,Sep,Mazda,Third Party,No,No,0.04333026370522692,Low
14973,Oct,Pontiac,Third Party,No,No,0.05845369474507792,Low
14974,Dec,Toyota,Third Party,No,No,0.01617923784738237,Low
14975,Dec,Pontiac,Policy Holder,No,No,0.6361057406692149,High
14976,Dec,Toyota,Policy Holder,No,No,0.6883041186469752,High
14977,Mar,Toyota,Policy Holder,No,No,0.18611244125185994,Low
14978,May,Pontiac,Policy Holder,No,No,0.6837676571275096,High
14979,Oct,Pontiac,Policy Holder,No,No,0.76885916834467,High
14980,Aug,Mazda,Policy Holder,No,No,0.6750976266198863,High
14981,Aug,Mazda,Policy Holder,No,No,0.04699644876914809,Low
14982,Dec,Toyota,Policy Holder,No,No,0.5763493726597709,Medium
14983,Dec,Honda,Policy Holder,No,No,0.10202083354932258,Low
14984,Dec,Honda,Policy Holder,No,No,0.8094095896660268,High
14985,Sep,Honda,Policy Holder,No,No,0.47418397993810313,Medium
14986,Sep,Mazda,Third Party,No,No,0.035703428998865236,Low
14987,Sep,Chevrolet,Policy Holder,No,No,0.15760001499753007,Low
14988,Aug,Pontiac,Policy Holder,No,No,0.19646939183425746,Low
14989,Jul,Toyota,Policy Holder,No,No,0.5740885515462434,Medium
14990,May,Toyota,Policy Holder,No,No,0.12080127238979396,Low
14991,Dec,Mazda,Third Party,No,No,0.04897029964234082,Low
14992,Dec,Pontiac,Policy Holder,No,No,0.09611260718562448,Low
14993,Dec,Ford,Policy Holder,No,No,0.0940370385931485,Low
14994,Mar,Toyota,Policy Holder,No,No,0.11314464368509464,Low
14995,Mar,Chevrolet,Policy Holder,No,No,0.7937084018554706,High
14996,Dec,Honda,Policy Holder,No,No,0.4726767034452326,Medium
14997,Dec,Pontiac,Policy Holder,No,No,0.08035327107514133,Low
14998,Oct,Mercury,Policy Holder,No,No,0.8519453866322579,High
14999,Oct,Honda,Third Party,No,No,0.0701361624243865,Low
15000,Nov,Accura,Policy Holder,No,No,0.47234270954435703,Medium
15001,Jan,Pontiac,Policy Holder,No,No,0.07222815846628117,Low
15002,Oct,Chevrolet,Policy Holder,No,No,0.08774243034968626,Low
15003,Nov,Mazda,Policy Holder,No,No,0.03978083570587297,Low
15004,Nov,Ford,Third Party,No,No,0.002224533659247171,Low
15005,Jul,Pontiac,Policy Holder,No,No,0.09465650706603879,Low
15006,Jun,Pontiac,Policy Holder,No,No,0.08273734510746852,Low
15007,Apr,Pontiac,Policy Holder,No,No,0.11484933317115704,Low
15008,Jan,Mercury,Policy Holder,No,No,0.7001225177282255,High
15009,Oct,Toyota,Policy Holder,Yes,No,0.07889516745211957,Low
15010,Oct,Mazda,Third Party,No,No,0.073706790602379,Low
15011,Oct,Honda,Third Party,No,No,0.03323367925295989,Low
15012,Oct,Pontiac,Policy Holder,No,No,0.16193760384764314,Low
15013,Jun,Pontiac,Policy Holder,No,No,0.11549861686936515,Low
15014,Jun,Honda,Policy Holder,No,No,0.7309699101104473,High
15015,Apr,Accura,Policy Holder,No,No,0.7517409542771061,High
15016,Nov,Pontiac,Policy Holder,No,No,0.5262416720716238,Medium
15017,Aug,Mazda,Third Party,No,No,0.03973653696232735,Low
15018,Jul,Chevrolet,Third Party,No,No,0.03485570404988358,Low
15019,Jun,Mazda,Third Party,No,No,0.0020551462133548766,Low
15020,Jun,Mazda,Policy Holder,No,No,0.6981153406333884,High
15021,Jan,Toyota,Policy Holder,No,No,0.7082762674755655,High
15022,Jul,Honda,Policy Holder,No,No,0.5245935552638745,Medium
15023,Sep,Toyota,Policy Holder,No,No,0.11407197153621393,Low
15024,Sep,Toyota,Third Party,No,No,0.03580046222080074,Low
15025,Dec,Mazda,Policy Holder,No,No,0.5392453612684603,Medium
15026,May,Honda,Policy Holder,No,No,0.702299225495211,High
15027,May,Mazda,Third Party,No,No,0.039885295382127546,Low
15028,Jun,Toyota,Policy Holder,No,No,0.12148732297044947,Low
15029,Sep,Honda,Third Party,Yes,No,0.03910230826693323,Low
15030,Oct,Toyota,Policy Holder,No,No,0.8086519588898851,High
15031,Dec,Pontiac,Policy Holder,Yes,No,0.5368260519429191,Medium
15032,Dec,Honda,Policy Holder,No,No,0.5762603997561502,Medium
15033,Dec,Honda,Policy Holder,No,No,0.11617103471204164,Low
15034,Dec,Chevrolet,Policy Holder,No,No,0.5815046839938891,Medium
15035,Dec,Mazda,Third Party,Yes,No,0.002023187697724792,Low
15036,Nov,Pontiac,Third Party,No,No,0.0002454001081835247,Low
15037,Oct,Honda,Policy Holder,No,No,0.08317319965706362,Low
15038,Aug,Chevrolet,Policy Holder,No,No,0.6686333280855317,High
15039,May,Chevrolet,Policy Holder,No,No,0.09398298237874828,Low
15040,May,Toyota,Policy Holder,No,No,0.6034437264466216,High
15041,Dec,Pontiac,Third Party,No,No,0.001985998260797425,Low
15042,Dec,Chevrolet,Third Party,No,No,0.05800394451471073,Low
15043,Mar,Mazda,Policy Holder,No,No,0.7366049932317555,High
15044,Jul,Toyota,Third Party,No,No,0.021138667543434356,Low
15045,Oct,Chevrolet,Policy Holder,No,No,0.7540182067854531,High
15046,Oct,Mazda,Third Party,No,No,0.867041553337085,High
15047,Oct,Chevrolet,Policy Holder,No,No,0.06055205003918994,Low
15048,Jul,Toyota,Policy Holder,No,No,0.0843461882872016,Low
15049,Apr,Chevrolet,Policy Holder,No,No,0.809204189146076,High
15050,May,Pontiac,Third Party,No,No,0.0028638238079536473,Low
15051,May,Chevrolet,Third Party,No,No,0.05080288433988344,Low
15052,May,Toyota,Policy Holder,No,No,0.834278041608236,High
15053,May,Pontiac,Policy Holder,No,No,0.6768019084196807,High
15054,Jun,Pontiac,Third Party,No,No,0.045341658656308736,Low
15055,Jul,Honda,Third Party,No,No,0.0026615167020534462,Low
15056,Oct,Pontiac,Third Party,No,No,0.07221776514068844,Low
15057,Oct,Mazda,Third Party,No,No,0.04362661462105684,Low
15058,Oct,Accura,Policy Holder,No,No,0.658057282466194,High
15059,Oct,Mazda,Third Party,No,No,0.041215700727287835,Low
15060,Jan,Chevrolet,Third Party,No,No,0.18262234560410284,Low
15061,Mar,Honda,Policy Holder,No,No,0.09274916775251615,Low
15062,Oct,Accura,Policy Holder,No,No,0.7921712896596373,High
15063,Nov,Pontiac,Policy Holder,No,No,0.03992386287752493,Low
15064,Aug,Honda,Policy Holder,No,No,0.2837641708635195,Low
15065,Jun,Honda,Policy Holder,No,No,0.10517157587213347,Low
15066,Oct,Honda,Policy Holder,No,No,0.8545150817053326,High
15067,Sep,Pontiac,Policy Holder,No,No,0.14280857149733564,Low
15068,Oct,Ford,Policy Holder,No,No,0.054243161533929204,Low
15069,Sep,Ford,Third Party,No,No,0.004496096906287579,Low
15070,Sep,Pontiac,Policy Holder,No,No,0.6447493751986673,High
15071,Aug,Honda,Policy Holder,No,No,0.573783898251818,Medium
15072,Sep,Pontiac,Policy Holder,No,No,0.5542651210914565,Medium
15073,Dec,Chevrolet,Third Party,No,No,0.030581641259507204,Low
15074,Jul,Toyota,Policy Holder,No,No,0.08214947997620525,Low
15075,Mar,Mercury,Third Party,No,No,0.1410646086066378,Low
15076,Jul,Chevrolet,Policy Holder,No,No,0.059677811420853336,Low
15077,Sep,Toyota,Policy Holder,No,No,0.09408382600358865,Low
15078,Sep,Mazda,Third Party,No,No,0.025304315609529348,Low
15079,Sep,Toyota,Third Party,No,No,0.04620318882046818,Low
15080,Oct,Honda,Third Party,No,No,0.03385248223655603,Low
15081,Nov,Honda,Policy Holder,No,No,0.02892800967035346,Low
15082,Oct,Toyota,Policy Holder,No,No,0.0470972733748015,Low
15083,Oct,Toyota,Third Party,No,No,0.0017680118973340308,Low
15084,Oct,Honda,Policy Holder,No,No,0.618668123538891,High
15085,Sep,Toyota,Third Party,No,No,0.0014672931562688535,Low
15086,Sep,Honda,Policy Holder,No,No,0.0977200567441467,Low
15087,Aug,Honda,Third Party,No,No,0.11271767146440292,Low
15088,Oct,Honda,Policy Holder,No,No,0.5415856980467996,Medium
15089,May,Honda,Policy Holder,No,No,0.08513933250906593,Low
15090,Oct,Saturn,Policy Holder,No,No,0.8319882712255237,High
15091,Aug,Mazda,Policy Holder,No,No,0.7012012764753843,High
15092,Jul,Toyota,Third Party,No,No,0.021353615982465268,Low
15093,Mar,Mazda,Policy Holder,No,No,0.1273399426057375,Low
15094,Oct,Pontiac,Policy Holder,No,No,0.7896309211673455,High
15095,Oct,Honda,Third Party,No,No,0.04601125852465697,Low
15096,May,Pontiac,Policy Holder,No,No,0.0837107298641612,Low
15097,Nov,Toyota,Third Party,No,No,0.05053400991417957,Low
15098,Jul,Chevrolet,Third Party,No,No,0.06714029157835442,Low
15099,Jun,Pontiac,Policy Holder,No,No,0.6367847228511354,High
15100,May,Mazda,Policy Holder,No,No,0.6305055802421538,High
15101,Jan,Chevrolet,Third Party,No,No,0.005116728110599662,Low
15102,Jan,Toyota,Policy Holder,No,No,0.13749393617778952,Low
15103,Jan,Pontiac,Policy Holder,No,No,0.6917245037928221,High
15104,Nov,Pontiac,Third Party,No,No,0.04126118634056436,Low
15105,Oct,Ford,Policy Holder,No,No,0.1261086957617013,Low
15106,Jan,Pontiac,Policy Holder,No,No,0.7274820477338634,High
15107,Oct,Mazda,Policy Holder,No,No,0.7432188592032369,High
15108,Sep,Toyota,Policy Holder,No,No,0.14213961837337186,Low
15109,Jun,Toyota,Policy Holder,No,No,0.2950043664075251,Low
15110,Jun,Toyota,Policy Holder,No,No,0.5781096979670457,Medium
15111,Dec,Pontiac,Policy Holder,No,No,0.48633824144315985,Medium
15112,Oct,Honda,Policy Holder,No,No,0.6631935768438891,High
15113,Mar,Mazda,Third Party,Yes,No,0.0030879295764329024,Low
15114,Jul,Mazda,Policy Holder,No,No,0.08236939219002379,Low
15115,Sep,Mazda,Policy Holder,No,No,0.07927750651182491,Low
15116,Oct,Honda,Policy Holder,No,No,0.43926088697795196,Medium
15117,Oct,Pontiac,Policy Holder,No,No,0.5562616489270499,Medium
15118,Oct,Honda,Policy Holder,No,No,0.49585355912150636,Medium
15119,Sep,Toyota,Policy Holder,No,No,0.6111826451162083,High
15120,Jun,Pontiac,Policy Holder,No,No,0.692851979288744,High
15121,Oct,Chevrolet,Policy Holder,No,No,0.6534132065390192,High
15122,Nov,Mazda,Policy Holder,No,No,0.41603704719840134,Medium
15123,Aug,Honda,Policy Holder,No,No,0.11960404419235558,Low
15124,Aug,Toyota,Third Party,No,No,0.1478384841527291,Low
15125,Jul,Honda,Policy Holder,No,No,0.04061073258190839,Low
15126,Feb,Mazda,Policy Holder,No,No,0.43220159058149377,Medium
15127,Jan,Pontiac,Policy Holder,No,No,0.7118696420957353,High
15128,Jan,Mazda,Policy Holder,No,No,0.4680075884434941,Medium
15129,Jan,Honda,Third Party,No,No,0.002395551928989256,Low
15130,Apr,Pontiac,Policy Holder,No,No,0.6401592040633429,High
15131,Oct,Pontiac,Policy Holder,No,No,0.4037567534129769,Medium
15132,Oct,Pontiac,Third Party,No,No,0.05060989817386221,Low
15133,Oct,Toyota,Third Party,No,No,0.04483912491152699,Low
15134,Jun,Mazda,Third Party,No,No,0.002746486948591969,Low
15135,Jun,Pontiac,Third Party,No,No,0.06755905616684003,Low
15136,May,Mazda,Policy Holder,No,No,0.7145872257599143,High
15137,Oct,Pontiac,Third Party,No,No,0.07968844990451361,Low
15138,Jan,Honda,Third Party,No,No,0.029810965345829627,Low
15139,May,Pontiac,Policy Holder,No,No,0.6454246869203187,High
15140,Sep,Ford,Policy Holder,No,No,0.12734995237958935,Low
15141,Aug,Honda,Third Party,No,No,0.04632384875946598,Low
15142,Sep,Mazda,Policy Holder,No,No,0.10060967941318892,Low
15143,Nov,Pontiac,Policy Holder,No,No,0.06236090766409571,Low
15144,Oct,Toyota,Policy Holder,No,No,0.7829260595651115,High
15145,Dec,Honda,Policy Holder,No,No,0.07683477044220113,Low
15146,Dec,Mazda,Policy Holder,No,No,0.04601048314533151,Low
15147,Feb,Toyota,Third Party,No,No,0.05297087562661114,Low
15148,Jun,Toyota,Policy Holder,No,No,0.8830494182787847,High
15149,Jun,Pontiac,Policy Holder,No,No,0.5218971763583523,Medium
15150,Aug,Toyota,Policy Holder,No,No,0.07781231190703994,Low
15151,Aug,Pontiac,Policy Holder,Yes,No,0.6572933964690155,High
15152,Jul,Toyota,Policy Holder,No,No,0.056223107223885516,Low
15153,May,Honda,Policy Holder,No,No,0.08550274750376785,Low
15154,Jul,Chevrolet,Policy Holder,No,No,0.5403621001293245,Medium
15155,Sep,Honda,Policy Holder,No,No,0.5646325665188737,Medium
15156,Oct,Chevrolet,Policy Holder,No,No,0.05515013529798247,Low
15157,Oct,Toyota,Policy Holder,No,No,0.14790663096620596,Low
15158,Oct,Toyota,Third Party,No,No,0.11500580744558818,Low
15159,Jun,Chevrolet,Policy Holder,Yes,No,0.31739659806708614,Medium
15160,Oct,Pontiac,Policy Holder,No,No,0.6972610730742842,High
15161,Dec,Pontiac,Third Party,No,No,0.05993911799496894,Low
15162,Nov,Pontiac,Policy Holder,No,No,0.5472663694569021,Medium
15163,Jun,Toyota,Policy Holder,No,No,0.6327569024487665,High
15164,Mar,Toyota,Third Party,No,No,0.019999144510716153,Low
15165,Oct,Chevrolet,Third Party,No,No,0.07326674708323488,Low
15166,Dec,Accura,Policy Holder,No,No,0.06382901377725443,Low
15167,Jan,Mazda,Policy Holder,No,No,0.6290370701556459,High
15168,Aug,Toyota,Third Party,No,No,0.0038936891047815976,Low
15169,Oct,Pontiac,Policy Holder,No,No,0.08839552853955136,Low
15170,Oct,Toyota,Policy Holder,No,No,0.7055037180461569,High
15171,Sep,Pontiac,Policy Holder,No,No,0.056932260405209996,Low
15172,Jun,Honda,Third Party,No,No,0.009569215259336086,Low
15173,Sep,Toyota,Third Party,No,No,0.04254104135687792,Low
15174,Sep,Pontiac,Policy Holder,No,No,0.07832807916442319,Low
15175,Oct,Honda,Policy Holder,No,No,0.07539274940178323,Low
15176,Oct,Pontiac,Policy Holder,No,No,0.10966891687822398,Low
15177,May,Mazda,Third Party,No,No,0.07468141028300027,Low
15178,May,Honda,Policy Holder,No,No,0.10790918270187458,Low
15179,Jun,Mazda,Policy Holder,No,No,0.5835863849460553,Medium
15180,Jul,Honda,Policy Holder,No,No,0.33448096561644525,Medium
15181,Mar,Mazda,Third Party,No,No,0.028271881740833147,Low
15182,Oct,Toyota,Policy Holder,No,No,0.5791490575432756,Medium
15183,Oct,Pontiac,Policy Holder,No,No,0.08689000378235044,Low
15184,Jun,Honda,Policy Holder,No,No,0.07582175886801315,Low
15185,Oct,Chevrolet,Policy Holder,No,No,0.18449618776634136,Low
15186,Jun,Toyota,Policy Holder,No,No,0.6371255915822439,High
15187,Jul,Chevrolet,Policy Holder,No,No,0.5367170531418607,Medium
15188,Aug,Pontiac,Policy Holder,No,No,0.11087501370957052,Low
15189,Aug,Toyota,Policy Holder,No,No,0.7031806775656007,High
15190,Jun,Mazda,Policy Holder,No,No,0.5483550107731393,Medium
15191,Jul,Pontiac,Policy Holder,No,No,0.07268418563725859,Low
15192,May,Pontiac,Third Party,No,No,0.09420787753204532,Low
15193,Apr,Pontiac,Policy Holder,No,No,0.6983673326103282,High
15194,Oct,Honda,Policy Holder,No,No,0.7197598155238557,High
15195,Nov,Mazda,Policy Holder,No,No,0.04338279507498574,Low
15196,Feb,Pontiac,Policy Holder,No,No,0.17093107582653658,Low
15197,Jul,Ford,Policy Holder,No,No,0.5517882305591306,Medium
15198,Oct,Mazda,Policy Holder,No,No,0.2369077729697164,Low
15199,Dec,VW,Policy Holder,No,No,0.39546951535389807,Medium
15200,Oct,Pontiac,Third Party,No,No,0.04460596380841958,Low
15201,Oct,Honda,Third Party,No,No,0.0518787385820476,Low
15202,Sep,Mazda,Policy Holder,No,No,0.6986182266939895,High
15203,Apr,Honda,Third Party,No,No,0.022395303093972457,Low
15204,Apr,Saab,Policy Holder,No,No,0.797371616242589,High
15205,Mar,Pontiac,Policy Holder,No,No,0.4778095500651646,Medium
15206,Oct,Ford,Third Party,No,No,0.07221785207644828,Low
15207,Feb,Pontiac,Policy Holder,No,No,0.6814678777732874,High
15208,Feb,Mazda,Policy Holder,No,No,0.07702822263456019,Low
15209,Jan,Toyota,Third Party,No,No,0.07188391762481873,Low
15210,Jan,Mazda,Policy Holder,No,No,0.07543437099009252,Low
15211,Jan,Toyota,Policy Holder,No,No,0.17500208983749446,Low
15212,Jan,Toyota,Third Party,No,No,0.03412512694485914,Low
15213,Jan,Mazda,Third Party,No,No,0.03030641582410445,Low
15214,Jan,Pontiac,Policy Holder,No,No,0.5659858913474143,Medium
15215,Jan,Accura,Policy Holder,No,No,0.6835891568615725,High
15216,Jan,Mazda,Policy Holder,No,No,0.6817903704797482,High
15217,Jan,Pontiac,Third Party,No,No,0.003506673430942278,Low
15218,Jan,Pontiac,Third Party,No,No,0.04353405093880414,Low
15219,Jan,Mazda,Policy Holder,No,No,0.11844580265711353,Low
15220,Jan,Toyota,Policy Holder,No,No,0.12180499044565926,Low
15221,Oct,Toyota,Third Party,No,No,0.03805973750461617,Low
15222,Dec,Pontiac,Policy Holder,No,No,0.572825486712643,Medium
15223,Dec,Mazda,Policy Holder,No,No,0.3977585833680955,Medium
15224,Dec,Honda,Third Party,No,No,0.025809173104643285,Low
15225,Oct,Toyota,Policy Holder,No,No,0.15488326404661865,Low
15226,Oct,Pontiac,Policy Holder,No,No,0.20007112486282635,Low
15227,Jul,Accura,Policy Holder,No,No,0.6512326486248692,High
15228,Oct,Toyota,Third Party,No,No,0.029617993227523294,Low
15229,Mar,Pontiac,Third Party,No,No,0.10124998414258707,Low
15230,Mar,Pontiac,Third Party,No,No,0.0035301174168057285,Low
15231,Oct,Chevrolet,Third Party,No,No,0.031588021519523814,Low
15232,Dec,Chevrolet,Third Party,No,No,0.046647270246143464,Low
15233,Dec,Mazda,Policy Holder,No,No,0.020788286109285885,Low
15234,Mar,VW,Policy Holder,No,No,0.4543964574235008,Medium
15235,Mar,Pontiac,Policy Holder,No,No,0.16218504753369867,Low
15236,Feb,Pontiac,Policy Holder,No,No,0.5973629905723234,Medium
15237,Feb,Toyota,Policy Holder,No,No,0.10201710577893928,Low
15238,Jan,Chevrolet,Policy Holder,No,No,0.5628371702470826,Medium
15239,Jan,Pontiac,Third Party,No,No,0.06847308501844655,Low
15240,Oct,Chevrolet,Third Party,Yes,No,0.15628619712975328,Low
15241,Apr,Ford,Policy Holder,No,No,0.2423600767370855,Low
15242,Jun,Mazda,Third Party,No,No,0.049047066494639156,Low
15243,May,Chevrolet,Policy Holder,No,No,0.8801353225632005,High
15244,May,Honda,Policy Holder,No,No,0.1562430691778458,Low
15245,Jun,Honda,Policy Holder,No,No,0.6060219035349563,High
15246,Apr,Mazda,Policy Holder,No,No,0.6717662112435475,High
15247,Jun,Chevrolet,Third Party,No,No,0.11250877096329968,Low
15248,Jun,Chevrolet,Third Party,No,No,0.02093042151283782,Low
15249,Jun,Pontiac,Policy Holder,No,No,0.05514992460255977,Low
15250,Jul,Toyota,Third Party,No,No,0.7002299271966677,High
15251,Nov,Toyota,Policy Holder,No,No,0.05140606807655337,Low
15252,Jun,Pontiac,Third Party,No,No,0.08963416289148875,Low
15253,Nov,Pontiac,Policy Holder,No,No,0.554622400461374,Medium
15254,Feb,Mercury,Third Party,No,No,0.0987673630993142,Low
15255,Feb,Pontiac,Policy Holder,No,No,0.09686692347904036,Low
15256,May,Dodge,Policy Holder,No,No,0.05588003675303036,Low
15257,May,Pontiac,Third Party,No,No,0.09287790740147109,Low
15258,Aug,Pontiac,Policy Holder,No,No,0.6821439732268249,High
15259,Jul,Chevrolet,Policy Holder,No,No,0.45786661059084066,Medium
15260,Oct,Chevrolet,Policy Holder,No,No,0.06660142506543695,Low
15261,Dec,Honda,Third Party,No,No,0.06271609653113733,Low
15262,Oct,Toyota,Third Party,No,No,0.036710168403916936,Low
15263,Mar,Honda,Policy Holder,No,No,0.1709563283827386,Low
15264,Jul,Pontiac,Policy Holder,Yes,No,0.49563482918857577,Medium
15265,Oct,Toyota,Third Party,No,No,0.04534637068946097,Low
15266,Oct,Chevrolet,Policy Holder,No,No,0.11471439042137829,Low
15267,Oct,Dodge,Third Party,No,No,0.022238879556595943,Low
15268,Sep,Mazda,Policy Holder,No,No,0.07142765178302474,Low
15269,Jan,VW,Policy Holder,No,No,0.026385135878343315,Low
15270,May,Mazda,Policy Holder,No,No,0.12429289038035021,Low
15271,Aug,Honda,Third Party,No,No,0.041138933376227454,Low
15272,Jun,Pontiac,Third Party,No,No,0.004791198312966234,Low
15273,Oct,Toyota,Third Party,No,No,0.044029790270358866,Low
15274,Mar,Accura,Policy Holder,No,No,0.8091350078487808,High
15275,Apr,Honda,Third Party,No,No,0.08308364179618803,Low
15276,Jul,Toyota,Policy Holder,No,No,0.7199784740862792,High
15277,Mar,Toyota,Third Party,No,No,0.15281982020731408,Low
15278,Mar,Accura,Policy Holder,No,No,0.10780852215563697,Low
15279,Dec,Honda,Policy Holder,No,No,0.5524491946788825,Medium
15280,Feb,Mazda,Policy Holder,No,No,0.6888799315960638,High
15281,Jan,Pontiac,Policy Holder,No,No,0.5408548196043673,Medium
15282,Jun,Mazda,Third Party,No,No,0.03676651459895083,Low
15283,May,Mazda,Policy Holder,No,No,0.10358642783361757,Low
15284,Oct,Chevrolet,Policy Holder,No,No,0.7969659903403418,High
15285,Aug,Honda,Third Party,No,No,0.09002370304351837,Low
15286,Aug,Pontiac,Policy Holder,No,No,0.1332865752404882,Low
15287,Nov,Honda,Policy Holder,No,No,0.6154706047947086,High
15288,Aug,Mazda,Policy Holder,No,No,0.6465362451144752,High
15289,Jun,Toyota,Third Party,No,No,0.0968619567153186,Low
15290,Aug,Chevrolet,Policy Holder,No,No,0.6494973515175196,High
15291,Nov,Honda,Policy Holder,No,No,0.7019164731426942,High
15292,Oct,Ford,Policy Holder,No,No,0.8124239773031435,High
15293,Jan,Pontiac,Policy Holder,No,No,0.13244332051265098,Low
15294,Jan,Accura,Policy Holder,No,No,0.7302730990269258,High
15295,Jan,Mazda,Policy Holder,No,No,0.11617060161422649,Low
15296,Aug,Honda,Policy Holder,No,No,0.060756489978841643,Low
15297,Nov,Toyota,Policy Holder,No,No,0.6292501324453872,High
15298,Nov,Chevrolet,Third Party,No,No,0.02836626016959257,Low
15299,Sep,Toyota,Policy Holder,No,No,0.6349788219057423,High
15300,Jun,Ford,Policy Holder,No,No,0.8570537751408274,High
15301,Jun,Pontiac,Third Party,No,No,0.7749420260928115,High
15302,Jul,Mazda,Policy Holder,No,No,0.05507907627041367,Low
15303,Feb,Honda,Third Party,No,No,0.0017265389666003693,Low
15304,Feb,Honda,Policy Holder,No,No,0.756295548072366,High
15305,Oct,Toyota,Policy Holder,No,No,0.7438447657929644,High
15306,Oct,Pontiac,Policy Holder,No,No,0.6201691259459635,High
15307,Feb,Toyota,Policy Holder,No,No,0.11009433617088218,Low
15308,Feb,Pontiac,Policy Holder,No,No,0.10460036193018303,Low
15309,Nov,Saab,Policy Holder,No,No,0.6982518352999716,High
15310,Mar,Chevrolet,Policy Holder,No,No,0.12234642257374179,Low
15311,Mar,Toyota,Policy Holder,No,No,0.18676589287916653,Low
15312,Oct,Pontiac,Policy Holder,No,No,0.6036634083470845,High
15313,Jan,Mazda,Policy Holder,No,No,0.6621052519932946,High
15314,Jan,Honda,Policy Holder,No,No,0.12739835424405813,Low
15315,Jan,Pontiac,Policy Holder,No,No,0.08641809459903273,Low
15316,Dec,Chevrolet,Policy Holder,No,No,0.08113077908579595,Low
15317,Feb,Mazda,Third Party,No,No,0.06920917458411568,Low
15318,May,Mazda,Policy Holder,No,No,0.07700662487085137,Low
15319,Mar,Pontiac,Policy Holder,No,No,0.7802288286469007,High
15320,Mar,Pontiac,Third Party,No,No,0.0045105714616431765,Low
15321,Feb,Pontiac,Policy Holder,No,No,0.5740211340208932,Medium
15322,Sep,Pontiac,Third Party,No,No,0.03776030499749834,Low
15323,Sep,Chevrolet,Third Party,No,No,0.0728038355540862,Low
15324,Dec,Toyota,Policy Holder,No,No,0.6085900584073097,High
15325,Dec,Mazda,Third Party,No,No,0.002312993094601561,Low
15326,Dec,Pontiac,Policy Holder,No,No,0.10381635783277013,Low
15327,Dec,Chevrolet,Policy Holder,No,No,0.6836518228390509,High
15328,Nov,Toyota,Policy Holder,No,No,0.4241452144255538,Medium
15329,Jan,Mazda,Third Party,No,No,0.056266659592168713,Low
15330,Jan,Accura,Policy Holder,No,No,0.12060956093439949,Low
15331,Jan,Toyota,Policy Holder,No,No,0.13915389214339824,Low
15332,Feb,Chevrolet,Policy Holder,No,No,0.12460629036642362,Low
15333,Feb,Chevrolet,Policy Holder,No,No,0.600493944740691,High
15334,Feb,Toyota,Policy Holder,No,No,0.7001316327633206,High
15335,Jan,Toyota,Policy Holder,No,No,0.6433454212482091,High
15336,Jan,Toyota,Policy Holder,No,No,0.6526849495382702,High
15337,Oct,Honda,Policy Holder,Yes,No,0.5780934283995878,Medium
15338,Oct,Honda,Third Party,No,No,0.002700705850380978,Low
15339,Sep,Mazda,Policy Holder,No,No,0.30827699838317557,Medium
15340,Dec,Chevrolet,Policy Holder,No,No,0.24074670636238274,Low
15341,Aug,Accura,Third Party,No,No,0.09034680057125855,Low
15342,Nov,Honda,Third Party,No,No,0.03965355214122555,Low
15343,Jun,Mazda,Third Party,No,No,0.12792794190941037,Low
15344,May,Chevrolet,Third Party,No,No,0.05410772888389993,Low
15345,Feb,Chevrolet,Policy Holder,No,No,0.4911745535642294,Medium
15346,Nov,Chevrolet,Policy Holder,No,No,0.49966092715628346,Medium
15347,Jul,Honda,Policy Holder,No,No,0.6818687744597116,High
15348,Apr,Ford,Policy Holder,Yes,No,0.7821505833549145,High
15349,Nov,Honda,Third Party,No,No,0.019965557980800356,Low
15350,Apr,Chevrolet,Policy Holder,No,No,0.038285392495971356,Low
15351,Feb,Honda,Policy Holder,No,No,0.5307887794290411,Medium
15352,Feb,Toyota,Third Party,No,No,0.5283812742884798,Medium
15353,Nov,Chevrolet,Third Party,No,No,0.014637387896036153,Low
15354,Jan,Pontiac,Policy Holder,No,No,0.6445821336559387,High
15355,Jan,Pontiac,Third Party,No,No,0.09801217357708246,Low
15356,Dec,Pontiac,Policy Holder,No,No,0.5718431703972178,Medium
15357,Jun,Honda,Third Party,No,No,0.005359120093551486,Low
15358,Jun,Pontiac,Policy Holder,No,No,0.5883293891288103,Medium
15359,Feb,Honda,Policy Holder,No,No,0.5220158142960567,Medium
15360,Feb,Chevrolet,Policy Holder,No,No,0.7656163423173382,High
15361,Feb,Mazda,Policy Holder,No,No,0.8204811082238889,High
15362,Feb,Honda,Policy Holder,No,No,0.18799047088665718,Low
15363,Jan,Toyota,Policy Holder,No,No,0.7429118754408233,High
15364,Jan,Toyota,Policy Holder,No,No,0.614875894840133,High
15365,Jan,Toyota,Third Party,No,No,0.04644594854744769,Low
15366,Dec,Chevrolet,Policy Holder,No,No,0.11587004025615365,Low
15367,Feb,Honda,Policy Holder,No,No,0.5382467144473617,Medium
15368,Jun,Chevrolet,Policy Holder,No,No,0.12909315805068822,Low
15369,Nov,Pontiac,Policy Holder,No,No,0.4662070424250162,Medium
15370,Mar,Mazda,Policy Holder,No,No,0.6307733441580505,High
15371,Mar,Toyota,Third Party,No,No,0.12490954510398346,Low
15372,Mar,Pontiac,Third Party,No,No,0.052363061007170864,Low
15373,Feb,Mazda,Policy Holder,No,No,0.06098309434996988,Low
15374,Feb,Chevrolet,Policy Holder,No,No,0.1366428480504511,Low
15375,Feb,Pontiac,Policy Holder,No,No,0.09720757871821292,Low
15376,Nov,Pontiac,Policy Holder,No,No,0.4464336356642649,Medium
15377,Jan,Ford,Third Party,No,No,0.07254580468583348,Low
15378,Jan,Chevrolet,Policy Holder,No,No,0.30819506981264533,Medium
15379,Jan,Toyota,Policy Holder,No,No,0.7075096405501823,High
15380,Jan,Honda,Policy Holder,No,No,0.8158637379797294,High
15381,Dec,Pontiac,Policy Holder,No,No,0.07175756786167803,Low
15382,Dec,Honda,Policy Holder,No,No,0.642086004757045,High
15383,Dec,Mazda,Policy Holder,No,No,0.6829833145870462,High
15384,Dec,Honda,Policy Holder,No,No,0.06231950186109914,Low
15385,Dec,Chevrolet,Third Party,No,No,0.003260594815101149,Low
15386,Dec,Pontiac,Policy Holder,No,No,0.6788156267552172,High
15387,Dec,Toyota,Policy Holder,No,No,0.6688608179757073,High
15388,Jan,Jaguar,Policy Holder,No,No,0.8656179269075447,High
15389,Jan,Toyota,Policy Holder,No,No,0.6087356901289046,High
15390,Jan,Chevrolet,Policy Holder,No,No,0.07912147243280575,Low
15391,Jan,Mazda,Policy Holder,No,No,0.6109665960464561,High
15392,Jan,Pontiac,Policy Holder,No,No,0.5181055249452178,Medium
15393,Jan,Honda,Third Party,No,No,0.09164349893018277,Low
15394,Jan,Mazda,Policy Holder,No,No,0.5247153770311447,Medium
15395,Jan,Pontiac,Policy Holder,No,No,0.10527975063526573,Low
15396,Nov,VW,Third Party,Yes,No,0.012556237943754336,Low
15397,Jan,Toyota,Policy Holder,No,No,0.666504821286548,High
15398,Jan,Mazda,Third Party,No,No,0.02763444218296969,Low
15399,Jan,Toyota,Policy Holder,No,No,0.16918672581067065,Low
15400,Jan,Ford,Policy Holder,No,No,0.8644565330330517,High
15401,Jan,Honda,Third Party,No,No,0.07842439629414677,Low
15402,Jan,Pontiac,Third Party,No,No,0.04098520000724902,Low
15403,Jan,Toyota,Policy Holder,No,No,0.8471606952221143,High
15404,Nov,Pontiac,Third Party,No,No,0.023067310031257237,Low
15405,Nov,Toyota,Policy Holder,No,No,0.6853231823849157,High
15406,Nov,Pontiac,Policy Holder,No,No,0.42367145087655667,Medium
15407,Nov,Ford,Third Party,No,No,0.032651149065337115,Low
15408,Nov,Pontiac,Policy Holder,No,No,0.048493341491562945,Low
15409,Nov,Toyota,Policy Holder,No,No,0.6253704175283391,High
15410,Nov,Mazda,Policy Holder,No,No,0.4067898804674737,Medium
15411,Nov,Dodge,Third Party,No,No,0.006863074748231227,Low
15412,Nov,Honda,Third Party,No,No,0.034624368273742004,Low
15413,Nov,Pontiac,Policy Holder,No,No,0.05713381325634288,Low
15414,Nov,Mazda,Policy Holder,Yes,No,0.040652571884233706,Low
15415,Nov,Chevrolet,Third Party,No,No,0.012898789666058764,Low
15416,Nov,Toyota,Policy Holder,No,No,0.49713693981957363,Medium
15417,Nov,Pontiac,Policy Holder,No,No,0.09301558612305666,Low
15418,Nov,Toyota,Policy Holder,No,No,0.5195950722512883,Medium
15419,Dec,Toyota,Third Party,No,No,0.036779545525079865,Low
15420,Dec,Toyota,Policy Holder,No,No,0.5327467626644554,Medium
